variable,label,type,n_labels,n_unique,missing,missing_rate
SCR_INFO00_06F,Frequency of Use: Other smartphone mirroring system,categorical,5,3,9935,0.9998
SCR_COMMERCIAL_USE,Proportion of commercial use,numeric,0,17,9890,0.9953
SCR_INFO00_06H,Frequency of Use: Vivo Jovi InCar,categorical,5,6,9666,0.9727
SCR_INFO00_06G,Frequency of Use: HUAWEI HiCar,categorical,5,6,9433,0.9493
AFUEL_D_09_R4,At high speeds (50 miles per hour and higher),multi,2,3,9343,0.9402
AFUEL_D_09_R6,When AC is on,multi,2,3,9343,0.9402
AFUEL_D_09_R10,With a full load (passenger/cargo),multi,2,3,9343,0.9402
AFUEL_D_09_R9,When going over a bump,multi,2,3,9343,0.9402
AFUEL_D_09_R8,On rough pavement/bumpy roads,multi,2,3,9343,0.9402
AFUEL_D_09_R7,On smooth pavement,multi,2,3,9343,0.9402
AFUEL_D_09_R11,With a light load (driver only),multi,2,3,9343,0.9402
AFUEL_D_09_R5,In cold weather,multi,2,3,9343,0.9402
AFUEL_D_09_R97,Other,multi,2,3,9343,0.9402
AFUEL_D_09_R3,At moderate speeds (25 to 49 miles per hour),multi,2,3,9343,0.9402
AFUEL_D_09_R2,At low speeds (less than 25 miles per hour),multi,2,3,9343,0.9402
AFUEL_D_09_R1,Under all driving conditions/at all times,multi,2,3,9343,0.9402
SCR_INFO00_06B,Frequency of Use: Apple CarPlay,categorical,5,6,9304,0.9363
SCR_INFO00_06E,Frequency of Use: Carlife,categorical,5,6,9234,0.9293
AENT_R_04,AENT04: Ease of getting in/out of the third row seats,rating,11,10,9047,0.9104
YPV_02_SERIES,YPV_02_SERIES: Vehicle Replaced - Series,categorical,1021,350,8658,0.8713
YPV_02_MAKE,YPV_02_MAKE: Vehicle Replaced - Make,categorical,100,74,8658,0.8713
SCR_INFO00_04_01_R97,Others,multi,2,3,8123,0.8174
SCR_INFO00_04_01_R4,Carlife,multi,2,3,8123,0.8174
SCR_INFO00_04_01_R2,HUAWEI HiCar,multi,2,3,8123,0.8174
SCR_INFO00_04_01_R1,Apple CarPlay,multi,2,3,8123,0.8174
SCR_INFO00_04_01_R3,Vivo Jovi InCar,multi,2,3,8123,0.8174
KM_AFUEL,Average fuel consumption(L/100km),numeric,0,27,7491,0.7538
YPV_03_MAKE,YPV_03_MAKE: Last Vehicle Acquired - Make,categorical,100,83,7456,0.7503
YPV_03_SERIES,YPV_03_SERIES: Last Vehicle Acquired - Series,categorical,1021,468,7456,0.7503
SCR_INFO00_04,Smartphone mirroring system,categorical,3,4,6973,0.7017
YNV_02,YNV_02: Wireless Phone Manufacturer,categorical,18,19,6954,0.6998
YNV_01,YNV_01: Wireless Phone Service Provider,categorical,4,5,6954,0.6998
SMTPHONE_OPSYSTEM,SMTPHONE_OPSYSTEM: Operating System Connected Smartphone,categorical,4,5,6954,0.6998
SCR_G_6,Turbocharging System,categorical,2,3,6752,0.6795
SCR_G_5,Vehicle Displacement,categorical,39,4,6752,0.6795
ASFTY_D_02,Safety: Love Most,categorical,13,13,5968,0.6006
ASET_D_02,Setting Up/Starting: Love Most: Process of starting vehicle,categorical,12,13,5920,0.5958
ACHAR_D_09_R2,The information is accurate,multi,2,3,5603,0.5639
ACHAR_D_09_R6,Price list is clear,multi,2,3,5603,0.5639
ACHAR_D_09_R97,Other,multi,2,3,5603,0.5639
ACHAR_D_09_R3,Easy to find,multi,2,3,5603,0.5639
ACHAR_D_09_R1,There are many charging piles,multi,2,3,5603,0.5639
ACHAR_D_09_R4,Low service charge,multi,2,3,5603,0.5639
ACHAR_D_08,Which third-party smartphone apps do you most often use to looking for charging stations?,categorical,10,11,5603,0.5639
ACHAR_D_09_R5,Easy to pay,multi,2,3,5603,0.5639
AEXT_D_02,Exterior: Love Most: Exterior styling,categorical,17,18,5428,0.5462
AEXT_D_01,Exterior: Most Improved: Exterior styling,categorical,17,18,4509,0.4538
ASET_D_01,Setting Up/Starting: Most Improved: Process of starting vehicle,categorical,12,13,4017,0.4042
ASFTY_D_01,Safety: Most Improved,categorical,13,14,3969,0.3994
NEV_07,NEV_07: Do you share this parking space with others,categorical,3,4,3932,0.3957
NEV_06_R97,Others,multi,2,3,3932,0.3957
NEV_06_R3,Using wire connected to sockets on the wall,multi,2,3,3932,0.3957
NEV_06_R2,Charging port,multi,2,3,3932,0.3957
NEV_06_R1,Wallbox,multi,2,3,3932,0.3957
ASET_R_01,ASET01: Operating vehicle remotely using a phone/watch/smart home device,rating,11,11,3927,0.3952
SCR_BAT000_01,Battery Capacity,numeric,0,89,3791,0.3815
KB_HWGT_1C,Weight (kilograms),numeric,0,98,3380,0.3401
HEIGHT,Height (centimeters),numeric,71,46,3360,0.3381
ACHAR_D_03,How many minutes does it take to fully charge your vehicle when using fast charge?,numeric,0,111,2202,0.2216
AINFO_R_04,AINFO04: Experience of using navigation in your vehicle,rating,11,11,2185,0.2199
ACHAR_D_01,How many hours does it take to fully charge your vehicle when using normal charge?,numeric,0,33,2103,0.2116
AINFO_D_01D,Infotainment: System Preference: Using navigation,categorical,6,5,1796,0.1807
SCR_INFO00_05,Frequency of use: Built-in navigation system,categorical,5,6,1796,0.1807
NEV_13a,NEV_13a: Average Driving Hours per day,numeric,0,17,1520,0.153
NEV_09_R1,At home,multi,2,3,1489,0.1498
ACHAR_D_04_END,What is the SOC (state of charge) when you usually stop fast charging your vehicle,categorical,11,11,1489,0.1498
ACHAR_D_04_START,What is the SOC (state of charge) when you usually start fast charging your vehicle,categorical,11,12,1489,0.1498
NEV_09_R2,At work,multi,2,3,1489,0.1498
NEV_09_R3,Public parking lots (e.g. in malls/hotels),multi,2,3,1489,0.1498
NEV_09_R4,Charging ports by the road or in gas station,multi,2,3,1489,0.1498
NEV_09_R97,Others,multi,2,3,1489,0.1498
NEV_15,NEV_15: Expectation of Normal Charging Time (Hours),numeric,0,16,1386,0.1395
NEV_16,NEV_16: Expectation of Fast Charging Time (Minutes),numeric,0,81,1275,0.1283
NEV_05_R2,"Yes, at work",multi,2,3,1153,0.116
NEV_05_R1,"Yes, at home",multi,2,3,1153,0.116
NEV_04_R97,Others,multi,2,3,1153,0.116
NEV_04_R4,Charging ports by the road or in gas station,multi,2,3,1153,0.116
NEV_04_R3,Public parking lots (e.g. in malls/hotels),multi,2,3,1153,0.116
NEV_04_R2,At work,multi,2,3,1153,0.116
NEV_04_R1,At home,multi,2,3,1153,0.116
NEV_05_R99,No,multi,2,3,1153,0.116
NEV_03_R3,NEV_03: Most often Used Normal Charging Equipment_Adaptor,categorical,3,4,1153,0.116
NEV_03_R2,NEV_03: Most often Used Normal Charging Equipment_Charge cable,categorical,3,4,1153,0.116
NEV_05_R3,"Yes, in public parking lots",multi,2,3,1153,0.116
NEV_03_R1,NEV_03: Most often Used Normal Charging Equipment_Charge station,categorical,3,4,1153,0.116
ACHAR_D_02_START,What is the SOC (state of charge) when you usually start normal charging your vehicle,categorical,11,12,1153,0.116
ACHAR_D_02_END,What is the SOC (state of charge) when you usually stop normal charging your vehicle,categorical,11,11,1153,0.116
NEV_02_R3,Using charging wallbox,multi,2,3,1153,0.116
NEV_02_R2,Using charging station,multi,2,3,1153,0.116
NEV_02_R1,Using wire connected to sockets on the wall,multi,2,3,1153,0.116
AGE,Age,numeric,0,46,1152,0.1159
AGE_BUCKETS,AGE BUCKETS,categorical,12,12,1152,0.1159
NEV_14,NEV_14: Expectation of Electric Driving Range,numeric,0,279,1091,0.1098
K_AFUEL_D_05,Average pure-electric range with full charge - Kilometers,numeric,0,333,894,0.09
CN_NUMBER_HOUSEHOLD,Number in Household (including yourself),numeric,0,10,712,0.0717
CN_YNV_07,CN_YNV_07: Vehicle Price,numeric,0,1973,487,0.049
NEV_12,NEV_12: Current Kilometers,numeric,0,1285,486,0.0489
ACHAR_R_04,ACHAR04: Fast charging speed,rating,11,11,405,0.0408
ACHAR_R_05,ACHAR05: Normal charging speed,rating,11,11,162,0.0163
ASFTY_R_04,ASFTY04: Experience of using your vehicle's safety systems,rating,11,11,156,0.0157
AINFO_R_03,AINFO03: Experience of using voice assistance in your vehicle,rating,11,11,129,0.013
ASFTY_R_02,ASFTY02: How well you feel your vehicle would protect you in an accident,rating,11,11,123,0.0124
ASFTY_R_03,ASFTY03: Experience of using your vehicle's driver assistance systems,rating,11,11,111,0.0112
ACMFT_R_02,ACMFT02: Comfort of the rear seats,rating,11,11,39,0.0039
AINFO_R_02,AINFO02: Experience of making and receiving phone calls in your vehicle,rating,11,11,33,0.0033
AINFO_R_06,AINFO06: Usefulness of all other functions of the infotainment system,rating,11,11,33,0.0033
ACHAR_R_03,ACHAR03: Charging facility designing (position and ease of use of charging ports or wallbox),rating,11,10,28,0.0028
AENT_R_03,AENT03: Ease of getting in/out of the [rear/second row] seats,rating,11,11,28,0.0028
ACHAR_R_08,ACHAR08: Storing and taking out of your vehicle's charging cable,rating,11,11,26,0.0026
ACHAR_R_02,ACHAR02: Length of the charging cable,rating,11,11,25,0.0025
AINFO_R_01,AINFO01: Experience of playing audio in your vehicle,rating,11,11,14,0.0014
ACHAR_R_06,ACHAR06: Convenience of charging (convenience to find charging facilities when needed),rating,11,11,6,0.0006
AINFO_R_05,AINFO05: Sound quality of your vehicle's audio system,rating,11,11,4,0.0004
ASFTY_R_01,ASFTY01: How easy it is to safely maneuver your vehicle in and out of traffic and tight parking spaces,rating,11,10,4,0.0004
ASET_R_03,ASET03: Experience of getting your vehicle set up just the way you want,rating,11,11,4,0.0004
ADRV_R_03,ADRV03: How well your vehicle steers/handles in slippery conditions,rating,11,11,4,0.0004
AINT_R_01,AINT01: Vehicle's ability to carry everything you want,rating,11,11,3,0.0003
ACHAR_R_01,ACHAR01: Charging inlet design (position and ease of use),rating,11,10,3,0.0003
APERF_R_03,APERF03: Sound of your vehicle's engine/motor,rating,11,10,2,0.0002
APERF_R_01,APERF01: Smoothness of your vehicle's engine/motor,rating,11,11,2,0.0002
AINT_R_05,AINT05: Attractiveness of your vehicle's screens and displays,rating,11,11,2,0.0002
ACMFT_R_04,ACMFT04: How well your vehicle's interior stays at the desired temperature,rating,11,11,1,0.0001
ADRV_R_02,ADRV02: How well your vehicle steers/handles in normal conditions,rating,11,10,1,0.0001
ACMFT_R_01,ACMFT01: Comfort of the driver's seat,rating,11,11,1,0.0001
APERF_R_02,APERF02: Power of your vehicle's engine/motor,rating,11,11,1,0.0001
ACHAR_R_07,ACHAR07: Ease of reading charging status,rating,11,10,1,0.0001
ASET_R_02,ASET02: How your vehicle makes you feel when you start it up,rating,11,11,1,0.0001
YNV_CN_6_8,Independent <-> Cooperative,scale7,7,7,0,0.0
YNV_CN_6_9,Affordable <-> High price,scale7,7,7,0,0.0
AFUEL_R_01,AFUEL01: Overall fuel economy and driving range of your vehicle/driving range and speed of charging your vehicle,rating,11,10,0,0.0
YNV_CN_6_6,Classic <-> Modern/Trendy,scale7,7,7,0,0.0
ACMFT_R_05,ACMFT05: Overall how comfortable your vehicle is to be in,rating,11,9,0,0.0
YNV_CN_6_7,Customer orientation <-> Deal orientation,scale7,7,7,0,0.0
AINT_D_01a_R97,Other,multi,2,2,0,0.0
YNV_CN_6_5,Ordinary to Drive <-> Fun to Drive,scale7,7,7,0,0.0
YNV_CN_6_4,Mature <-> Young/energetic,scale7,7,7,0,0.0
YNV_CN_6_3,Unreliable <-> Reliable,scale7,7,7,0,0.0
ACMFT_R_03,ACMFT03: Quietness of your vehicle's cabin while driving,rating,11,10,0,0.0
YNV_CN_6_1,Traditional <-> Innovative,scale7,7,7,0,0.0
APEAL_OSAT,APEAL_OSAT: Your New Vehicle Overall Owning and Driving Experience,rating,11,10,0,0.0
ACHAR_R_09,"ACHAR09: Overall, the experience of charging your vehicle",rating,11,10,0,0.0
ACHAR_D_07_R97,Other,multi,2,2,0,0.0
ACHAR_D_07_R6,Only charge at home,multi,2,2,0,0.0
YNV_CN_6_2,No Frills <-> Luxurious,scale7,7,7,0,0.0
YNV_CN_6_11,Copycat <-> Industry pioneer,scale7,7,7,0,0.0
YNV_CN_6_10,Conservative <-> Ambitious,scale7,7,7,0,0.0
CN_MARITAL_STATUS,Marital status,categorical,6,4,0,0.0
CN_OCCUPATION,Occupation,categorical,16,15,0,0.0
CN_INCOME,Monthly household income Buckets,categorical,8,8,0,0.0
CN_EDUCATION,Highest Education Degree,categorical,8,7,0,0.0
GENERATION2,GENERATION2,categorical,7,7,0,0.0
ASFTY_R_05,ASFTY05: Effectiveness of your vehicle's headlights,rating,11,10,0,0.0
ASFTY_R_06,ASFTY06: Overall how safe your vehicle makes you feel,rating,11,8,0,0.0
GENERATION,GENERATION,categorical,5,5,0,0.0
GENDER,Gender,categorical,3,3,0,0.0
AINFO_R_07,AINFO07: Overall infotainment experience in your vehicle,rating,11,10,0,0.0
CONNECT_SMTPHONE,CONNECT_SMTPHONE: Connect Smartphone,categorical,2,2,0,0.0
YPV_05,YPV_05: No. of vehicles in your household,numeric,0,7,0,0.0
YPV_01,"YPV_01: First, Additional or Replacement Vehicle",categorical,3,3,0,0.0
YNV_CN_6_14,Bad Reputation <-> Good Reputation,scale7,7,7,0,0.0
YNV_CN_6_13,Traditional technology <-> cutting-edge technology,scale7,7,7,0,0.0
YNV_CN_6_12,Environmentally Ordinary <-> Environmentally Friendly,scale7,7,7,0,0.0
ACHAR_D_07_R2,Using OEM's smartphone apps,multi,2,2,0,0.0
ACHAR_D_07_R3,Using third-party smartphone apps,multi,2,2,0,0.0
AINT_D_01_R1,Cellphone,multi,2,2,0,0.0
AINT_D_01a_R8,Umbrellas,multi,2,2,0,0.0
AINT_D_01_R2,Satchels/Bags,multi,2,2,0,0.0
APERF_D_01,Most Improved - Power of vehicle's engine/motor,categorical,4,4,0,0.0
AINT_D_07,Love Most - Operating interface of the air conditioning system,categorical,5,5,0,0.0
AINT_D_06,Most Improved - Operating interface of the air conditioning system,categorical,5,5,0,0.0
AINT_D_05,Love Most - Screens/displays,categorical,8,8,0,0.0
AINT_D_04,Most Improved - Screens/displays,categorical,8,8,0,0.0
AINT_D_03,Number of screens/displays (including the dashboard) in vehicle,categorical,4,4,0,0.0
ADRV_R_05,ADRV05: Overall driving feel of your vehicle,rating,11,9,0,0.0
AINT_D_02_R8,Fabric,multi,2,2,0,0.0
AINT_D_02_R7,Piano paint panel,multi,2,2,0,0.0
AINT_D_02_R6,Plastic/Rubber,multi,2,2,0,0.0
AINT_D_01a_R3,Keychain/Keybag,multi,2,2,0,0.0
AINT_D_02_R5,Carbon fiber,multi,2,2,0,0.0
AINT_D_02_R4,Suede,multi,2,2,0,0.0
AINT_D_02_R3,Leather,multi,2,2,0,0.0
AINT_D_02_R2,Chrome/other metal,multi,2,2,0,0.0
AINT_D_02_R1,Wood,multi,2,2,0,0.0
AINT_D_01a_R98,None of above,multi,2,2,0,0.0
AINT_D_01a_R4,Cups/Drink containers,multi,2,2,0,0.0
AINT_D_01a_R5,Glasses/Sunglasses,multi,2,2,0,0.0
AINT_D_01a_R6,Data cable/U disk,multi,2,2,0,0.0
AINT_D_01a_R7,Cards/Bills,multi,2,2,0,0.0
ADRV_D_01,Type of Driving,categorical,3,3,0,0.0
ADRV_D_02,Road condition encountered most often,categorical,5,4,0,0.0
AINFO_D_01A,Infotainment: System Preference: Playing audio,categorical,6,4,0,0.0
ACHAR_D_06_R97,Other,multi,2,2,0,0.0
AINT_D_01_R3,Keychain/Keybag,multi,2,2,0,0.0
AINT_D_01_R4,Cups/Drink containers,multi,2,2,0,0.0
AINT_D_01_R5,Glasses/Sunglasses,multi,2,2,0,0.0
AINT_D_01_R6,Data cable/U disk,multi,2,2,0,0.0
AINT_D_01_R7,Cards/Bills,multi,2,2,0,0.0
AINT_D_01_R8,Umbrellas,multi,2,2,0,0.0
AINT_D_01_R97,Others,multi,2,2,0,0.0
AINT_D_01a_R1,Cellphone,multi,2,2,0,0.0
ACHAR_D_07_R1,On built-in navigation system,multi,2,2,0,0.0
ACHAR_D_06_R3,Using a smartphone app,multi,2,2,0,0.0
AINFO_D_01B,Infotainment: System Preference: Making and receiving phone calls,categorical,6,4,0,0.0
ACHAR_D_06_R2,Remote control key,multi,2,2,0,0.0
ACHAR_D_06_R1,Manually open the charging door/cap,multi,2,2,0,0.0
AINT_D_01a_R2,Satchels/Bags,multi,2,2,0,0.0
ACHAR_D_05,How does the time required to charge your vehicle compare with your expectations?,categorical,4,4,0,0.0
AFUEL_D_07,What type of charger do you normally use to charge your vehicle?,categorical,4,4,0,0.0
AFUEL_D_06,Pure-electric range compared to expectations with full charge,categorical,3,3,0,0.0
ACMFT_D_02,Love Most - Air conditioning system,categorical,8,8,0,0.0
ACMFT_D_01,Most Improved - Air conditioning system,categorical,8,8,0,0.0
AINFO_D_01C,Infotainment: System Preference: Using voice assistance,categorical,6,5,0,0.0
AINT_D_02_R97,Others,multi,2,2,0,0.0
APEAL_WT,,numeric,0,777,0,0.0
ADRV_R_04,"ADRV04: Performance of your vehicle's brakes (including stopping power, smoothness)",rating,11,10,0,0.0
SCR_INFO00_03,Built-in Wi-Fi,categorical,3,3,0,0.0
SCR_SEAT00_01_R6,Sliding Adjustment: Front passenger seat - Don't know,multi,2,2,0,0.0
SCR_SEAT00_01_R5,Sliding Adjustment: Front passenger seat - Power operated,multi,2,2,0,0.0
SCR_SEAT00_01_R4,Sliding Adjustment: Front passenger seat - Manually operated,multi,2,2,0,0.0
SCR_SEAT00_01_R3,Sliding Adjustment: Driver seat - Don't know,multi,2,2,0,0.0
SCR_SEAT00_01_R2,Sliding Adjustment: Driver seat - Power operated,multi,2,2,0,0.0
SCR_SEAT00_01_R1,Sliding Adjustment: Driver seat - Manually operated,multi,2,2,0,0.0
SCR_INFO00_07,Built-in Voice Recognition,categorical,3,3,0,0.0
SCR_INFO00_02,Built-in navigation system,categorical,3,3,0,0.0
SCR_SEAT00_01_R8,Sliding Adjustment: Rear (2nd row) seats - Power operated,multi,2,2,0,0.0
SCR_INFO00_01,Built-in rear seat entertainment system,categorical,3,3,0,0.0
SCR_DRA00_10,Lane keeping assistance,categorical,3,3,0,0.0
SCR_DRA00_09,Lane departure warning,categorical,3,3,0,0.0
SCR_DRA00_08,Blind spot warning,categorical,3,3,0,0.0
SCR_DRA00_07,Active parking assistance,categorical,3,3,0,0.0
SCR_DRA00_06,Parking sensors,categorical,3,3,0,0.0
SCR_DRA00_05,Parking cameras,categorical,3,3,0,0.0
SCR_SEAT00_01_R7,Sliding Adjustment: Rear (2nd row) seats - Manually operated,multi,2,2,0,0.0
SCR_SEAT00_01_R9,Sliding Adjustment: Rear (2nd row) seats - No adjustment,multi,2,2,0,0.0
ADRV_R_01,ADRV01: Comfort of your vehicle's ride,rating,11,10,0,0.0
SCR_SEAT00_02_R5,Reclining Adjustment: Front passenger seat - Power operated,multi,2,2,0,0.0
SCR_SEAT00_02_R12,Reclining Adjustment: Third row seats - Power operated,multi,2,2,0,0.0
SCR_SEAT00_02_R11,Reclining Adjustment: Third row seats - Manually operated,multi,2,2,0,0.0
SCR_SEAT00_02_R10,Reclining Adjustment: Rear (2nd row) seats - Don't know,multi,2,2,0,0.0
SCR_SEAT00_02_R9,Reclining Adjustment: Rear (2nd row) seats - No adjustment,multi,2,2,0,0.0
SCR_SEAT00_02_R8,Reclining Adjustment: Rear (2nd row) seats - Power operated,multi,2,2,0,0.0
SCR_SEAT00_02_R7,Reclining Adjustment: Rear (2nd row) seats - Manually operated,multi,2,2,0,0.0
SCR_SEAT00_02_R6,Reclining Adjustment: Front passenger seat - Don't know,multi,2,2,0,0.0
SCR_SEAT00_02_R4,Reclining Adjustment: Front passenger seat - Manually operated,multi,2,2,0,0.0
SCR_SEAT00_01_R10,Sliding Adjustment: Rear (2nd row) seats - Don't know,multi,2,2,0,0.0
SCR_SEAT00_02_R3,Reclining Adjustment: Driver seat - Don't know,multi,2,2,0,0.0
SCR_SEAT00_02_R2,Reclining Adjustment: Driver seat - Power operated,multi,2,2,0,0.0
SCR_SEAT00_02_R1,Reclining Adjustment: Driver seat - Manually operated,multi,2,2,0,0.0
SCR_SEAT00_01_R14,Sliding Adjustment: Third row seats - Don't know,multi,2,2,0,0.0
SCR_SEAT00_01_R13,Sliding Adjustment: Third row seats - No adjustment,multi,2,2,0,0.0
SCR_SEAT00_01_R12,Sliding Adjustment: Third row seats - Power operated,multi,2,1,0,0.0
SCR_SEAT00_01_R11,Sliding Adjustment: Third row seats - Manually operated,multi,2,2,0,0.0
SCR_DRA00_04,Automatic emergency braking,categorical,3,3,0,0.0
SCR_DRA00_03,Forward collision warning,categorical,3,3,0,0.0
SCR_DRA00_02,Cruise control,categorical,3,3,0,0.0
ORIGIN2_DP,Domestic Traditional,categorical,3,3,0,0.0
SCR_TWO_SEATER,Two-Seater,categorical,2,2,0,0.0
SCR_CONVERTIBLE,Convertible,categorical,2,2,0,0.0
SCR_BODYTYPE,Vehicle Body Type,categorical,11,8,0,0.0
SEGMENT_DP,Segment,categorical,17,13,0,0.0
SUPER_SEGMENT_DP,Super Segment - BEV/PHEV,categorical,2,2,0,0.0
PREMMODEL_DP,Model - Premium/Non-Premium,categorical,2,2,0,0.0
ORIGIN3_DP,OEM TYPE,categorical,4,4,0,0.0
SUB_SUB_ORIGIN_DP,Orign Country,categorical,9,5,0,0.0
SCR_DRA00_01,Adaptive cruise control,categorical,3,3,0,0.0
SUB_ORIGIN_DP,Origin Region,categorical,3,3,0,0.0
ORIGIN_CN_DP,Origin - Premium/Mass International/Mass Domestic,categorical,4,4,0,0.0
ORIGIN_DP,Origin - Domestic/International,categorical,2,2,0,0.0
BODYTYPE_DP,Vehicle Body Type,categorical,3,3,0,0.0
PREMMAKE_DP,Make - Premium/Non-Premium,categorical,2,2,0,0.0
MAKE_DP,Make of Vehicle,categorical,48,48,0,0.0
CITY_TIER_DP,CITY_TIER_DP,categorical,4,4,0,0.0
SCR_SLIDING_DOOR,Sliding Door(s),categorical,2,2,0,0.0
SCR_REAR_DOOR,Rear Door(s),categorical,2,2,0,0.0
SCR_THIRD_ROW,Third Row Seat(s),categorical,2,2,0,0.0
SCR_DRIVESIDE,Driveside,categorical,2,1,0,0.0
SCR_FCD00_02,Smartphone app installed,categorical,3,3,0,0.0
SCR_FCD00_01,Head-up display,categorical,3,3,0,0.0
SCR_DEL_M,Delivery Date-Month,categorical,12,8,0,0.0
SCR_DEL_Y,Delivery Date-Year,scale7,6,2,0,0.0
SCR_USE_TYPE,Commercial or Private Use,categorical,2,2,0,0.0
SCR_G_2_R97,Other,multi,2,2,0,0.0
SCR_G_2_R4,Brown,multi,2,2,0,0.0
SCR_G_2_R3,Beige/Tan,multi,2,2,0,0.0
SCR_G_2_R2,Grey,multi,2,2,0,0.0
SCR_G_2_R1,Black,multi,2,2,0,0.0
SCR_G_1,Vehicle Exterior Color,categorical,7,7,0,0.0
SCR_G_4,Automatic Transmission Type,categorical,5,3,0,0.0
SCR_G_3,Transmission Type,categorical,2,1,0,0.0
SCR_FUEL_TYPE,Fuel Type,scale7,7,2,0,0.0
SCR_G_7,Drive Type,categorical,3,2,0,0.0
SCR_SEAT00_02_R13,Reclining Adjustment: Third row seats - No adjustment,multi,2,2,0,0.0
SCR_SEAT00_02_R14,Reclining Adjustment: Third row seats - Don't know,multi,2,2,0,0.0
SCR_SEAT00_03_R1,Height Adjustment: Driver seat - Manually operated,multi,2,2,0,0.0
NEV_11D,"NEV_11: Usage Frequency - Outdoor activities (e.g., camping, biking, skiing, hunting)",categorical,6,6,0,0.0
AENT_Index,Getting In and Out Index,numeric,0,1485,0,0.0
ASET_Index,Setting Up and Starting Index,numeric,0,256,0,0.0
AEXT_Index,Exterior Index,numeric,0,10,0,0.0
APEAL_Index,APEAL Index,numeric,0,9919,0,0.0
NEV_11G,NEV_11: Usage Frequency - Driving for fun,categorical,6,6,0,0.0
NEV_11F,NEV_11: Usage Frequency - Towing,categorical,6,6,0,0.0
NEV_11E,NEV_11: Usage Frequency - Off-road uses,categorical,6,6,0,0.0
NEV_11C,"NEV_11: Usage Frequency - Personal/family uses (e.g., shopping, errands, visiting friends)",categorical,6,6,0,0.0
SCR_BAT000_02_R5,XJ,multi,2,2,0,0.0
NEV_11B,NEV_11: Usage Frequency - Business/work-related uses (non-commuting),categorical,6,6,0,0.0
NEV_11A,NEV_11: Usage Frequency - Commuting to work/school,categorical,6,6,0,0.0
SCR_BAT000_02_R99,Don't know,multi,2,2,0,0.0
SCR_BAT000_02_R97,Other,multi,2,2,0,0.0
SCR_BAT000_02_R9,Star Charge,multi,2,2,0,0.0
SCR_BAT000_02_R8,TITANS,multi,2,2,0,0.0
SCR_BAT000_02_R7,NARI,multi,2,2,0,0.0
AINT_Index,Interior Index,numeric,0,1802,0,0.0
APERF_Index,Performance Index,numeric,0,248,0,0.0
ADRV_Index,Driving Feel index,numeric,0,805,0,0.0
ASFTY_Index,Keeping You Safe index,numeric,0,2152,0,0.0
APERF_R_04,APERF04: Vehicle's engine/motor overall,rating,11,9,0,0.0
AINT_R_06,AINT06: Overall feelings about the interior of your vehicle,rating,11,10,0,0.0
AINT_R_04,AINT04: Quality of the materials used inside your vehicle,rating,11,10,0,0.0
AINT_R_03,AINT03: Interior styling of your vehicle,rating,11,10,0,0.0
AINT_R_02,AINT02: Vehicle's ability to hold personal items exactly where you want them,rating,11,10,0,0.0
AENT_R_06,AENT06: Overall experience of getting yourself and your passengers in and out of the vehicle,rating,11,9,0,0.0
AENT_R_05,AENT05: Sound the doors make when you close them,rating,11,10,0,0.0
AENT_R_02,AENT02: Ease of getting in/out of the front seats,rating,11,10,0,0.0
AENT_R_01,AENT01: Ease of loading and unloading your vehicle,rating,11,10,0,0.0
ASET_R_04,ASET04: Overall experience of setting up and starting your vehicle,rating,11,10,0,0.0
AEXT_R_01,AEXT01: Exterior styling of your vehicle,rating,11,10,0,0.0
ACHAR_index,Charging Experience Index,numeric,0,8382,0,0.0
AFUEL_Index,Fuel Economy Index,numeric,0,10,0,0.0
ACMFT_Index,Driving Comfort Index,numeric,0,877,0,0.0
Region_DP,Region_DP,categorical,4,4,0,0.0
SCR_BAT000_02_R6,Potevio,multi,2,2,0,0.0
SCR_BAT000_02_R4,EVPOWER,multi,2,2,0,0.0
SCR_SEAT00_03_R2,Height Adjustment: Driver seat - Power operated,multi,2,2,0,0.0
SCR_SEAT00_04A_R3,Heated seat - Rear (2nd row) seats,multi,2,2,0,0.0
SCR_SEAT00_04B_R4,Ventilated/cooled seat - Third row seats,multi,2,1,0,0.0
SCR_SEAT00_04B_R3,Ventilated/cooled seat - Rear (2nd row) seats,multi,2,2,0,0.0
SCR_SEAT00_04B_R2,Ventilated/cooled seat - Front passenger seat,multi,2,2,0,0.0
SCR_SEAT00_04B_R1,Ventilated/cooled seat - Driver seat,multi,2,2,0,0.0
SCR_SEAT00_04A_R6,Heated seat - Don't know,multi,2,2,0,0.0
SCR_SEAT00_04A_R5,Heated seat - Do not have feature at all,multi,2,2,0,0.0
SCR_SEAT00_04A_R4,Heated seat - Third row seats,multi,2,2,0,0.0
SCR_SEAT00_04A_R2,Heated seat - Front passenger seat,multi,2,2,0,0.0
SCR_BAT000_02_R3,ATCPOWER,multi,2,2,0,0.0
SCR_SEAT00_04A_R1,Heated seat - Driver seat,multi,2,2,0,0.0
SCR_SEAT00_03_R8,Height Adjustment: Front passenger seat - Don't know,multi,2,2,0,0.0
SCR_SEAT00_03_R7,Height Adjustment: Front passenger seat - No adjustment,multi,2,2,0,0.0
SCR_SEAT00_03_R6,Height Adjustment: Front passenger seat - Power operated,multi,2,2,0,0.0
SCR_SEAT00_03_R5,Height Adjustment: Front passenger seat - Manually operated,multi,2,2,0,0.0
SCR_SEAT00_03_R4,Height Adjustment: Driver seat - Don't know,multi,2,2,0,0.0
SCR_SEAT00_03_R3,Height Adjustment: Driver seat - No adjustment,multi,2,2,0,0.0
SCR_SEAT00_04B_R5,Ventilated/cooled seat - Do not have feature at all,multi,2,2,0,0.0
SCR_SEAT00_04B_R6,Ventilated/cooled seat - Don't know,multi,2,2,0,0.0
SCR_SEAT00_04C_R1,Memory seat - Driver seat,multi,2,2,0,0.0
SCR_SEAT00_04C_R2,Memory seat - Front passenger seat,multi,2,2,0,0.0
SCR_BAT000_02_R2,TELD,multi,2,2,0,0.0
SCR_BAT000_02_R1,State Grid Corporation,multi,2,2,0,0.0
NEV_08,NEV_08: Frequency of Fast Charging,categorical,6,6,0,0.0
NEV_01,NEV_01: Frequency of Normal Charging,categorical,6,6,0,0.0
CLMT_SCR00_01,Air Conditioning,categorical,3,1,0,0.0
SCR_SEAT00_04D_R6,Massaging seat - Don't know,multi,2,2,0,0.0
SCR_SEAT00_04D_R5,Massaging seat - Do not have feature at all,multi,2,2,0,0.0
SCR_SEAT00_04D_R4,Massaging seat - Third row seats,multi,2,1,0,0.0
SCR_SEAT00_04D_R3,Massaging seat - Rear (2nd row) seats,multi,2,2,0,0.0
SCR_SEAT00_04D_R2,Massaging seat - Front passenger seat,multi,2,2,0,0.0
SCR_SEAT00_04D_R1,Massaging seat - Driver seat,multi,2,2,0,0.0
SCR_SEAT00_04C_R6,Memory seat - Don't know,multi,2,2,0,0.0
SCR_SEAT00_04C_R5,Memory seat - Do not have feature at all,multi,2,2,0,0.0
SCR_SEAT00_04C_R4,Memory seat - Third row seats,multi,2,1,0,0.0
SCR_SEAT00_04C_R3,Memory seat - Rear (2nd row) seats,multi,2,2,0,0.0
AINFO_Index,Infotainment Index,numeric,0,3715,0,0.0
