freeze,body_type,fuel_type_group,price_bucket,share_delta_pp,gravity_delta,upper_band_growth_pct,CES_score,top3_price_position,receiver_tier,sales,val_sales,val_growth_pct,expanded
2024-03,MPV,其他能源,10-15万,-1.9291680595465905,0.2180557623232069,222.06743991390647,,23696.78642221649,非Receiver,89257.0,61098.0,-31.548225909452476,False
2024-03,MPV,其他能源,15-20万,4.775575752995607,0.2180557623232069,-61.08490959086743,,36453.33734532913,非Receiver,53869.0,39717.0,-26.271139245205966,False
2024-03,MPV,其他能源,20-25万,-4.6727555621299235,0.2180557623232069,180.38569309378607,,47108.11521760754,非Receiver,23351.0,79563.0,240.72630722453,True
2024-03,MPV,其他能源,25-30万,16.892330329789928,0.2180557623232069,-15.47977898720234,,54916.993863721575,非Receiver,204132.0,195815.0,-4.074324456724076,False
2024-03,MPV,其他能源,30-35万,-3.2664506057323024,0.2180557623232069,-71.0870535458842,,66272.40653269319,非Receiver,142720.0,87876.0,-38.42769058295964,False
2024-03,MPV,其他能源,35-40万,-7.926448960772602,0.2180557623232069,663.6792452830189,,72634.60367007312,非Receiver,25265.0,701.0,-97.22541064714031,False
2024-03,MPV,其他能源,40-45万,0.7227266569098998,0.2180557623232069,-12.23768959069188,,85264.90762403353,非Receiver,6476.0,397.0,-93.86967263743051,False
2024-03,MPV,其他能源,45-50万,-0.07307785018850677,0.2180557623232069,99.12747216220707,,98347.59935776234,非Receiver,4224.0,3691.0,-12.618371212121215,False
2024-03,MPV,其他能源,5-10万,-4.4349013071620895,0.2180557623232069,-14.761972974263482,,12548.549990737214,非Receiver,174617.0,143923.0,-17.57789905908359,False
2024-03,MPV,其他能源,50-55万,1.5372222249383092,0.2180557623232069,-69.61885877946685,,104397.16970535988,非Receiver,23963.0,12978.0,-45.841505654550765,False
2024-03,MPV,其他能源,55-60万,-0.40317682827036905,0.2180557623232069,-20.552677029360964,,111160.6282,非Receiver,1379.0,1176.0,-14.720812182741117,False
2024-03,MPV,其他能源,5万以下,-0.5482320013204105,0.2180557623232069,-16.860132934656335,,9141.366847699926,非Receiver,9242.0,2432.0,-73.68534949145207,False
2024-03,MPV,其他能源,60万以上,-0.6736437895109586,0.2180557623232069,,,115802.96352302274,非Receiver,20700.0,19172.0,-7.381642512077291,False
2024-03,MPV,新能源,10-15万,-3.268276075415103,4.588907581974588,-51.891633030033525,,28502.948209428105,非Receiver,7039.0,21661.0,207.72837050717433,True
2024-03,MPV,新能源,15-20万,-19.84422896754077,4.588907581974588,819.7201865423052,,31582.62074153463,非Receiver,7032.0,1539.0,-78.11433447098976,False
2024-03,MPV,新能源,20-25万,3.973421767927085,4.588907581974588,1079.8657718120805,,45216.708756316264,非Receiver,13805.0,38796.0,181.02861282144153,True
2024-03,MPV,新能源,25-30万,1.1450573529965258,4.588907581974588,87.1939113170086,,56894.09651026727,非Receiver,3516.0,12632.0,259.27189988623434,True
2024-03,MPV,新能源,30-35万,-2.1714775576610563,4.588907581974588,1053.9742381401193,,66260.10488353486,非Receiver,5657.0,38007.0,571.8578751988687,True
2024-03,MPV,新能源,35-40万,23.70386767209512,4.588907581974588,181.8662029594147,,75528.41070795686,非Receiver,73462.0,150148.0,104.38866352672132,True
2024-03,MPV,新能源,40-45万,-8.642793747189728,4.588907581974588,,,82392.5767238407,非Receiver,85910.0,26626.0,-69.00710045396346,False
2024-03,MPV,新能源,5-10万,,4.588907581974588,70.89099295945618,,19834.290153846152,非Receiver,117.0,3455.0,2852.991452991453,True
2024-03,MPV,新能源,50-55万,3.3088202514365532,4.588907581974588,,,103824.75522541592,非Receiver,17313.0,11085.0,-35.972968289724484,False
2024-03,MPV,新能源,55-60万,,4.588907581974588,,,111949.0,非Receiver,3544.0,1255.0,-64.58803611738149,False
2024-03,MPV,新能源,60万以上,,4.588907581974588,,,81794.0,非Receiver,247.0,1512.0,512.1457489878543,True
2024-03,SUV,其他能源,10-15万,1.9074296331554166,-0.8812662432684846,20.84966520337406,0.4466282279702465,22884.035009937015,非Receiver,2544885.0,2119964.0,-16.69706096739145,False
2024-03,SUV,其他能源,15-20万,2.954382803815051,-0.8812662432684846,-35.89985248833505,0.3886137147702667,34481.606595775695,Strong Receiver,1500890.0,1080826.0,-27.987660654678226,False
2024-03,SUV,其他能源,20-25万,-4.613747348546748,-0.8812662432684846,34.869753083954656,0.275,44157.67524053135,非Receiver,511457.0,394293.0,-22.907888639709697,False
2024-03,SUV,其他能源,25-30万,1.1005636222008253,-0.8812662432684846,5.627145739605388,0.261646792808227,54666.16620081114,非Receiver,337726.0,446476.0,32.20065970638921,True
2024-03,SUV,其他能源,30-35万,0.0683405434192057,-0.8812662432684846,-66.16624354467734,0.030016447368421,66251.78625245669,非Receiver,380582.0,216336.0,-43.15653394012329,False
2024-03,SUV,其他能源,35-40万,-3.736639224875931,-0.8812662432684846,175.76548948200679,,72026.70598026995,非Receiver,124741.0,149534.0,19.875582206331522,True
2024-03,SUV,其他能源,40-45万,1.0291479077233923,-0.8812662432684846,11.565974652048826,,87385.11613175456,非Receiver,115099.0,52317.0,-54.546086412566574,False
2024-03,SUV,其他能源,45-50万,0.05369408120496155,-0.8812662432684846,-25.16758210962896,,94375.87661766166,非Receiver,57394.0,32258.0,-43.79551869533401,False
2024-03,SUV,其他能源,5-10万,1.4172547230716717,-0.8812662432684846,10.043513474129085,,17334.66945737735,非Receiver,1048526.0,1355209.0,29.248964737164364,True
2024-03,SUV,其他能源,50-55万,-0.18907743015905792,-0.8812662432684846,-6.912215411558664,,103235.22426546163,非Receiver,33379.0,25563.0,-23.4159201893406,False
2024-03,SUV,其他能源,55-60万,-0.02948401811360668,-0.8812662432684846,5.2987009106325145,,114560.29939180208,非Receiver,17009.0,51014.0,199.9235698747722,True
2024-03,SUV,其他能源,60万以上,0.038134707104819476,-0.8812662432684846,,,70703.93723784169,非Receiver,281912.0,189871.0,-32.64884077300718,False
2024-03,SUV,新能源,10-15万,16.559254997073516,-0.7997292132316929,-5.264716217447319,0.4466282279702465,27351.133280407394,Strong Receiver,791600.0,1922807.0,142.9013390601314,True
2024-03,SUV,新能源,15-20万,-15.921978229056762,-0.7997292132316929,58.49153925508492,0.3886137147702667,32959.99544401704,非Receiver,873501.0,1106648.0,26.691097090902005,True
2024-03,SUV,新能源,20-25万,0.04043747049445656,-0.7997292132316929,152.55590528367486,0.275,44238.128079791924,非Receiver,411742.0,561493.0,36.37010555153471,True
2024-03,SUV,新能源,25-30万,7.8550962179490895,-0.7997292132316929,42.77519676973811,0.261646792808227,54461.51197899734,非Receiver,767083.0,926157.0,20.737521233034762,True
2024-03,SUV,新能源,30-35万,-1.2527471474922454,-0.7997292132316929,-25.256029839917403,0.030016447368421,65963.17988201526,非Receiver,432092.0,414639.0,-4.039186099256642,False
2024-03,SUV,新能源,35-40万,-2.4437963544872248,-0.7997292132316929,328.9345449756355,,72133.73068034765,非Receiver,80355.0,23190.0,-71.14056374836663,False
2024-03,SUV,新能源,40-45万,1.6871118709608122,-0.7997292132316929,-48.67097478387061,,84504.68029299958,Receiver,97707.0,83297.0,-14.74817566806882,False
2024-03,SUV,新能源,45-50万,-2.3485900109575555,-0.7997292132316929,93.72024484243934,,92132.45677045858,非Receiver,41383.0,35523.0,-14.160404030640606,False
2024-03,SUV,新能源,5-10万,-4.241271243705387,-0.7997292132316929,573.2895587384752,,16235.445554154887,非Receiver,94158.0,98029.0,4.111174833790021,False
2024-03,SUV,新能源,50-55万,0.1294613629282445,-0.7997292132316929,-3.398058252427183,,106000.62511363163,非Receiver,25635.0,152129.0,493.44255900136534,True
2024-03,SUV,新能源,55-60万,-0.062138658354506104,-0.7997292132316929,1.8789634385030896,,113695.69442747447,非Receiver,3582.0,222.0,-93.80234505862647,False
2024-03,SUV,新能源,5万以下,,-0.7997292132316929,-40.36707706338349,,9102.542082718348,非Receiver,14286.0,4437.0,-68.94162116757666,False
2024-03,SUV,新能源,60万以上,-0.39125881517726535,-0.7997292132316929,,,92152.01439367552,非Receiver,26026.0,11570.0,-55.54445554445555,False
2024-03,跑车,其他能源,25-30万,,1.5119382677870306,-65.90214067278288,,56717.22165881926,非Receiver,251.0,514.0,104.7808764940239,True
2024-03,跑车,其他能源,30-35万,-9.57786161527325,1.5119382677870306,-87.12871287128714,,62237.497113714344,非Receiver,1338.0,,,False
2024-03,跑车,其他能源,35-40万,-3.1602762035457492,1.5119382677870306,,,71635.78513813943,非Receiver,104.0,,,False
2024-03,跑车,其他能源,40-45万,,1.5119382677870306,-14.406779661016945,,87915.40516000005,非Receiver,78.0,886.0,1035.897435897436,True
2024-03,跑车,其他能源,45-50万,1.461947101944534,1.5119382677870306,607.7220077220077,,93520.40244419692,非Receiver,1111.0,496.0,-55.355535553555356,False
2024-03,跑车,其他能源,50-55万,11.453486698539502,1.5119382677870306,-30.202075368651016,,107181.08518555606,非Receiver,1833.0,3307.0,80.41462084015276,True
2024-03,跑车,其他能源,55-60万,0.11772355768280462,1.5119382677870306,-34.08463661453543,,111580.65510872849,非Receiver,2556.0,89.0,-96.51799687010954,False
2024-03,跑车,其他能源,60万以上,-2.5740441999186388,1.5119382677870306,,,115240.70017006993,非Receiver,7165.0,5214.0,-27.229588276343332,False
2024-03,跑车,新能源,15-20万,,,,,38041.83267721116,非Receiver,43.0,106.0,146.51162790697674,True
2024-03,跑车,新能源,20-25万,,,,,41802.14698636592,非Receiver,9038.0,,,False
2024-03,跑车,新能源,30-35万,,,,,67996.15149263924,非Receiver,765.0,440.0,-42.48366013071896,False
2024-03,跑车,新能源,60万以上,,,,,135947.93199999997,非Receiver,20.0,179.0,794.9999999999999,True
2024-03,轿车,其他能源,10-15万,0.12971221820684065,-0.3432614308956623,-11.829140555541562,0.1602097172260074,23842.251161190146,非Receiver,2186322.0,1456072.0,-33.400843974492325,False
2024-03,轿车,其他能源,15-20万,-2.044663362109226,-0.3432614308956623,9.826441704460231,0.2125822368421052,35869.81422469446,非Receiver,1224777.0,1021480.0,-16.598695109395422,False
2024-03,轿车,其他能源,20-25万,0.5064829967819469,-0.3432614308956623,112.14067091947935,0.560032894736842,46245.216766573176,非Receiver,313359.0,306057.0,-2.3302346509913585,False
2024-03,轿车,其他能源,25-30万,3.6517369341339467,-0.3432614308956623,-71.7944783136396,0.4275493421052632,56392.37120221041,Strong Receiver,452600.0,319820.0,-29.33716305788776,False
2024-03,轿车,其他能源,30-35万,-4.500085301071711,-0.3432614308956623,111.02417570297045,,61933.833290515504,非Receiver,121308.0,204278.0,68.39614864642067,True
2024-03,轿车,其他能源,35-40万,2.4586511899663845,-0.3432614308956623,-3.3459277723566716,,74422.63418172735,Receiver,306118.0,178310.0,-41.75122011773238,False
2024-03,轿车,其他能源,40-45万,-0.04323685466089566,-0.3432614308956623,-70.7076617266337,,85705.03809868277,非Receiver,208998.0,131915.0,-36.88217112125475,False
2024-03,轿车,其他能源,45-50万,-1.285091747453635,-0.3432614308956623,135.45000860437102,,95680.39332003728,非Receiver,36546.0,46415.0,27.004323318557443,True
2024-03,轿车,其他能源,5-10万,1.2222496674667127,-0.3432614308956623,-1.6231145332465835,0.4066072704251754,14994.236196492517,Strong Receiver,1709804.0,1563022.0,-8.584726670425379,False
2024-03,轿车,其他能源,50-55万,0.11977222434590151,-0.3432614308956623,-40.65367407295063,,104018.46569044387,非Receiver,13682.0,4223.0,-69.13462944014033,False
2024-03,轿车,其他能源,55-60万,-0.07640453162623342,-0.3432614308956623,-8.442108123360537,,115550.10707253544,非Receiver,7826.0,1233.0,-84.24482494249936,False
2024-03,轿车,其他能源,5万以下,-0.04687322215614589,-0.3432614308956623,2.8930710121806813,0.1199590459844397,9197.877888769774,非Receiver,326.0,,,False
2024-03,轿车,其他能源,60万以上,-0.09225021182388016,-0.3432614308956623,,,111420.33711825145,非Receiver,87609.0,62037.0,-29.18878197445468,False
2024-03,轿车,新能源,10-15万,2.1178206355821203,-1.5147391224795683,29.231657503317756,0.1602097172260074,24333.86379975959,非Receiver,1399422.0,1765556.0,26.163230247916648,True
2024-03,轿车,新能源,15-20万,-0.07341111333747286,-1.5147391224795683,29.43689787226735,0.2125822368421052,34403.549046697546,非Receiver,299926.0,493997.0,64.70629421924075,True
2024-03,轿车,新能源,20-25万,-0.07586064216825861,-1.5147391224795683,-12.852054507506471,0.560032894736842,44790.018053019485,非Receiver,376862.0,442149.0,17.323847986796224,True
2024-03,轿车,新能源,25-30万,-2.9162056860628374,-1.5147391224795683,-27.22429996825879,0.4275493421052632,54822.06434826761,非Receiver,216289.0,333096.0,54.00505804733482,True
2024-03,轿车,新能源,30-35万,-1.1343691327488103,-1.5147391224795683,13.221884498480252,,63142.6058663625,非Receiver,52734.0,14712.0,-72.101490499488,False
2024-03,轿车,新能源,35-40万,-0.030702444545283064,-1.5147391224795683,101.06152512998267,,75416.0910649309,非Receiver,7450.0,22626.0,203.70469798657717,True
2024-03,轿车,新能源,40-45万,0.1772472058917352,-1.5147391224795683,-94.10367219494535,,86434.84056207436,非Receiver,18562.0,23688.0,27.615558668246965,True
2024-03,轿车,新能源,45-50万,-1.4949820919741232,-1.5147391224795683,-99.55159495970031,,93602.7603639509,非Receiver,2606.0,,,False
2024-03,轿车,新能源,5-10万,6.167741391409024,-1.5147391224795683,38.087546167425316,0.4066072704251754,15835.655005182218,非Receiver,765226.0,1626002.0,112.48650725406613,True
2024-03,轿车,新能源,50-55万,-0.6220135683500037,-1.5147391224795683,-59.513590844062946,,109813.52999999996,非Receiver,79.0,82.0,3.797468354430378,False
2024-03,轿车,新能源,55-60万,-0.017074895169401708,-1.5147391224795683,26.179245283018872,,119273.1122826855,非Receiver,283.0,138.0,-51.23674911660777,False
2024-03,轿车,新能源,5万以下,-2.087989006218004,-1.5147391224795683,85.39562401726941,0.1199590459844397,8854.399582240843,非Receiver,529977.0,757107.0,42.85657679484205,True
2024-03,轿车,新能源,60万以上,-0.010200652308676617,-1.5147391224795683,,,92735.81357818858,非Receiver,11235.0,7559.0,-32.71918113039608,False
2025-03,MPV,其他能源,10-15万,-2.0341597846730863,-0.649865862755572,-26.271139245205966,,21833.543262525338,非Receiver,61098.0,52761.0,-13.645291171560448,False
2025-03,MPV,其他能源,15-20万,-0.7893443287541819,-0.649865862755572,240.72630722453,,33640.746660310404,非Receiver,39717.0,23285.0,-41.372711936953955,False
2025-03,MPV,其他能源,20-25万,9.271225498146782,-0.649865862755572,-4.074324456724076,,46647.92658176809,Receiver,79563.0,68706.0,-13.645790128577351,False
2025-03,MPV,其他能源,25-30万,3.9954430398212395,-0.649865862755572,-38.42769058295964,,56363.9318183159,Receiver,195815.0,213230.0,8.893598549651461,False
2025-03,MPV,其他能源,30-35万,-4.76649881127271,-0.649865862755572,-97.22541064714031,,61232.442165174114,非Receiver,87876.0,11508.0,-86.90427420456098,False
2025-03,MPV,其他能源,35-40万,-3.134359832789915,-0.649865862755572,-93.86967263743051,0.0724506578947368,76588.6140447136,非Receiver,701.0,670.0,-4.42225392296719,False
2025-03,MPV,其他能源,40-45万,-0.7698996482233322,-0.649865862755572,-12.618371212121215,,80854.53739354241,非Receiver,397.0,,,False
2025-03,MPV,其他能源,45-50万,0.02702743816152453,-0.649865862755572,-45.841505654550765,,96830.72704619693,非Receiver,3691.0,2593.0,-29.748035762665946,False
2025-03,MPV,其他能源,5-10万,-0.21804254248520039,-0.649865862755572,-31.548225909452476,,12062.218195119654,非Receiver,143923.0,123319.0,-14.315988410469483,False
2025-03,MPV,其他能源,50-55万,-1.0742401380860276,-0.649865862755572,-14.720812182741117,,104990.47727045561,非Receiver,12978.0,8198.0,-36.83156110340576,False
2025-03,MPV,其他能源,55-60万,0.004353130762696805,-0.649865862755572,-7.381642512077291,,116256.88958169066,非Receiver,1176.0,,,False
2025-03,MPV,其他能源,5万以下,-0.8110991832684602,-0.649865862755572,-17.57789905908359,,8390.211944560036,非Receiver,2432.0,1013.0,-58.347039473684205,False
2025-03,MPV,其他能源,60万以上,0.29959516266066766,-0.649865862755572,,,115288.57086205987,非Receiver,19172.0,17362.0,-9.4408512413937,False
2025-03,MPV,新能源,10-15万,3.3383530851143544,-3.7824713643373897,-78.11433447098976,,24815.678668710818,Receiver,21661.0,13233.0,-38.90863764369142,False
2025-03,MPV,新能源,15-20万,-2.7640176517398194,-3.7824713643373897,181.02861282144153,,37180.729691172695,非Receiver,1539.0,1131.0,-26.510721247563353,False
2025-03,MPV,新能源,20-25万,5.428824408159257,-3.7824713643373897,259.27189988623434,,46005.88144784896,非Receiver,38796.0,29964.0,-22.76523352922982,False
2025-03,MPV,新能源,25-30万,2.217411018956787,-3.7824713643373897,571.8578751988687,,57768.01772265856,非Receiver,12632.0,49232.0,289.7403419886004,True
2025-03,MPV,新能源,30-35万,8.933182063502922,-3.7824713643373897,104.38866352672132,,67462.60602079834,非Receiver,38007.0,201536.0,430.26021522351147,True
2025-03,MPV,新能源,35-40万,11.805577742983026,-3.7824713643373897,-69.00710045396346,0.0724506578947368,74419.42699459154,Receiver,150148.0,71275.0,-52.53017023203772,False
2025-03,MPV,新能源,40-45万,-31.393994056494414,-3.7824713643373897,,,80837.88639788235,非Receiver,26626.0,1839.0,-93.09321715616315,False
2025-03,MPV,新能源,45-50万,,-3.7824713643373897,-35.972968289724484,,96372.51704137835,非Receiver,22851.0,22836.0,-0.0656426414598954,False
2025-03,MPV,新能源,5-10万,0.9945872467466302,-3.7824713643373897,207.72837050717433,,19629.197864794347,非Receiver,3455.0,8463.0,144.94934876989868,True
2025-03,MPV,新能源,50-55万,-4.591302282780601,-3.7824713643373897,-64.58803611738149,,104745.28101655298,非Receiver,11085.0,18068.0,62.99503834009923,True
2025-03,MPV,新能源,55-60万,-1.24755948315272,-3.7824713643373897,512.1457489878543,,113535.41022407198,非Receiver,1255.0,,,False
2025-03,MPV,新能源,60万以上,0.3452946737933198,-3.7824713643373897,,,81794.0,非Receiver,1512.0,698.0,-53.835978835978835,False
2025-03,SUV,其他能源,10-15万,-1.956601830612037,-1.1139515214296125,-27.987660654678226,0.2350948206403651,26765.82223519311,非Receiver,2119964.0,2031246.0,-4.184882384795219,False
2025-03,SUV,其他能源,15-20万,-3.923010018924664,-1.1139515214296125,-22.907888639709697,0.5003266421767776,32954.38086865627,非Receiver,1080826.0,723136.0,-33.094133560813674,False
2025-03,SUV,其他能源,20-25万,-0.9122980024366969,-1.1139515214296125,32.20065970638921,0.4623355263157894,41429.6458260666,非Receiver,394293.0,340452.0,-13.655073764941294,False
2025-03,SUV,其他能源,25-30万,2.438836178737116,-1.1139515214296125,-43.15653394012329,0.2600328947368421,56240.87215301216,Strong Receiver,446476.0,349213.0,-21.78459760435051,False
2025-03,SUV,其他能源,30-35万,-1.9381041718203784,-1.1139515214296125,19.875582206331522,0.0600328947368421,63338.232516516175,非Receiver,216336.0,162236.0,-25.007395902669916,False
2025-03,SUV,其他能源,35-40万,0.6495704945466367,-1.1139515214296125,-54.546086412566574,,76007.49139794525,非Receiver,149534.0,110856.0,-25.86568940842885,False
2025-03,SUV,其他能源,40-45万,-0.8003519717852108,-1.1139515214296125,-43.79551869533401,,83886.8538244198,非Receiver,52317.0,18573.0,-64.49911118756809,False
2025-03,SUV,其他能源,45-50万,-0.29827022287348093,-1.1139515214296125,-23.4159201893406,,96149.47823633293,非Receiver,32258.0,38049.0,17.952135904271806,True
2025-03,SUV,其他能源,5-10万,7.066038597457759,-1.1139515214296125,-16.69706096739145,,17494.84392284555,Receiver,1355209.0,1317539.0,-2.7796450584374854,False
2025-03,SUV,其他能源,50-55万,-0.06230988709094143,-1.1139515214296125,199.9235698747722,0.3348684210526316,103267.26393012205,非Receiver,25563.0,12901.0,-49.532527481125065,False
2025-03,SUV,其他能源,55-60万,0.5889924390131481,-1.1139515214296125,-32.64884077300718,,118428.46279627536,非Receiver,51014.0,80479.0,57.75865448700357,True
2025-03,SUV,其他能源,5万以下,,-1.1139515214296125,29.248964737164364,,9980.0,非Receiver,6064.0,19224.0,217.01846965699207,True
2025-03,SUV,其他能源,60万以上,-0.9515810240789717,-1.1139515214296125,,,84405.9596106085,非Receiver,189871.0,138798.0,-26.89878917791553,False
2025-03,SUV,新能源,10-15万,14.373231524920826,-1.894527025624555,26.691097090902005,0.2350948206403651,24557.713791252678,非Receiver,1922807.0,1996984.0,3.8577454731546057,False
2025-03,SUV,新能源,15-20万,-3.148493380272928,-1.894527025624555,36.37010555153471,0.5003266421767776,33023.718685734406,非Receiver,1106648.0,958898.0,-13.351128814220958,False
2025-03,SUV,新能源,20-25万,-0.7378221265310607,-1.894527025624555,20.737521233034762,0.4623355263157894,47116.59276266088,非Receiver,561493.0,810860.0,44.41141741749228,True
2025-03,SUV,新能源,25-30万,-3.620114362786545,-1.894527025624555,-4.039186099256642,0.2600328947368421,52757.96896433857,非Receiver,926157.0,909403.0,-1.8089805508137435,False
2025-03,SUV,新能源,30-35万,-4.043964507656699,-1.894527025624555,-71.14056374836663,0.0600328947368421,64571.41810732408,非Receiver,414639.0,414021.0,-0.1490453141166137,False
2025-03,SUV,新能源,35-40万,-1.7617436071443429,-1.894527025624555,-14.74817566806882,,77448.7261843793,非Receiver,23190.0,157820.0,580.5519620526088,True
2025-03,SUV,新能源,40-45万,-1.1103825673453689,-1.894527025624555,-14.160404030640606,,84214.55716502576,非Receiver,83297.0,210521.0,152.73539263118718,True
2025-03,SUV,新能源,45-50万,-0.46573855679317,-1.894527025624555,493.44255900136534,,97771.47659038451,非Receiver,35523.0,60250.0,69.60842271204572,True
2025-03,SUV,新能源,5-10万,-0.7375199637622432,-1.894527025624555,142.9013390601314,,18041.20843287846,非Receiver,98029.0,301648.0,207.71302369706922,True
2025-03,SUV,新能源,50-55万,2.1482099199043274,-1.894527025624555,-93.80234505862647,0.3348684210526316,102499.37310699625,Strong Receiver,152129.0,89039.0,-41.47138283956379,False
2025-03,SUV,新能源,55-60万,-0.09373439324174777,-1.894527025624555,-55.54445554445555,,116611.69942979026,非Receiver,222.0,1503.0,577.027027027027,True
2025-03,SUV,新能源,5万以下,-0.30733084607291616,-1.894527025624555,4.111174833790021,,7781.627434527625,非Receiver,4437.0,,,False
2025-03,SUV,新能源,60万以上,-0.494597133218138,-1.894527025624555,,,93375.43258721246,非Receiver,11570.0,6174.0,-46.63785652549698,False
2025-03,跑车,其他能源,25-30万,2.960781647351128,-0.31066076084615446,,,57365.7435129961,非Receiver,514.0,622.0,21.011673151750966,True
2025-03,跑车,其他能源,40-45万,7.832999172164012,-0.31066076084615446,-55.355535553555356,,86887.89149613996,Receiver,886.0,527.0,-40.519187358916476,False
2025-03,跑车,其他能源,45-50万,-3.8289883005060146,-0.31066076084615446,80.41462084015276,,93029.87873249999,非Receiver,496.0,905.0,82.45967741935485,True
2025-03,跑车,其他能源,50-55万,17.37074039736772,-0.31066076084615446,-96.51799687010954,,104383.51250963072,Receiver,3307.0,1923.0,-41.85061989718778,False
2025-03,跑车,其他能源,55-60万,-18.823482237449074,-0.31066076084615446,-27.229588276343332,,118843.95439820227,非Receiver,89.0,823.0,824.7191011235955,True
2025-03,跑车,其他能源,60万以上,-5.512050678927771,-0.31066076084615446,,,110602.14235971919,非Receiver,5214.0,3317.0,-36.38281549673955,False
2025-03,跑车,新能源,15-20万,9.42745294019657,14.99128179676632,,,35662.949038679246,非Receiver,106.0,,,False
2025-03,跑车,新能源,30-35万,-31.7016491754123,14.99128179676632,,,68254.98409414545,非Receiver,440.0,239.0,-45.68181818181818,False
2025-03,跑车,新能源,60万以上,22.274196235215726,14.99128179676632,,,159765.23776105547,非Receiver,179.0,252.0,40.78212290502794,True
2025-03,轿车,其他能源,10-15万,-5.283890770117605,-0.29349427648741866,-16.598695109395422,0.1633716468611234,23872.581701615793,非Receiver,1456072.0,1286414.0,-11.651758978951587,False
2025-03,轿车,其他能源,15-20万,0.9265421633106676,-0.29349427648741866,-2.3302346509913585,0.0588642410325315,33732.19793405068,非Receiver,1021480.0,859980.0,-15.810392763441284,False
2025-03,轿车,其他能源,20-25万,1.0814875876452792,-0.29349427648741866,-29.33716305788776,0.2774671052631579,46669.33186791278,Strong Receiver,306057.0,473913.0,54.84468579382271,True
2025-03,轿车,其他能源,25-30万,-0.7464813882720929,-0.29349427648741866,68.39614864642067,0.1824835526315789,52800.715446424125,非Receiver,319820.0,107652.0,-66.33981614658245,False
2025-03,轿车,其他能源,30-35万,2.0390447374528318,-0.29349427648741866,-41.75122011773238,,68084.9632447473,Receiver,204278.0,307867.0,50.70981701406907,True
2025-03,轿车,其他能源,35-40万,-1.2225942529137024,-0.29349427648741866,-36.88217112125475,,74498.48410871412,非Receiver,178310.0,101293.0,-43.192754192137286,False
2025-03,轿车,其他能源,40-45万,-0.642519620221611,-0.29349427648741866,27.004323318557443,,87365.99634615684,非Receiver,131915.0,117238.0,-11.12610393056135,False
2025-03,轿车,其他能源,45-50万,0.32860213579994535,-0.29349427648741866,-69.13462944014033,,93730.91460172416,非Receiver,46415.0,121.0,-99.73930841322847,False
2025-03,轿车,其他能源,5-10万,3.8813156994431104,-0.29349427648741866,-33.400843974492325,0.216633483993712,15682.548327770866,Strong Receiver,1563022.0,1360889.0,-12.932191613425791,False
2025-03,轿车,其他能源,50-55万,-0.12540319955006823,-0.29349427648741866,-84.24482494249936,,105360.4752647812,非Receiver,4223.0,2116.0,-49.89344068197964,False
2025-03,轿车,其他能源,55-60万,-0.0940630994009725,-0.29349427648741866,-29.18878197445468,,111271.64679951695,非Receiver,1233.0,575.0,-53.36577453365774,False
2025-03,轿车,其他能源,60万以上,-0.14203999317578453,-0.29349427648741866,,,108669.87167270141,非Receiver,62037.0,50829.0,-18.066637651723973,False
2025-03,轿车,新能源,10-15万,-5.86922266003711,-0.8458451910428071,64.70629421924075,0.1633716468611234,22595.078704428215,非Receiver,1765556.0,1344167.0,-23.867212368228476,False
2025-03,轿车,新能源,15-20万,0.8490210123267108,-0.8458451910428071,17.323847986796224,0.0588642410325315,36126.47362958653,非Receiver,493997.0,353138.0,-28.514140774134255,False
2025-03,轿车,新能源,20-25万,-2.1877163770981554,-0.8458451910428071,54.00505804733482,0.2774671052631579,47087.935260879654,非Receiver,442149.0,526626.0,19.106002727587313,True
2025-03,轿车,新能源,25-30万,0.19041582797835765,-0.8458451910428071,-72.101490499488,0.1824835526315789,54435.81794378088,非Receiver,333096.0,126399.0,-62.053281936738955,False
2025-03,轿车,新能源,30-35万,-1.16561207828482,-0.8458451910428071,203.70469798657717,,65092.111717591026,非Receiver,14712.0,59328.0,303.26264274061987,True
2025-03,轿车,新能源,35-40万,0.2098248651362065,-0.8458451910428071,27.615558668246965,,73515.41032589112,非Receiver,22626.0,7312.0,-67.68319632281445,False
2025-03,轿车,新能源,40-45万,-0.07293630161661147,-0.8458451910428071,,,86292.11610503889,非Receiver,23688.0,11374.0,-51.98412698412697,False
2025-03,轿车,新能源,5-10万,8.830033978256253,-0.8458451910428071,26.163230247916648,0.216633483993712,14884.899257425606,非Receiver,1626002.0,2018054.0,24.11140945706094,True
2025-03,轿车,新能源,50-55万,-0.000653360340917879,-0.8458451910428071,-51.23674911660777,,106740.24396585363,非Receiver,82.0,12655.0,15332.926829268294,True
2025-03,轿车,新能源,55-60万,-0.005179137436929592,-0.8458451910428071,-32.71918113039608,,113112.76811594205,非Receiver,138.0,1106.0,701.4492753623188,True
2025-03,轿车,新能源,5万以下,-0.6102837936402121,-0.8458451910428071,112.48650725406613,0.1425986842105263,8249.908900145978,非Receiver,757107.0,771696.0,1.9269403135884433,False
2025-03,轿车,新能源,60万以上,-0.1676919752427674,-0.8458451910428071,,,103348.98553283085,非Receiver,7559.0,23937.0,216.668871543855,True
