门店名称,门店城市,大区,订单数,首单日期,最近订单日期,open_date,open_year,is_active
东安路体验中心,七台河市,FAC大区,628,2021-04-14,2025-12-04,,,否
安信联合,七台河市,FAC大区,86,2023-09-04,2024-07-11,,,否
上海吉生活,上海市,FAC大区,1,2026-06-02,2026-06-02,,,否
安和信,大兴安岭地区,FAC大区,380,2023-09-22,2025-07-18,,,否
成都蓉源能源,成都市,FAC大区,1422,2024-12-04,2025-06-30,,,否
宁波华侨城直销,七台河市,一区-浙江,10,2021-04-27,2022-06-03,,,否
丽水莲都,丽水市,一区-浙江,334,2023-08-25,2026-08-24,2026-05-20,2026.0,是
丽水车城店,丽水市,一区-浙江,656,2023-08-16,2026-05-13,,,否
台州宝龙城,台州市,一区-浙江,126,2021-04-24,2024-03-04,,,否
台州方林车城店,台州市,一区-浙江,1752,2021-04-20,2026-08-22,2023-04-11,2023.0,是
台州椒江万达,台州市,一区-浙江,601,2022-12-20,2026-08-23,2024-04-30,2024.0,是
台州温岭,台州市,一区-浙江,720,2024-04-08,2026-08-23,2022-06-20,2022.0,是
台州温岭银泰城,台州市,一区-浙江,38,2026-03-26,2026-08-22,2026-03-25,2026.0,是
台州温岭银泰城  0320-0419,台州市,一区-浙江,1,2026-03-30,2026-03-30,,,否
台州酷车小镇车城,台州市,一区-浙江,452,2021-11-22,2025-04-18,,,否
嘉兴八佰伴,嘉兴市,一区-浙江,370,2024-04-08,2026-08-20,2024-11-15,2024.0,是
嘉兴八佰伴（换铺）,嘉兴市,一区-浙江,854,2022-10-29,2026-08-24,,,否
嘉兴南湖,嘉兴市,一区-浙江,1569,2021-12-13,2026-08-24,2022-09-13,2022.0,是
嘉兴南湖万达,嘉兴市,一区-浙江,288,2022-04-27,2024-08-08,,,否
嘉兴南湖万达  0320-0419,嘉兴市,一区-浙江,97,2022-12-20,2026-04-14,,,否
嘉兴南湖体验经销,嘉兴市,一区-浙江,15,2022-09-29,2025-11-10,,,否
嘉兴桐乡万象汇（换铺）,嘉兴市,一区-浙江,326,2021-04-23,2026-08-18,,,否
桐乡万象汇,嘉兴市,一区-浙江,166,2023-08-25,2025-11-25,,,否
桐乡禾众分销店,嘉兴市,一区-浙江,363,2023-08-25,2026-08-21,,,否
海宁皮革城,嘉兴市,一区-浙江,691,2024-03-27,2026-08-22,2024-03-01,2024.0,是
宁波万象城,宁波市,一区-浙江,133,2021-04-20,2023-11-30,,,否
宁波万象城经销,宁波市,一区-浙江,3,2022-09-17,2022-11-21,,,否
宁波万象城（轿辰）,宁波市,一区-浙江,457,2023-01-20,2026-06-19,2025-03-05,2025.0,是
宁波下应北路车城,宁波市,一区-浙江,371,2023-08-12,2025-12-29,,,否
宁波余姚,宁波市,一区-浙江,355,2022-10-06,2026-08-24,2025-09-23,2025.0,是
宁波余姚万达分销店,宁波市,一区-浙江,59,2024-02-01,2024-11-16,,,否
宁波余姚五彩城,宁波市,一区-浙江,34,2025-06-22,2025-10-08,,,否
宁波余姚五彩城（换铺1点位）,宁波市,一区-浙江,79,2024-09-19,2026-07-21,,,否
宁波余姚五彩城（换铺2正铺）,宁波市,一区-浙江,247,2022-09-03,2026-08-24,,,否
宁波北仑银泰,宁波市,一区-浙江,415,2024-04-08,2026-08-24,2024-06-21,2024.0,是
宁波华侨城经销,宁波市,一区-浙江,68,2021-04-20,2023-02-07,,,否
宁波奉化万达,宁波市,一区-浙江,369,2023-10-05,2025-09-06,,,否
宁波奉化万达（2025）,宁波市,一区-浙江,503,2023-10-10,2026-08-25,2025-09-01,2025.0,是
宁波宁海,宁波市,一区-浙江,1121,2022-12-20,2026-08-24,2023-11-30,2023.0,是
宁波宁海西子国际 0320-0419,宁波市,一区-浙江,3,2026-04-03,2026-04-12,,,否
宁波慈溪爱琴海,宁波市,一区-浙江,200,2021-09-01,2024-02-05,,,否
宁波慈溪爱琴海（2025）,宁波市,一区-浙江,248,2023-07-25,2026-08-24,2025-11-20,2025.0,是
宁波慈溪逍林车城,宁波市,一区-浙江,798,2022-12-20,2026-08-23,2024-06-22,2024.0,是
宁波来福士广场,宁波市,一区-浙江,496,2021-04-25,2026-08-24,2026-08-30,2026.0,是
宁波海曙,宁波市,一区-浙江,1446,2021-04-20,2026-03-29,,,否
宁波海曙车城店（宁波海曙4S店展厅搬迁）,宁波市,一区-浙江,234,2021-08-31,2026-08-24,,,否
宁波象山万达广场 0320-0419,宁波市,一区-浙江,2,2026-04-14,2026-04-15,,,否
宁波象山车城,宁波市,一区-浙江,743,2023-12-08,2026-08-23,2023-10-07,2023.0,是
宁波鄞州,宁波市,一区-浙江,638,2022-05-18,2026-08-24,2025-12-30,2025.0,是
宁波鄞州万达,宁波市,一区-浙江,629,2021-04-20,2025-07-16,,,否
宁波鄞州万达（换铺）,宁波市,一区-浙江,698,2021-04-27,2026-08-23,,,否
宁波鄞州龙湖天街,宁波市,一区-浙江,184,2025-04-20,2026-05-31,,,否
宁波鄞州龙湖天街（2026）,宁波市,一区-浙江,218,2025-06-02,2026-08-24,2025-05-23,2025.0,是
宁波镇海,宁波市,一区-浙江,1275,2021-04-20,2026-08-24,2023-10-22,2023.0,是
临安分销店,杭州市,一区-浙江,548,2023-09-10,2026-08-22,,,否
富阳万达 0320-0410,杭州市,一区-浙江,9,2025-12-21,2026-04-13,,,否
杭州上城,杭州市,一区-浙江,4306,2021-04-20,2026-08-24,2022-10-26,2022.0,是
杭州中心,杭州市,一区-浙江,216,2025-08-15,2026-06-24,2025-08-29,2025.0,是
杭州临安宝龙  0321-0520,杭州市,一区-浙江,9,2026-03-27,2026-05-05,,,否
杭州临平分销店,杭州市,一区-浙江,1541,2023-09-24,2026-08-23,,,否
杭州余杭,杭州市,一区-浙江,2844,2021-04-29,2026-08-24,2023-09-30,2023.0,是
杭州城北万象城,杭州市,一区-浙江,315,2025-08-05,2026-06-19,2025-07-15,2025.0,是
杭州城北万象城-换铺,杭州市,一区-浙江,193,2024-09-19,2026-08-24,,,否
杭州城西银泰城,杭州市,一区-浙江,339,2021-04-20,2023-06-07,,,否
杭州城西银泰城市展厅,杭州市,一区-浙江,657,2024-03-10,2026-08-24,2027-07-01,2027.0,是
杭州城西银泰城（申孚）,杭州市,一区-浙江,661,2024-09-11,2026-06-29,2024-09-19,2024.0,是
杭州大悦城,杭州市,一区-浙江,278,2021-04-20,2024-02-04,,,否
杭州奥体印象城,杭州市,一区-浙江,143,2021-04-20,2023-10-19,,,否
杭州奥体印象城（2024）,杭州市,一区-浙江,1400,2022-07-14,2026-08-24,2024-11-21,2024.0,是
杭州富阳万达,杭州市,一区-浙江,575,2023-09-18,2026-08-23,2026-04-15,2026.0,是
杭州滨江宝龙  0403-0505,杭州市,一区-浙江,5,2026-04-01,2026-04-25,,,否
杭州滨江龙湖天街城市展厅,杭州市,一区-浙江,1,2025-09-09,2025-09-09,,,否
杭州萧山,杭州市,一区-浙江,4209,2021-04-20,2026-08-24,2023-09-23,2023.0,是
杭州西溪龙湖天街,杭州市,一区-浙江,18,2026-08-07,2026-08-23,2026-08-06,2026.0,是
杭州金沙天街 0318-0517,杭州市,一区-浙江,15,2026-03-26,2026-05-12,,,否
杭州金沙龙湖天街,杭州市,一区-浙江,625,2021-05-01,2026-08-23,2026-05-20,2026.0,是
杭州龙湖丁桥天街,杭州市,一区-浙江,115,2021-04-23,2024-05-13,,,否
温州万象城,温州市,一区-浙江,555,2024-09-23,2026-08-23,2024-09-30,2024.0,是
温州万象城-撤铺,温州市,一区-浙江,14,2021-09-03,2022-07-15,,,否
温州乐清,温州市,一区-浙江,1291,2023-01-05,2026-08-24,2023-12-31,2023.0,是
温州乐清正大广场,温州市,一区-浙江,244,2023-10-13,2026-08-23,2025-06-28,2025.0,是
温州印象城,温州市,一区-浙江,50,2021-04-21,2023-08-26,,,否
温州印象城  0320-0518,温州市,一区-浙江,6,2026-03-29,2026-04-25,,,否
温州印象城MEGA,温州市,一区-浙江,187,2021-11-23,2026-08-18,2026-04-20,2026.0,是
温州印象城经销,温州市,一区-浙江,7,2021-11-21,2025-09-09,,,否
温州嘉恒南虹,温州市,一区-浙江,59,2023-01-05,2023-10-27,,,否
温州嘉恒南虹（乐清）,温州市,一区-浙江,442,2021-04-29,2025-09-14,,,否
温州滨江万象城,温州市,一区-浙江,139,2025-03-16,2026-02-23,,,否
温州滨江万象城（26年换铺）,温州市,一区-浙江,276,2025-01-31,2026-08-24,,,否
温州瑞安,温州市,一区-浙江,1266,2023-08-25,2026-08-23,2024-04-30,2024.0,是
温州苍南,温州市,一区-浙江,485,2025-02-08,2026-08-20,2025-04-30,2025.0,是
温州苍南车城店,温州市,一区-浙江,40,2025-07-26,2026-08-24,2026-07-15,2026.0,是
温州鹿城,温州市,一区-浙江,1151,2023-01-27,2026-08-23,2024-04-11,2024.0,是
温州龙湾,温州市,一区-浙江,3163,2021-04-20,2026-08-22,2022-07-04,2022.0,是
湖州东吴银泰城,湖州市,一区-浙江,344,2023-10-12,2026-08-18,2024-04-30,2024.0,是
湖州吴兴,湖州市,一区-浙江,773,2023-08-25,2026-08-24,2024-12-15,2024.0,是
湖州吴兴分销店,湖州市,一区-浙江,474,2024-06-15,2026-08-23,,,否
湖州吴兴车城店,湖州市,一区-浙江,604,2023-07-21,2025-08-15,,,否
上虞万悦城 0403-0605,绍兴市,一区-浙江,214,2022-12-23,2026-05-29,,,否
绍兴上虞上百万悦城,绍兴市,一区-浙江,309,2022-11-01,2026-08-24,2026-06-06,2026.0,是
绍兴柯桥万达,绍兴市,一区-浙江,348,2023-08-25,2026-08-23,2025-11-01,2025.0,是
绍兴诸暨万风新天地（2025）,绍兴市,一区-浙江,789,2021-08-30,2026-08-24,2025-04-15,2025.0,是
绍兴诸暨万风新天地（2025）弃用,绍兴市,一区-浙江,1,2023-10-06,2023-10-06,,,否
绍兴越城,绍兴市,一区-浙江,2083,2022-09-12,2026-08-23,2022-10-06,2022.0,是
绍兴越城体验经销,绍兴市,一区-浙江,2,2022-07-25,2022-12-01,,,否
诸暨万风新天地,绍兴市,一区-浙江,769,2022-12-16,2025-04-20,,,否
舟山宝龙城,舟山市,一区-浙江,101,2023-11-18,2024-08-14,,,否
舟山普陀,舟山市,一区-浙江,704,2023-10-12,2026-08-24,2024-08-04,2024.0,是
衢州吾悦广场  0323-0524,衢州市,一区-浙江,18,2026-03-26,2026-05-20,,,否
衢州柯城,衢州市,一区-浙江,1092,2023-11-08,2026-08-23,2024-03-31,2024.0,是
东阳银泰  0430-0529,金华市,一区-浙江,7,2026-04-06,2026-05-15,,,否
义乌吾悦,金华市,一区-浙江,65,2021-04-26,2023-11-25,,,否
金华世贸广场,金华市,一区-浙江,242,2024-11-13,2026-04-26,,,否
金华世贸广场（换铺续约）,金华市,一区-浙江,72,2025-08-31,2026-08-19,,,否
金华东阳车城,金华市,一区-浙江,471,2024-08-13,2026-08-17,2024-08-25,2024.0,是
金华东阳车城店（搬迁）,金华市,一区-浙江,358,2024-09-06,2026-08-24,,,否
金华东阳银泰城,金华市,一区-浙江,4,2026-07-23,2026-07-23,2026-08-12,2026.0,是
金华义乌之心,金华市,一区-浙江,410,2023-03-31,2026-08-23,2025-03-31,2025.0,是
金华义乌经发大道车城店,金华市,一区-浙江,1215,2022-08-27,2026-04-20,,,否
金华义乌车城店,金华市,一区-浙江,363,2022-12-20,2026-08-23,2026-04-06,2026.0,是
金华永康万达,金华市,一区-浙江,391,2023-07-05,2025-04-17,,,否
金华永康万达（2025）,金华市,一区-浙江,496,2023-08-30,2026-08-23,2025-03-31,2025.0,是
金华金东,金华市,一区-浙江,1344,2022-12-27,2026-08-23,2022-12-31,2022.0,是
杭州城西银泰直销,,一区-浙江,17,2021-04-26,2022-08-29,,,否
亳州谯城,亳州市,一区-苏皖,658,2024-04-08,2026-08-24,2024-03-31,2024.0,是
南京万象汇,南京市,一区-苏皖,1717,2021-04-20,2026-08-22,2023-12-15,2023.0,是
南京建邺吾悦  0314-0517,南京市,一区-苏皖,4,2026-03-26,2026-05-16,,,否
南京德基广场,南京市,一区-苏皖,3368,2021-04-20,2026-08-24,2021-09-30,2021.0,是
南京景枫中心,南京市,一区-苏皖,407,2022-10-30,2026-04-10,,,否
南京景枫中心2026,南京市,一区-苏皖,491,2023-02-09,2026-08-24,2026-05-20,2026.0,是
南京江北龙湖天街,南京市,一区-苏皖,1992,2021-04-20,2026-08-24,2023-09-30,2023.0,是
南京江宁,南京市,一区-苏皖,4164,2021-04-27,2026-08-24,2022-11-22,2022.0,是
南京秦淮万象天地,南京市,一区-苏皖,37,2025-12-06,2026-04-29,,,否
南京秦淮车城店,南京市,一区-苏皖,329,2025-08-15,2026-08-24,2026-03-08,2026.0,是
南通万象城市展厅,南通市,一区-苏皖,1,2024-09-16,2024-09-16,,,否
南通万象城（2025）,南通市,一区-苏皖,1066,2022-07-28,2026-08-23,2025-10-01,2025.0,是
南通万象润街,南通市,一区-苏皖,777,2021-04-25,2025-06-04,,,否
南通启东,南通市,一区-苏皖,343,2025-07-13,2026-08-23,2025-06-30,2025.0,是
南通圆融购物中心,南通市,一区-苏皖,20,2023-07-15,2023-10-12,,,否
南通如东分销店,南通市,一区-苏皖,43,2022-07-20,2023-11-27,,,否
南通崇川,南通市,一区-苏皖,2276,2022-06-26,2026-08-24,2022-10-27,2022.0,是
南通海门车城店,南通市,一区-苏皖,213,2025-08-29,2026-08-18,2025-09-18,2025.0,是
南通通州万达,南通市,一区-苏皖,53,2023-12-27,2024-12-29,,,否
合肥万科广场,合肥市,一区-苏皖,230,2024-12-29,2026-03-22,,,否
合肥万象城,合肥市,一区-苏皖,346,2025-03-15,2026-08-22,2025-04-20,2025.0,是
合肥包河,合肥市,一区-苏皖,1933,2021-04-23,2026-08-23,2022-07-28,2022.0,是
合肥包河万达,合肥市,一区-苏皖,679,2021-04-23,2025-11-15,,,否
合肥包河万达  0327-0426,合肥市,一区-苏皖,1,2026-03-30,2026-03-30,,,否
合肥包河宜车城,合肥市,一区-苏皖,86,2024-09-23,2025-12-20,,,否
合肥庐阳万象汇,合肥市,一区-苏皖,96,2025-05-04,2026-03-01,,,否
合肥恒信车城,合肥市,一区-苏皖,504,2022-08-31,2025-08-05,,,否
合肥瑶海天地,合肥市,一区-苏皖,552,2022-10-07,2026-08-25,2025-12-19,2025.0,是
合肥肥东车城店,合肥市,一区-苏皖,598,2021-08-30,2026-08-23,2024-10-15,2024.0,是
合肥荟聚,合肥市,一区-苏皖,14,2026-03-24,2026-06-20,2026-05-30,2026.0,是
合肥蜀山,合肥市,一区-苏皖,954,2024-12-29,2026-08-24,2024-12-25,2024.0,是
合肥融创茂,合肥市,一区-苏皖,505,2023-08-25,2026-08-19,2024-10-01,2024.0,是
合肥高新龙湖天街,合肥市,一区-苏皖,63,2026-02-27,2026-08-23,2026-04-30,2026.0,是
安庆宜秀,安庆市,一区-苏皖,507,2024-08-17,2026-08-24,2024-08-05,2024.0,是
宿迁双庄车城,宿迁市,一区-苏皖,216,2024-03-15,2026-02-20,,,否
宿迁宿豫,宿迁市,一区-苏皖,701,2024-01-25,2026-08-24,2024-03-31,2024.0,是
常州万象城,常州市,一区-苏皖,613,2022-12-20,2026-08-24,2025-12-29,2025.0,是
常州武进,常州市,一区-苏皖,2791,2021-04-29,2026-08-23,2022-11-02,2022.0,是
常州江南环球港,常州市,一区-苏皖,169,2024-12-17,2026-08-23,2026-04-11,2026.0,是
常州钟楼,常州市,一区-苏皖,1045,2024-10-24,2026-08-24,2024-12-25,2024.0,是
常州龙湖天街,常州市,一区-苏皖,290,2021-04-22,2024-03-22,,,否
溧阳常雪经销,常州市,一区-苏皖,6,2021-04-24,2022-11-08,,,否
溧阳车城,常州市,一区-苏皖,74,2024-07-31,2025-05-23,,,否
徐州苏宁广场  0321-0520,徐州市,一区-苏皖,139,2024-09-22,2026-05-19,,,否
徐州铜山车城店,徐州市,一区-苏皖,153,2023-07-27,2024-10-07,,,否
徐州鼓楼,徐州市,一区-苏皖,1896,2022-04-02,2026-08-23,2023-07-31,2023.0,是
徐州鼓楼三环东路,徐州市,一区-苏皖,3,2026-08-24,2026-08-24,2026-09-10,2026.0,是
扬州万达,扬州市,一区-苏皖,24,2021-10-21,2023-10-11,,,否
扬州京华城 0307-0505,扬州市,一区-苏皖,5,2026-03-26,2026-04-16,,,否
扬州邗江,扬州市,一区-苏皖,650,2022-03-21,2025-04-25,,,否
扬州邗江城北,扬州市,一区-苏皖,1016,2023-08-27,2026-08-24,2025-06-30,2025.0,是
扬州邗江车城店,扬州市,一区-苏皖,64,2023-02-06,2026-08-24,2026-08-15,2026.0,是
宜兴八佰伴（2025）,无锡市,一区-苏皖,558,2022-08-18,2026-08-24,2025-03-15,2025.0,是
无锡万象城,无锡市,一区-苏皖,1592,2022-08-24,2026-08-24,2024-06-24,2024.0,是
无锡宜兴八佰伴,无锡市,一区-苏皖,248,2022-04-15,2024-08-26,,,否
无锡宜兴融达车城,无锡市,一区-苏皖,311,2022-03-14,2025-09-10,,,否
无锡惠山,无锡市,一区-苏皖,53,2026-04-01,2026-08-24,2026-03-13,2026.0,是
无锡惠山万达,无锡市,一区-苏皖,44,2026-03-27,2026-08-23,2026-03-30,2026.0,是
无锡惠山车城店,无锡市,一区-苏皖,47,2025-08-16,2026-08-22,2026-05-18,2026.0,是
无锡江阴,无锡市,一区-苏皖,1701,2021-04-28,2026-08-24,2022-10-04,2022.0,是
无锡海岸城,无锡市,一区-苏皖,285,2021-04-28,2024-06-03,,,否
无锡苏宁广场,无锡市,一区-苏皖,11,2026-07-17,2026-08-24,2026-05-01,2026.0,是
无锡苏宁广场  ,无锡市,一区-苏皖,139,2022-12-20,2026-08-08,2026-05-01,2026.0,是
无锡苏宁广场  0401-0518,无锡市,一区-苏皖,159,2024-04-08,2026-05-04,,,否
无锡荟聚,无锡市,一区-苏皖,1192,2022-11-08,2026-04-26,,,否
无锡锡山,无锡市,一区-苏皖,1978,2021-04-23,2026-08-23,2023-11-22,2023.0,是
江阴八佰伴  0401-0511,无锡市,一区-苏皖,8,2025-08-15,2026-05-01,,,否
泰州万象城  0327-0518,泰州市,一区-苏皖,22,2023-12-05,2026-05-14,,,否
泰州海陵,泰州市,一区-苏皖,2055,2022-02-18,2026-08-23,2023-08-31,2023.0,是
淮南吾悦广场  0327-0505,淮南市,一区-苏皖,4,2026-03-29,2026-05-05,,,否
淮南经开,淮南市,一区-苏皖,105,2025-06-28,2026-05-29,,,否
淮南经开-迁址,淮南市,一区-苏皖,127,2025-06-29,2026-08-24,,,否
淮安清江浦,淮安市,一区-苏皖,702,2022-12-12,2025-09-23,,,否
淮安清江浦车城店,淮安市,一区-苏皖,41,2025-12-31,2026-08-23,2025-11-30,2025.0,是
淮安经开,淮安市,一区-苏皖,203,2023-08-25,2026-08-23,2025-12-30,2025.0,是
滁州南谯,滁州市,一区-苏皖,660,2023-09-01,2026-08-24,2024-10-15,2024.0,是
盐城中南大有境  0327-0526,盐城市,一区-苏皖,12,2026-03-27,2026-05-01,,,否
盐城盐都,盐城市,一区-苏皖,2468,2022-12-20,2026-08-24,2023-03-21,2023.0,是
芜湖八佰伴,芜湖市,一区-苏皖,385,2021-08-30,2026-08-23,2025-11-30,2025.0,是
芜湖弋江,芜湖市,一区-苏皖,1,2026-03-24,2026-03-24,,,否
芜湖弋江分销店,芜湖市,一区-苏皖,381,2023-10-12,2025-10-22,,,否
常熟凤凰城,苏州市,一区-苏皖,92,2021-04-20,2023-10-14,,,否
常熟虞山,苏州市,一区-苏皖,2662,2021-04-23,2026-08-24,2023-09-29,2023.0,是
张家港车城店,苏州市,一区-苏皖,1158,2023-11-19,2026-08-24,2023-11-11,2023.0,是
苏州华成相城国际车城店,苏州市,一区-苏皖,537,2022-10-13,2026-03-22,,,否
苏州吴中,苏州市,一区-苏皖,4756,2021-04-20,2026-08-24,2022-06-29,2022.0,是
苏州吴中木渎凯马广场车城,苏州市,一区-苏皖,644,2022-12-20,2026-02-02,,,否
苏州吴江,苏州市,一区-苏皖,1384,2023-11-05,2026-08-24,2024-05-31,2024.0,是
苏州大悦城  0619-0718,苏州市,一区-苏皖,874,2021-04-20,2026-08-24,,,否
苏州大悦春风里,苏州市,一区-苏皖,1321,2021-04-20,2025-10-30,,,否
苏州太仓,苏州市,一区-苏皖,866,2024-03-07,2026-08-22,2024-03-29,2024.0,是
苏州太仓万达  0327-0505,苏州市,一区-苏皖,8,2026-03-29,2026-04-23,,,否
苏州张家港金茂览秀城  0327-0430,苏州市,一区-苏皖,6,2026-03-26,2026-04-16,,,否
苏州昆山,苏州市,一区-苏皖,904,2024-02-05,2026-08-25,2025-07-15,2025.0,是
苏州昆山车城,苏州市,一区-苏皖,1019,2023-12-27,2026-06-23,2023-10-28,2023.0,是
苏州星悦汇,苏州市,一区-苏皖,424,2021-09-04,2024-07-15,,,否
苏州木渎凯马车城店,苏州市,一区-苏皖,772,2021-11-13,2026-08-24,2026-01-20,2026.0,是
苏州盛泽天虹  0327-0426,苏州市,一区-苏皖,11,2026-03-26,2026-04-18,,,否
苏州相城龙湖天街,苏州市,一区-苏皖,48,2025-02-09,2025-10-07,,,否
苏州虎丘,苏州市,一区-苏皖,573,2025-07-28,2026-08-24,2025-06-30,2025.0,是
苏州龙湖星湖天街,苏州市,一区-苏皖,198,2021-04-26,2025-06-15,,,否
苏州龙湖狮山天街,苏州市,一区-苏皖,2137,2021-04-20,2026-08-24,2022-12-01,2022.0,是
连云港海州,连云港市,一区-苏皖,1142,2023-08-25,2026-08-24,2023-12-25,2023.0,是
镇江丹阳吾悦广场,镇江市,一区-苏皖,93,2025-04-19,2026-08-19,2025-12-25,2025.0,是
镇江八佰伴,镇江市,一区-苏皖,15,2022-12-20,2024-01-21,,,否
镇江新区,镇江市,一区-苏皖,1207,2022-02-19,2026-08-22,2024-07-08,2024.0,是
镇江新区-作废,镇江市,一区-苏皖,1,2023-03-04,2023-03-04,,,否
阜阳商厦时代广场  0404-0513,阜阳市,一区-苏皖,2,2026-04-06,2026-04-17,,,否
阜阳颍州,阜阳市,一区-苏皖,756,2024-05-14,2026-08-24,2024-05-04,2024.0,是
阜阳颍州中源车城,阜阳市,一区-苏皖,2,2025-08-21,2025-08-21,,,否
马鞍山经开区车城,马鞍山市,一区-苏皖,479,2024-06-02,2026-08-24,2024-05-11,2024.0,是
南京德基广场经销,,一区-苏皖,80,2021-04-20,2022-12-03,,,否
常熟凤凰城经销,,一区-苏皖,1,2022-11-19,2022-11-19,,,否
苏州大悦春风经销,,一区-苏皖,4,2021-04-21,2022-10-13,,,否
上饶万达广场 0320-0419,上饶市,一区-闽赣,11,2026-03-28,2026-04-16,,,否
上饶广信,上饶市,一区-闽赣,1245,2024-01-21,2026-08-24,2024-03-03,2024.0,是
九江经开,九江市,一区-闽赣,459,2025-03-28,2026-08-24,2024-12-31,2024.0,是
南昌万象城,南昌市,一区-闽赣,1011,2021-04-25,2024-10-12,,,否
南昌万象城（换铺）,南昌市,一区-闽赣,2332,2021-04-25,2026-08-24,,,否
南昌地铁万科,南昌市,一区-闽赣,16,2021-08-30,2023-10-17,,,否
南昌大悦城  0320-0519,南昌市,一区-闽赣,3,2026-02-05,2026-04-30,,,否
南昌王府井,南昌市,一区-闽赣,570,2021-09-01,2026-08-22,2025-12-15,2025.0,是
南昌铜锣湾,南昌市,一区-闽赣,93,2025-05-13,2026-02-04,,,否
南昌铜锣湾（2026）,南昌市,一区-闽赣,350,2022-06-05,2026-08-24,2026-04-30,2026.0,是
南昌青山湖,南昌市,一区-闽赣,1933,2021-04-20,2026-08-24,2022-12-06,2022.0,是
厦门SM广场,厦门市,一区-闽赣,471,2021-04-20,2024-10-31,,,否
厦门SM广场（换铺）,厦门市,一区-闽赣,1092,2021-04-20,2026-08-22,,,否
厦门海上世界城,厦门市,一区-闽赣,396,2024-10-12,2026-08-24,2025-04-01,2025.0,是
厦门海沧,厦门市,一区-闽赣,1336,2021-04-22,2026-08-23,2022-09-27,2022.0,是
厦门湖里,厦门市,一区-闽赣,1011,2024-10-06,2026-08-23,2024-12-20,2024.0,是
厦门磐基名品中心,厦门市,一区-闽赣,886,2021-04-20,2024-06-14,,,否
厦门磐基名品经销,厦门市,一区-闽赣,30,2021-04-23,2023-02-09,,,否
厦门集美世茂,厦门市,一区-闽赣,90,2024-09-25,2025-03-20,,,否
厦门集美世茂（2026）,厦门市,一区-闽赣,13,2025-11-05,2026-08-20,2026-08-20,2026.0,是
吉安吉州,吉安市,一区-闽赣,398,2021-10-28,2026-08-23,2024-03-29,2024.0,是
宜春袁州,宜春市,一区-闽赣,511,2023-10-13,2026-08-23,2024-12-25,2024.0,是
抚州临川,抚州市,一区-闽赣,545,2024-05-02,2026-08-20,2024-06-29,2024.0,是
抚州硕果时代广场（换铺）,抚州市,一区-闽赣,159,2025-01-16,2026-05-04,,,否
景德镇昌南车城店,景德镇市,一区-闽赣,606,2024-04-08,2026-08-24,2024-12-29,2024.0,是
泉州中骏世界城（25年12月）,泉州市,一区-闽赣,155,2023-11-05,2026-08-24,2025-12-31,2025.0,是
泉州南环车城,泉州市,一区-闽赣,1,2025-04-17,2025-04-17,,,否
泉州晋江,泉州市,一区-闽赣,1135,2022-12-21,2025-07-21,,,否
泉州晋江豪信,泉州市,一区-闽赣,274,2021-04-21,2026-08-24,2026-01-31,2026.0,是
泉州洛江车城店,泉州市,一区-闽赣,465,2024-09-25,2026-02-08,,,否
泉州浦西万达,泉州市,一区-闽赣,16,2023-02-07,2023-10-19,,,否
泉州浦西万达  0320-0519,泉州市,一区-闽赣,13,2025-11-11,2026-04-29,,,否
漳州龙文,漳州市,一区-闽赣,815,2023-06-17,2026-08-24,2024-08-23,2024.0,是
福州东泰禾  0320-0519,福州市,一区-闽赣,18,2026-03-25,2026-05-12,,,否
福州东百爱琴海,福州市,一区-闽赣,2418,2021-09-06,2026-08-24,2022-11-05,2022.0,是
福州东百经销,福州市,一区-闽赣,2,2022-09-30,2022-09-30,,,否
福州仓山,福州市,一区-闽赣,1162,2024-09-20,2026-08-23,2024-09-25,2024.0,是
福州苏宁  0320-0519,福州市,一区-闽赣,14,2026-03-24,2026-05-08,,,否
福州苏宁广场,福州市,一区-闽赣,1,2026-04-11,2026-04-11,,,否
福州青口,福州市,一区-闽赣,1364,2021-04-29,2026-08-22,2022-11-01,2022.0,是
赣州章贡,赣州市,一区-闽赣,909,2021-04-27,2026-08-21,2023-12-31,2023.0,是
南昌地铁万科经销,,一区-闽赣,2,2021-08-30,2022-07-22,,,否
东营西城万达  0327-0507,东营市,一区-鲁豫,14,2026-03-27,2026-04-25,,,否
东营车城店,东营市,一区-鲁豫,1195,2023-12-02,2026-08-23,2023-12-15,2023.0,是
临沂万象汇  0327-0507,临沂市,一区-鲁豫,8,2026-03-26,2026-05-04,,,否
临沂万达广场,临沂市,一区-鲁豫,160,2022-12-31,2024-07-01,,,否
临沂罗庄,临沂市,一区-鲁豫,1889,2022-05-27,2026-08-24,2023-01-21,2023.0,是
临沂车城店,临沂市,一区-鲁豫,1121,2021-10-14,2026-08-22,2024-02-28,2024.0,是
周口川汇车城店,周口市,一区-鲁豫,326,2025-07-20,2026-08-23,2025-06-15,2025.0,是
商丘梁园,商丘市,一区-鲁豫,779,2023-12-12,2026-08-18,2023-12-10,2023.0,是
威海威高广场  0619-0628,威海市,一区-鲁豫,17,2026-03-26,2026-05-05,,,否
威海环翠,威海市,一区-鲁豫,1155,2021-09-02,2026-08-23,2023-09-01,2023.0,是
安阳安阳,安阳市,一区-鲁豫,472,2022-08-22,2026-08-23,2024-08-10,2024.0,是
开封龙亭,开封市,一区-鲁豫,238,2025-07-17,2026-08-24,2025-07-07,2025.0,是
德州德城,德州市,一区-鲁豫,4,2024-01-09,2024-02-01,,,否
德州德城德百,德州市,一区-鲁豫,303,2025-08-12,2026-08-23,2025-08-02,2025.0,是
新乡万达,新乡市,一区-鲁豫,18,2026-01-31,2026-08-18,2025-12-31,2025.0,是
新乡卫滨,新乡市,一区-鲁豫,474,2023-08-26,2025-11-11,,,否
新乡新乡,新乡市,一区-鲁豫,11,2024-07-06,2025-07-13,,,否
新乡新乡（换址）,新乡市,一区-鲁豫,746,2023-08-25,2026-08-23,,,否
日照经开车城店,日照市,一区-鲁豫,408,2025-08-15,2026-08-24,2025-08-14,2025.0,是
枣庄薛城车城店,枣庄市,一区-鲁豫,300,2025-04-18,2026-08-24,2025-05-09,2025.0,是
泰安岱岳,泰安市,一区-鲁豫,73,2025-12-25,2026-08-22,2025-12-31,2025.0,是
洛阳丹尼斯大卫天地,洛阳市,一区-鲁豫,137,2023-08-27,2024-09-02,,,否
洛阳泉舜商场  0328-0426,洛阳市,一区-鲁豫,13,2026-03-26,2026-04-19,,,否
洛阳涧西,洛阳市,一区-鲁豫,1470,2023-08-25,2026-08-24,2023-11-06,2023.0,是
济南万象城,济南市,一区-鲁豫,90,2021-04-21,2024-04-08,,,否
济南万象城经销,济南市,一区-鲁豫,4,2022-09-13,2022-11-13,,,否
济南华山环宇城,济南市,一区-鲁豫,400,2024-04-12,2026-08-24,2025-05-10,2025.0,是
济南印象城,济南市,一区-鲁豫,190,2024-07-22,2026-01-24,,,否
济南奥体龙湖天街,济南市,一区-鲁豫,128,2025-05-04,2026-08-23,2026-03-30,2026.0,是
济南槐荫,济南市,一区-鲁豫,1704,2021-08-30,2026-08-23,2022-05-20,2022.0,是
济南槐荫匡山,济南市,一区-鲁豫,1524,2023-12-31,2026-08-24,2024-03-31,2024.0,是
济南领秀城贵和,济南市,一区-鲁豫,683,2021-04-26,2026-08-23,2025-06-20,2025.0,是
济南高新车城店,济南市,一区-鲁豫,2042,2022-08-21,2026-08-23,2023-11-25,2023.0,是
济宁万象汇  0327-0507,济宁市,一区-鲁豫,5,2026-04-08,2026-04-17,,,否
济宁任城,济宁市,一区-鲁豫,1917,2022-09-16,2026-08-24,2023-11-30,2023.0,是
济宁市车城店,济宁市,一区-鲁豫,134,2025-04-19,2026-08-23,2026-03-25,2026.0,是
济宁高新车城店,济宁市,一区-鲁豫,413,2024-03-20,2026-08-24,2024-10-29,2024.0,是
淄博张店,淄博市,一区-鲁豫,1617,2021-11-01,2026-08-24,2023-06-27,2023.0,是
滨州万达  03.27-05.07,滨州市,一区-鲁豫,2,2026-04-19,2026-04-29,,,否
滨州滨城,滨州市,一区-鲁豫,8,2023-12-31,2024-03-27,,,否
滨州滨城渤海,滨州市,一区-鲁豫,218,2025-05-27,2026-08-24,2025-06-06,2025.0,是
潍坊奎文,潍坊市,一区-鲁豫,1883,2021-08-30,2026-08-23,2023-05-07,2023.0,是
潍坊奎文万达广场,潍坊市,一区-鲁豫,216,2023-06-09,2026-08-21,2026-03-20,2026.0,是
濮阳万达商场 0328-0426,濮阳市,一区-鲁豫,14,2025-09-10,2026-04-25,,,否
濮阳华龙,濮阳市,一区-鲁豫,654,2023-08-25,2026-08-23,2023-08-14,2023.0,是
烟台万象汇 0327-0507,烟台市,一区-鲁豫,17,2026-03-13,2026-04-27,,,否
烟台福山,烟台市,一区-鲁豫,1625,2022-08-20,2026-08-22,2023-05-08,2023.0,是
焦作富源车城,焦作市,一区-鲁豫,415,2024-05-10,2026-08-24,2024-06-07,2024.0,是
菏泽佳和城  0402-0513,菏泽市,一区-鲁豫,11,2026-03-26,2026-05-07,,,否
菏泽牡丹,菏泽市,一区-鲁豫,1089,2023-12-26,2026-08-22,2024-01-15,2024.0,是
许昌魏都车城店,许昌市,一区-鲁豫,90,2025-11-24,2026-08-23,2025-11-13,2025.0,是
郑州二七万象城,郑州市,一区-鲁豫,519,2021-04-20,2026-08-24,2025-04-15,2025.0,是
郑州二七万达 0321-0406,郑州市,一区-鲁豫,15,2026-03-26,2026-05-07,,,否
郑州大中原国际汽车城,郑州市,一区-鲁豫,986,2023-10-09,2026-08-24,2024-12-31,2024.0,是
郑州惠济,郑州市,一区-鲁豫,2769,2023-08-25,2026-08-22,2023-10-27,2023.0,是
郑州新田360国贸,郑州市,一区-鲁豫,1,2026-08-22,2026-08-22,2026-08-10,2026.0,是
郑州正弘城,郑州市,一区-鲁豫,712,2021-04-20,2024-02-05,,,否
郑州正弘城 0314-0614,郑州市,一区-鲁豫,29,2026-02-23,2026-06-11,,,否
郑州正弘城经销,郑州市,一区-鲁豫,26,2021-04-21,2022-11-11,,,否
郑州正弘城（郑州瑞爵）,郑州市,一区-鲁豫,221,2023-10-12,2025-11-02,,,否
郑州正弘汇,郑州市,一区-鲁豫,199,2023-12-07,2026-08-23,2026-04-25,2026.0,是
郑州熙地港,郑州市,一区-鲁豫,147,2021-04-28,2023-11-07,,,否
郑州熙地港王府井,郑州市,一区-鲁豫,1092,2021-04-28,2026-08-23,2024-12-11,2024.0,是
郑州管城,郑州市,一区-鲁豫,3308,2021-04-28,2026-08-23,2022-06-29,2022.0,是
青岛万象城,青岛市,一区-鲁豫,274,2021-04-21,2024-01-29,,,否
青岛万象城（换铺）,青岛市,一区-鲁豫,859,2021-04-25,2026-08-06,,,否
青岛吾悦广场,青岛市,一区-鲁豫,1073,2023-01-16,2026-08-24,2024-12-30,2024.0,是
青岛城阳车城店,青岛市,一区-鲁豫,1771,2021-04-20,2026-08-24,2023-10-01,2023.0,是
青岛市南,青岛市,一区-鲁豫,1407,2021-04-20,2026-06-18,2022-08-20,2022.0,是
青岛市南车城店,青岛市,一区-鲁豫,867,2021-04-21,2026-08-22,2026-03-15,2026.0,是
青岛胶州龙湖天街,青岛市,一区-鲁豫,47,2025-10-15,2026-04-26,,,否
青岛西海岸融创茂,青岛市,一区-鲁豫,281,2021-04-29,2024-12-24,,,否
青岛览秀城  0327-0426,青岛市,一区-鲁豫,12,2026-03-09,2026-04-14,,,否
青岛金狮广场  0327-0426,青岛市,一区-鲁豫,1,2026-03-31,2026-03-31,,,否
青岛黄岛吾悦  0327-0426,青岛市,一区-鲁豫,3,2026-03-31,2026-04-18,,,否
青岛万象城经销,,一区-鲁豫,4,2021-04-26,2022-11-25,,,否
上海万象城,上海市,上海区,46,2021-04-29,2025-06-30,,,否
上海万象城（智发）,上海市,上海区,147,2022-02-17,2025-12-07,,,否
上海东安路展厅,上海市,上海区,4043,2021-04-28,2026-08-20,2023-06-29,2023.0,是
上海中信泰富,上海市,上海区,1119,2021-04-20,2024-08-24,,,否
上海中信泰富万达（嘉定）,上海市,上海区,1330,2021-04-20,2025-12-11,,,否
上海临港万达,上海市,上海区,586,2023-09-18,2026-08-24,2025-05-18,2025.0,是
上海临港泥城万达 11/8-12/7,上海市,上海区,2,2024-09-06,2024-09-06,,,否
上海临港爱琴海城,上海市,上海区,409,2022-12-20,2025-02-20,,,否
上海久光中心,上海市,上海区,1787,2021-04-14,2024-10-28,,,否
上海五角场合生汇,上海市,上海区,2763,2021-04-20,2025-12-30,,,否
上海五角场合生汇慢闪,上海市,上海区,593,2021-04-22,2024-05-11,,,否
上海仲盛世界,上海市,上海区,1336,2021-04-25,2026-08-23,2024-09-15,2024.0,是
上海前湾印象城,上海市,上海区,602,2021-04-15,2026-08-23,2025-12-23,2025.0,是
上海北外滩来福士,上海市,上海区,1150,2021-04-20,2024-10-14,,,否
上海南翔印象城,上海市,上海区,2064,2024-01-16,2026-08-24,2024-04-13,2024.0,是
上海周浦万达,上海市,上海区,907,2021-04-20,2024-06-17,,,否
上海周浦万达2025,上海市,上海区,93,2023-08-25,2025-08-28,,,否
上海周浦万达（换铺）,上海市,上海区,480,2021-11-14,2026-08-23,,,否
上海嘉亭荟,上海市,上海区,1058,2021-04-20,2024-12-21,,,否
上海嘉亭荟（换铺）,上海市,上海区,1304,2022-02-17,2026-08-24,,,否
上海嘉定,上海市,上海区,998,2024-02-04,2026-08-24,2024-11-22,2024.0,是
上海城市西岸传媒港,上海市,上海区,781,2023-12-30,2026-07-27,2024-07-15,2024.0,是
上海复地活力城,上海市,上海区,862,2023-01-16,2026-08-24,2024-12-13,2024.0,是
上海大宁国际,上海市,上海区,376,2022-09-12,2025-10-06,,,否
上海天安千树,上海市,上海区,221,2021-04-15,2022-09-01,,,否
上海奉贤,上海市,上海区,1338,2021-04-22,2026-08-23,2024-01-26,2024.0,是
上海奉贤龙湖天街,上海市,上海区,618,2023-04-17,2026-08-23,2026-01-31,2026.0,是
上海宝山,上海市,上海区,3231,2021-04-29,2026-08-24,2022-10-31,2022.0,是
上海宝山山姆城市展厅,上海市,上海区,1,2024-09-18,2024-09-18,,,否
上海宝山高境,上海市,上海区,1375,2021-04-29,2026-08-23,2024-07-31,2024.0,是
上海宝山龙湖天街,上海市,上海区,363,2023-05-30,2025-12-30,,,否
上海宝山龙湖天街（2026）,上海市,上海区,29,2024-02-26,2026-08-23,2026-08-15,2026.0,是
上海宝杨宝龙,上海市,上海区,673,2023-03-18,2026-08-24,2025-04-10,2025.0,是
上海山姆会员慢闪,上海市,上海区,483,2021-04-22,2024-07-22,,,否
上海川沙百联,上海市,上海区,485,2024-01-01,2026-08-24,2025-04-05,2025.0,是
上海徐汇万科,上海市,上海区,35,2025-04-04,2025-07-09,,,否
上海徐汇万科（换铺）,上海市,上海区,397,2025-03-27,2026-08-23,,,否
上海普陀,上海市,上海区,3893,2021-04-14,2026-08-24,2022-07-05,2022.0,是
上海普陀经销,上海市,上海区,2,2022-09-29,2022-09-29,,,否
上海松江,上海市,上海区,1216,2022-12-21,2026-08-22,2024-02-28,2024.0,是
上海松江印象城,上海市,上海区,770,2021-08-31,2025-11-07,,,否
上海松江印象城（内+外铺）,上海市,上海区,115,2023-08-01,2025-06-28,,,否
上海松江印象城（内铺换铺，外铺续铺）,上海市,上海区,1007,2023-07-10,2026-08-23,,,否
上海浦东康桥,上海市,上海区,2683,2021-04-14,2026-08-22,2023-10-22,2023.0,是
上海浦东航头,上海市,上海区,1520,2023-01-21,2026-08-24,2024-02-28,2024.0,是
上海浦东金桥,上海市,上海区,2608,2022-03-02,2026-08-24,2023-12-27,2023.0,是
上海浦江万达,上海市,上海区,174,2025-07-15,2026-08-23,2025-12-30,2025.0,是
上海浦江车城店,上海市,上海区,1864,2021-04-20,2026-08-24,2023-08-31,2023.0,是
上海海梦一方,上海市,上海区,641,2021-04-20,2024-09-10,,,否
上海漕溪北路车城店,上海市,上海区,337,2024-05-04,2026-08-23,2026-06-25,2026.0,是
上海百联南方,上海市,上海区,1607,2021-08-30,2026-03-27,,,否
上海荟聚,上海市,上海区,556,2021-04-29,2026-08-24,2025-05-01,2025.0,是
上海虹桥南丰城,上海市,上海区,1254,2021-04-20,2026-08-24,2024-09-26,2024.0,是
上海虹桥天地,上海市,上海区,534,2022-08-21,2024-08-31,,,否
上海虹桥天地（联通）,上海市,上海区,1800,2023-10-25,2026-08-24,2024-09-21,2024.0,是
上海西郊百联,上海市,上海区,270,2023-05-07,2025-05-08,,,否
上海金山百联,上海市,上海区,783,2024-05-02,2026-08-23,2024-06-19,2024.0,是
上海长宁来福士,上海市,上海区,2839,2021-04-14,2026-07-27,2022-01-22,2022.0,是
上海长宁来福士（扩铺）,上海市,上海区,67,2021-04-20,2026-08-23,2026-07-17,2026.0,是
上海长泰广场,上海市,上海区,1567,2021-04-20,2024-10-29,,,否
上海长泰广场（永达）,上海市,上海区,1386,2021-04-20,2026-08-20,2024-11-17,2024.0,是
上海闵行,上海市,上海区,2419,2021-04-15,2026-08-19,2022-12-31,2022.0,是
上海闵行颛桥,上海市,上海区,1477,2023-01-10,2026-08-24,2024-09-06,2024.0,是
上海闵行龙湖天街,上海市,上海区,400,2024-04-22,2026-08-22,2025-06-30,2025.0,是
上海青浦,上海市,上海区,1452,2023-12-02,2026-08-24,2023-12-20,2023.0,是
上海静安大融城 ,上海市,上海区,451,2021-08-30,2026-08-24,2026-04-30,2026.0,是
北京APM,北京市,北区-京津东北,352,2021-04-20,2024-07-26,,,否
北京万柳华联,北京市,北区-京津东北,485,2024-09-19,2026-08-24,2025-07-31,2025.0,是
北京世纪金源,北京市,北区-京津东北,314,2021-04-25,2024-10-24,,,否
北京世纪金源（换铺）,北京市,北区-京津东北,211,2024-04-08,2025-06-08,,,否
北京丰台,北京市,北区-京津东北,1128,2021-04-27,2026-05-08,,,否
北京丰台张仪村路,北京市,北区-京津东北,952,2021-04-24,2026-08-24,2026-04-01,2026.0,是
北京丰科万达,北京市,北区-京津东北,78,2026-03-26,2026-08-25,2026-06-01,2026.0,是
北京丰科万达  0508-0607,北京市,北区-京津东北,5,2026-03-27,2026-05-13,,,否
北京五棵松万达,北京市,北区-京津东北,651,2021-04-20,2024-10-24,,,否
北京五棵松万达（换铺）,北京市,北区-京津东北,251,2021-04-20,2025-04-27,,,否
北京北投,北京市,北区-京津东北,59,2022-03-27,2023-08-25,,,否
北京华熙LIVE,北京市,北区-京津东北,416,2021-04-21,2026-03-16,,,否
北京华熙LIVE（北京国生）,北京市,北区-京津东北,1800,2021-04-20,2026-08-24,2026-04-01,2026.0,是
北京合生汇,北京市,北区-京津东北,3166,2021-04-20,2026-08-23,2023-07-06,2023.0,是
北京大兴龙湖天街,北京市,北区-京津东北,53,2026-01-04,2026-08-23,2026-04-30,2026.0,是
北京昌平,北京市,北区-京津东北,95,2026-03-02,2026-08-23,2026-05-30,2026.0,是
北京望京凯德,北京市,北区-京津东北,324,2021-04-22,2024-11-23,,,否
北京朝阳,北京市,北区-京津东北,2300,2021-04-21,2026-08-24,2022-06-30,2022.0,是
北京朝阳公园,北京市,北区-京津东北,1162,2023-01-18,2026-08-22,2024-08-25,2024.0,是
北京朝阳金盏,北京市,北区-京津东北,324,2024-04-08,2025-07-20,,,否
北京来广营车城店,北京市,北区-京津东北,1244,2022-01-24,2026-08-24,2025-04-30,2025.0,是
北京清河万象汇,北京市,北区-京津东北,518,2023-10-12,2026-08-24,2025-08-16,2025.0,是
北京西三旗万象汇,北京市,北区-京津东北,390,2022-10-12,2026-05-27,,,否
北京西北旺万象汇,北京市,北区-京津东北,267,2022-07-16,2026-08-23,2026-06-05,2026.0,是
北京超极合生汇,北京市,北区-京津东北,1259,2021-04-14,2026-08-24,2025-03-28,2025.0,是
北京通州万象汇,北京市,北区-京津东北,25,2026-04-05,2026-08-22,2026-08-15,2026.0,是
北京通州万象汇  0320-0719,北京市,北区-京津东北,60,2026-03-22,2026-07-14,,,否
北京通州万达,北京市,北区-京津东北,69,2026-03-26,2026-08-23,2026-05-20,2026.0,是
北京通州万达广场,北京市,北区-京津东北,393,2021-04-24,2025-11-02,,,否
北京顺义华联,北京市,北区-京津东北,274,2022-04-23,2026-08-22,2025-12-31,2025.0,是
北京领展中关村,北京市,北区-京津东北,489,2021-04-20,2024-08-12,,,否
北京领展经销,北京市,北区-京津东北,47,2021-04-20,2022-12-20,,,否
北京龙德广场,北京市,北区-京津东北,894,2021-04-25,2026-06-13,2023-08-25,2023.0,是
哈尔滨南岗,哈尔滨市,北区-京津东北,1,2026-07-13,2026-07-13,2022-05-15,2022.0,是
哈尔滨松北万象汇,哈尔滨市,北区-京津东北,513,2025-08-16,2026-08-24,2025-09-05,2025.0,是
哈尔滨车城店,哈尔滨市,北区-京津东北,227,2025-09-07,2026-08-24,2025-10-31,2025.0,是
大庆高新车城店,大庆市,北区-京津东北,367,2025-05-17,2026-08-24,2025-10-20,2025.0,是
大连北站华北路车城体验中心,大连市,北区-京津东北,145,2025-11-22,2026-08-22,2025-11-25,2025.0,是
大连华南万象汇,大连市,北区-京津东北,147,2025-04-18,2026-02-01,,,否
大连柏威年,大连市,北区-京津东北,600,2021-04-24,2024-08-18,,,否
大连柏威年经销,大连市,北区-京津东北,4,2022-11-17,2022-11-26,,,否
大连柏威年（2026）,大连市,北区-京津东北,366,2022-12-20,2026-08-24,2026-03-20,2026.0,是
大连甘井子,大连市,北区-京津东北,1639,2021-04-23,2026-08-23,2022-07-01,2022.0,是
天津东丽,天津市,北区-京津东北,101,2021-04-25,2024-05-26,,,否
天津东丽-新,天津市,北区-京津东北,2501,2021-04-20,2026-08-23,2022-11-19,2022.0,是
天津中海环宇城,天津市,北区-京津东北,198,2021-04-25,2024-02-03,,,否
天津印象城,天津市,北区-京津东北,10,2021-04-23,2022-12-24,,,否
天津天河城,天津市,北区-京津东北,148,2021-04-27,2024-05-13,,,否
天津梅江龙湖天街,天津市,北区-京津东北,267,2023-08-17,2026-05-30,,,否
天津滨海万达,天津市,北区-京津东北,19,2026-04-11,2026-08-22,2026-05-06,2026.0,是
天津滨海新区车城店,天津市,北区-京津东北,114,2025-12-24,2026-08-23,2025-12-31,2025.0,是
天津西青,天津市,北区-京津东北,1680,2023-04-29,2026-08-23,2024-04-23,2024.0,是
天津西青大悦汇,天津市,北区-京津东北,31,2023-09-12,2024-07-22,,,否
天津西青车城店,天津市,北区-京津东北,454,2024-07-24,2026-07-11,2025-03-05,2025.0,是
天津西青车城店-迁址,天津市,北区-京津东北,91,2024-08-31,2026-08-24,,,否
抚顺新抚城市空间,抚顺市,北区-京津东北,2,2026-07-26,2026-07-26,2026-07-05,2026.0,是
沈阳三台子车城,沈阳市,北区-京津东北,1031,2023-04-26,2026-02-12,,,否
沈阳于洪沈大路,沈阳市,北区-京津东北,4,2025-07-16,2025-09-07,,,否
沈阳于洪车城店,沈阳市,北区-京津东北,765,2022-12-20,2026-08-24,2026-03-01,2026.0,是
沈阳沈河,沈阳市,北区-京津东北,662,2025-03-31,2026-08-24,2025-05-23,2025.0,是
沈阳皇姑万象汇,沈阳市,北区-京津东北,55,2025-08-15,2025-11-16,,,否
沈阳铁西万象汇,沈阳市,北区-京津东北,560,2025-04-17,2026-08-23,2025-04-07,2025.0,是
沈阳长白万象汇,沈阳市,北区-京津东北,136,2023-05-03,2023-12-30,,,否
沈阳长白万象汇（2025）,沈阳市,北区-京津东北,31,2025-04-11,2025-09-01,,,否
长春净月,长春市,北区-京津东北,887,2024-09-06,2026-08-25,2025-04-20,2025.0,是
长春摩天活力城,长春市,北区-京津东北,347,2023-10-08,2026-08-18,2025-12-30,2025.0,是
长春新天地,长春市,北区-京津东北,469,2023-12-04,2024-12-27,,,否
北京APM经销,,北区-京津东北,23,2021-04-20,2022-11-05,,,否
临汾尧都城市空间,临汾市,北区-山河,79,2025-05-07,2026-08-23,2026-04-20,2026.0,是
保定爱情广场,保定市,北区-山河,67,2024-12-03,2026-08-24,2026-04-01,2026.0,是
保定莲池,保定市,北区-山河,673,2024-06-13,2026-08-23,2024-07-02,2024.0,是
保定雄安车城店,保定市,北区-山河,250,2025-04-17,2026-08-22,2025-04-26,2025.0,是
唐山开平车城店,唐山市,北区-山河,226,2023-08-25,2026-08-21,2025-10-15,2025.0,是
大同云冈,大同市,北区-山河,961,2023-12-12,2026-08-24,2023-12-25,2023.0,是
太原万国车城店,太原市,北区-山河,516,2021-04-28,2026-08-24,2025-12-15,2025.0,是
太原万象城,太原市,北区-山河,129,2022-08-21,2024-01-05,,,否
太原吾悦广场经销,太原市,北区-山河,4,2022-09-08,2023-01-03,,,否
太原小店,太原市,北区-山河,1997,2021-04-25,2026-08-24,2022-12-27,2022.0,是
太原车城店,太原市,北区-山河,1195,2023-06-10,2026-08-24,2023-12-20,2023.0,是
太原龙湖万达,太原市,北区-山河,40,2026-03-27,2026-08-23,2026-04-24,2026.0,是
廊坊安次车城店,廊坊市,北区-山河,253,2025-08-29,2026-08-24,2025-09-20,2025.0,是
承德双桥车城店,承德市,北区-山河,65,2026-03-11,2026-08-18,2026-03-12,2026.0,是
晋城泽州车城店,晋城市,北区-山河,244,2025-08-15,2026-08-23,2025-09-20,2025.0,是
沧州新华,沧州市,北区-山河,743,2021-04-20,2026-07-20,2023-09-03,2023.0,是
沧州运河车城店,沧州市,北区-山河,399,2021-09-04,2026-08-22,2025-09-02,2025.0,是
石家庄万象城,石家庄市,北区-山河,123,2021-10-18,2023-09-16,,,否
石家庄万象城经销,石家庄市,北区-山河,1,2022-10-16,2022-10-16,,,否
石家庄新华,石家庄市,北区-山河,765,2022-05-18,2026-08-24,2024-12-31,2024.0,是
石家庄桥西,石家庄市,北区-山河,202,2024-04-11,2026-08-24,2025-12-31,2025.0,是
石家庄裕华,石家庄市,北区-山河,1828,2021-10-19,2025-08-05,,,否
石家庄裕华万达,石家庄市,北区-山河,191,2022-10-07,2026-08-24,2026-04-30,2026.0,是
石家庄长安万达,石家庄市,北区-山河,127,2024-05-13,2026-07-24,2025-12-31,2025.0,是
衡水滨湖车城店,衡水市,北区-山河,196,2025-04-17,2026-08-24,2025-04-26,2025.0,是
运城盐湖,运城市,北区-山河,487,2024-04-28,2026-08-22,2024-04-16,2024.0,是
邢台信都,邢台市,北区-山河,1066,2024-01-27,2026-08-23,2024-04-30,2024.0,是
邢台信都车城店,邢台市,北区-山河,249,2023-08-26,2026-07-18,2025-05-20,2025.0,是
邢台清河县北国商城,邢台市,北区-山河,33,2025-01-08,2026-08-19,2026-06-05,2026.0,是
邯郸经开,邯郸市,北区-山河,1331,2023-12-21,2026-08-23,2024-03-13,2024.0,是
长治潞州,长治市,北区-山河,915,2023-08-25,2026-08-24,2023-09-29,2023.0,是
乌鲁木齐MM3美美,乌鲁木齐市,北区-西北,175,2022-04-17,2024-11-08,,,否
乌鲁木齐吾悦广场,乌鲁木齐市,北区-西北,144,2025-08-15,2026-02-02,,,否
乌鲁木齐头屯河车城店,乌鲁木齐市,北区-西北,108,2025-08-13,2026-08-23,2025-08-30,2025.0,是
乌鲁木齐新市赛博特车城店,乌鲁木齐市,北区-西北,216,2023-10-13,2026-07-30,2025-09-16,2025.0,是
乌鲁木齐车城店,乌鲁木齐市,北区-西北,1112,2022-12-30,2026-08-23,2024-12-31,2024.0,是
伊犁伊宁,伊犁哈萨克自治州,北区-西北,2,2025-06-03,2025-08-16,,,否
兰州中心,兰州市,北区-西北,153,2022-05-26,2024-04-16,,,否
兰州中心临时,兰州市,北区-西北,2,2023-04-29,2023-06-01,,,否
兰州城关万达,兰州市,北区-西北,1,2024-04-24,2024-04-24,,,否
兰州安宁吾悦广场,兰州市,北区-西北,450,2023-05-09,2026-08-24,2025-12-07,2025.0,是
兰州安宁车城店,兰州市,北区-西北,1,2025-08-13,2025-08-13,,,否
兰州高新,兰州市,北区-西北,1159,2023-11-01,2026-08-23,2024-04-26,2024.0,是
包头稀土高新,包头市,北区-西北,728,2022-09-01,2026-08-22,2024-06-03,2024.0,是
呼和浩特海西路,呼和浩特市,北区-西北,1458,2023-08-25,2026-08-22,2023-07-31,2023.0,是
呼和浩特赛罕,呼和浩特市,北区-西北,1279,2023-08-25,2026-07-26,2023-08-13,2023.0,是
咸阳秦都,咸阳市,北区-西北,548,2024-04-15,2026-08-24,2024-08-28,2024.0,是
咸阳秦都万达,咸阳市,北区-西北,72,2025-03-09,2026-02-02,,,否
嘉峪关酒泉车城店,嘉峪关市,北区-西北,68,2026-03-24,2026-08-23,2026-04-27,2026.0,是
陕西宝鸡车城,宝鸡市,北区-西北,370,2024-06-04,2026-08-24,2024-06-20,2024.0,是
巴州库尔勒城市空间（神州汽车商圈）,巴音郭楞蒙古自治州,北区-西北,16,2026-04-28,2026-07-24,2026-04-25,2026.0,是
榆林横山车城店,榆林市,北区-西北,137,2025-05-11,2026-08-18,2025-12-31,2025.0,是
榆林车城店,榆林市,北区-西北,426,2024-04-11,2026-08-22,2024-05-30,2024.0,是
汉中汉台城市空间,汉中市,北区-西北,2,2026-07-30,2026-08-07,2026-07-05,2026.0,是
西宁城东车城店,西宁市,北区-西北,340,2025-05-17,2026-08-22,2025-05-25,2025.0,是
西宁王府井大象城,西宁市,北区-西北,60,2025-04-19,2025-11-06,,,否
西安万象城,西安市,北区-西北,179,2023-09-01,2024-10-08,,,否
西安万象城（CCBD）,西安市,北区-西北,327,2024-04-20,2026-08-23,2025-11-07,2025.0,是
西安合生汇,西安市,北区-西北,435,2021-04-20,2024-07-27,,,否
西安大唐不夜城,西安市,北区-西北,634,2021-04-20,2024-12-29,,,否
西安常宁车城店,西安市,北区-西北,142,2024-05-08,2026-08-23,2026-04-15,2026.0,是
西安曲江创意谷,西安市,北区-西北,518,2024-01-17,2026-08-23,2025-04-30,2025.0,是
西安曲江金地广场,西安市,北区-西北,648,2021-04-20,2026-08-23,2025-04-10,2025.0,是
西安曲江龙湖天街,西安市,北区-西北,171,2023-08-25,2025-04-10,,,否
西安未央,西安市,北区-西北,1459,2023-09-01,2026-08-23,2023-11-30,2023.0,是
西安未央龙湖天街,西安市,北区-西北,447,2025-01-12,2026-08-23,2025-05-02,2025.0,是
西安浐灞,西安市,北区-西北,960,2024-09-10,2026-08-23,2024-10-21,2024.0,是
西安熙地港,西安市,北区-西北,202,2021-08-31,2023-12-31,,,否
西安熙地港（天锐）,西安市,北区-西北,1001,2023-09-04,2026-08-22,2024-09-02,2024.0,是
西安荟聚,西安市,北区-西北,1528,2021-04-20,2026-08-24,2024-04-17,2024.0,是
西安雁塔,西安市,北区-西北,2335,2021-04-21,2026-08-24,2022-05-05,2022.0,是
西安香醍天街,西安市,北区-西北,61,2023-08-18,2024-02-29,,,否
西安香醍天街（北京润德）,西安市,北区-西北,501,2024-09-12,2026-08-23,2024-10-21,2024.0,是
西安龙湖长乐天街,西安市,北区-西北,152,2025-11-04,2026-08-23,2025-11-07,2025.0,是
赤峰红山车城店,赤峰市,北区-西北,46,2026-03-11,2026-08-20,2025-12-30,2025.0,是
通辽经开车城店,通辽市,北区-西北,184,2025-06-30,2026-08-20,2025-06-30,2025.0,是
通辽车城店-换址,通辽市,北区-西北,1,2026-08-22,2026-08-22,,,否
鄂尔多斯分销店,鄂尔多斯市,北区-西北,62,2024-05-06,2025-09-24,,,否
鄂尔多斯车城店,鄂尔多斯市,北区-西北,764,2023-04-28,2026-04-26,,,否
鄂尔多斯车城店（迁址）,鄂尔多斯市,北区-西北,511,2023-02-07,2026-08-24,,,否
银川建发阅彩城,银川市,北区-西北,114,2024-02-05,2026-02-12,,,否
银川德胜汽车城,银川市,北区-西北,1294,2022-05-07,2026-08-23,2024-11-10,2024.0,是
银川新百中心,银川市,北区-西北,392,2022-12-21,2024-09-23,,,否
银川阅彩城（2026）,银川市,北区-西北,903,2022-12-26,2026-08-24,2026-03-20,2026.0,是
北海海城城市空间,北海市,华中区,2,2026-07-24,2026-08-20,2026-05-10,2026.0,是
十堰张湾,十堰市,华中区,474,2023-10-12,2026-08-24,2023-12-31,2023.0,是
南宁兴宁,南宁市,华中区,928,2021-05-01,2026-08-25,2022-06-10,2022.0,是
南宁江南万达,南宁市,华中区,262,2023-01-07,2025-12-29,,,否
南宁江南万达 3/14-9/13,南宁市,华中区,198,2023-11-12,2026-08-23,,,否
南宁荟聚,南宁市,华中区,467,2021-04-22,2025-02-05,,,否
南宁西乡塘,南宁市,华中区,779,2024-05-01,2026-08-23,2024-06-21,2024.0,是
南宁青秀万达,南宁市,华中区,555,2022-12-22,2026-08-21,2025-06-17,2025.0,是
南宁龙湖天街  03/26～05/25,南宁市,华中区,8,2026-03-28,2026-05-04,,,否
娄底娄星车城店,娄底市,华中区,240,2025-04-18,2026-08-23,2024-04-30,2024.0,是
宜昌伍家岗,宜昌市,华中区,1138,2023-08-25,2026-08-24,2024-08-15,2024.0,是
宜昌国贸,宜昌市,华中区,60,2024-08-14,2025-08-26,,,否
岳阳岳阳楼,岳阳市,华中区,834,2023-12-14,2026-08-23,2023-12-30,2023.0,是
常德车城店,常德市,华中区,646,2023-10-13,2026-08-23,2023-12-30,2023.0,是
怀化鹤城,怀化市,华中区,489,2024-05-28,2026-08-23,2024-09-20,2024.0,是
湖北恩施车城,恩施土家族苗族自治州,华中区,459,2024-04-14,2026-08-23,2024-06-09,2024.0,是
柳州城中万达,柳州市,华中区,16,2025-08-15,2025-12-31,,,否
柳州柳南车城店,柳州市,华中区,190,2025-08-29,2026-08-23,2025-10-31,2025.0,是
株洲分销店,株洲市,华中区,91,2023-12-12,2025-07-25,,,否
株洲天元,株洲市,华中区,604,2023-10-07,2026-08-24,2025-06-30,2025.0,是
桂林临桂,桂林市,华中区,399,2021-04-29,2026-08-22,2024-02-06,2024.0,是
武汉万科未来,武汉市,华中区,427,2023-06-14,2024-08-25,,,否
武汉东湖高新,武汉市,华中区,1501,2023-03-23,2026-08-24,2024-10-26,2024.0,是
武汉东湖高新城市展厅,武汉市,华中区,1,2024-09-20,2024-09-20,,,否
武汉华发中城经销,武汉市,华中区,1,2022-10-22,2022-10-22,,,否
武汉华发中城荟,武汉市,华中区,38,2021-04-20,2023-10-04,,,否
武汉壹方天地,武汉市,华中区,634,2021-04-20,2024-09-26,,,否
武汉摩尔城,武汉市,华中区,575,2022-03-31,2025-09-01,,,否
武汉摩尔城（二次换铺）,武汉市,华中区,2230,2021-04-21,2026-08-24,,,否
武汉摩尔城（换铺）,武汉市,华中区,139,2025-04-18,2025-12-06,,,否
武汉洪山,武汉市,华中区,1621,2021-04-23,2026-08-25,2024-01-26,2024.0,是
武汉荟聚,武汉市,华中区,755,2021-11-02,2024-08-18,,,否
武汉荟聚（运通）,武汉市,华中区,1494,2021-04-22,2026-06-18,2024-09-01,2024.0,是
武汉销品茂,武汉市,华中区,493,2024-12-31,2026-08-23,2026-02-01,2026.0,是
武汉黄陂,武汉市,华中区,783,2021-04-20,2024-10-30,,,否
永州分销店,永州市,华中区,43,2024-09-13,2026-04-01,,,否
永州零陵城市空间,永州市,华中区,134,2024-11-07,2026-08-22,2026-05-10,2026.0,是
湘潭雨湖城市空间,湘潭市,华中区,9,2026-07-23,2026-08-24,2026-07-15,2026.0,是
益阳赫山车城店,益阳市,华中区,158,2025-08-19,2026-08-23,2025-05-23,2025.0,是
衡阳蒸湘,衡阳市,华中区,1293,2023-08-25,2026-08-23,2023-09-29,2023.0,是
襄阳襄州,襄阳市,华中区,5,2025-04-25,2025-06-26,,,否
襄阳襄州春园东路车城店,襄阳市,华中区,3,2026-08-05,2026-08-22,2026-08-04,2026.0,是
邵阳汽车城,邵阳市,华中区,932,2023-08-25,2026-08-24,2023-11-30,2023.0,是
郴州北湖,郴州市,华中区,787,2023-12-25,2026-08-23,2024-07-31,2024.0,是
长沙万象城,长沙市,华中区,68,2023-08-27,2025-08-25,,,否
长沙北辰三角洲大悦城（换铺）,长沙市,华中区,120,2022-03-28,2026-08-24,,,否
长沙大悦城,长沙市,华中区,1685,2021-04-20,2026-07-28,2023-05-02,2023.0,是
长沙梅溪步步高,长沙市,华中区,2232,2021-04-20,2026-08-22,2022-04-12,2022.0,是
长沙梅溪经销,长沙市,华中区,1,2022-04-29,2022-04-29,,,否
长沙经开,长沙市,华中区,1919,2021-04-20,2026-08-24,2022-04-20,2022.0,是
长沙芙蓉天街,长沙市,华中区,350,2025-04-18,2026-08-23,2025-05-10,2025.0,是
长沙荟聚,长沙市,华中区,1031,2024-05-01,2026-08-25,2024-05-23,2024.0,是
长沙运达汇,长沙市,华中区,393,2024-12-05,2026-08-24,2025-12-15,2025.0,是
长沙雨花,长沙市,华中区,1192,2024-05-01,2026-08-24,2024-06-25,2024.0,是
随州高新车城,随州市,华中区,357,2024-09-11,2026-08-24,2024-06-14,2024.0,是
黄冈黄州车城店,黄冈市,华中区,234,2025-01-04,2026-02-26,,,否
黄石下陆车城店,黄石市,华中区,290,2024-12-30,2026-05-03,,,否
三亚吉阳,三亚市,华南特区,716,2023-07-02,2026-08-24,2024-01-20,2024.0,是
三亚诚越分销店,三亚市,华南特区,9,2023-01-21,2024-01-09,,,否
东莞南城车城店,东莞市,华南特区,914,2021-04-21,2026-08-24,2024-07-02,2024.0,是
东莞寮步车城店,东莞市,华南特区,1105,2022-10-16,2026-08-22,2023-06-30,2023.0,是
东莞寮步镇,东莞市,华南特区,1733,2021-04-20,2026-08-23,2022-11-04,2022.0,是
东莞常平车城店,东莞市,华南特区,51,2026-03-09,2026-08-23,2025-07-25,2025.0,是
东莞松山湖,东莞市,华南特区,482,2025-04-04,2026-08-22,2025-03-29,2025.0,是
东莞汇一城,东莞市,华南特区,266,2021-08-30,2024-02-03,,,否
东莞汇一城（2025）,东莞市,华南特区,39,2025-11-12,2026-04-16,,,否
东莞汇一城（2026）,东莞市,华南特区,105,2025-11-05,2026-08-23,2026-05-03,2026.0,是
中山海港城,中山市,华南特区,337,2022-08-11,2024-12-17,,,否
中山火炬开发区车城店,中山市,华南特区,248,2023-07-09,2026-02-08,,,否
中山火炬开发区（车城升4s前店）,中山市,华南特区,609,2023-01-09,2026-08-24,2026-01-30,2026.0,是
中山西区,中山市,华南特区,780,2023-12-08,2026-08-24,2023-12-10,2023.0,是
佛山华侨城,佛山市,华南特区,383,2022-03-25,2024-08-30,,,否
佛山华侨城(智臻),佛山市,华南特区,224,2022-02-07,2025-07-19,,,否
佛山华侨城经销,佛山市,华南特区,1,2022-10-17,2022-10-17,,,否
佛山南庄车城,佛山市,华南特区,34,2026-01-23,2026-08-24,2026-05-25,2026.0,是
佛山南海,佛山市,华南特区,953,2022-09-29,2026-08-23,2025-01-31,2025.0,是
佛山南海时代车城,佛山市,华南特区,587,2022-02-19,2024-11-30,,,否
佛山时代爱车汇,佛山市,华南特区,231,2024-04-08,2026-04-19,,,否
佛山时代爱车汇（2026）,佛山市,华南特区,227,2024-04-08,2026-08-18,2026-05-01,2026.0,是
佛山禅城,佛山市,华南特区,430,2022-12-20,2024-08-07,,,否
佛山禅城车城店,佛山市,华南特区,582,2024-05-10,2026-08-24,2025-08-25,2025.0,是
佛山顺德,佛山市,华南特区,1372,2022-12-28,2026-08-24,2023-08-08,2023.0,是
广州乐峰,广州市,华南特区,198,2021-04-20,2024-05-07,,,否
广州乐峰广场,广州市,华南特区,416,2021-04-20,2023-10-26,,,否
广州天河领展广场 03/20～05/19,广州市,华南特区,17,2026-03-26,2026-05-10,,,否
广州太阳新天地,广州市,华南特区,1692,2021-04-20,2025-09-10,,,否
广州新塘车城店,广州市,华南特区,286,2025-04-18,2026-08-24,2026-05-09,2026.0,是
广州永旺梦乐城,广州市,华南特区,212,2023-10-06,2026-05-16,,,否
广州海珠,广州市,华南特区,480,2021-04-20,2024-12-15,,,否
广州海珠万达,广州市,华南特区,802,2021-04-22,2026-08-23,2025-06-01,2025.0,是
广州海珠北山（作废）,广州市,华南特区,297,2022-12-20,2026-08-24,,,否
广州番禺,广州市,华南特区,2089,2021-04-20,2026-08-23,2023-07-07,2023.0,是
广州番禺天河城,广州市,华南特区,1510,2021-04-20,2025-08-23,,,否
广州番禺天河城（2026）,广州市,华南特区,279,2023-01-08,2026-08-24,2026-05-30,2026.0,是
广州番禺天河城（换铺）,广州市,华南特区,191,2025-08-15,2026-08-24,,,否
广州白云,广州市,华南特区,1601,2023-11-20,2026-08-24,2023-12-28,2023.0,是
广州白云万象汇,广州市,华南特区,158,2024-05-11,2026-08-24,2026-05-15,2026.0,是
广州美林天地,广州市,华南特区,1182,2023-10-01,2026-08-23,2023-12-29,2023.0,是
广州花都,广州市,华南特区,1048,2023-08-25,2026-08-24,2024-04-19,2024.0,是
广州花都骏壹万邦,广州市,华南特区,193,2024-09-17,2026-05-06,,,否
广州黄埔科学城,广州市,华南特区,1640,2021-08-30,2026-08-24,2023-10-12,2023.0,是
惠州华贸天地,惠州市,华南特区,97,2025-04-20,2025-12-26,,,否
惠州华贸天地（换铺）,惠州市,华南特区,253,2023-10-12,2026-08-23,,,否
惠州惠城,惠州市,华南特区,1218,2022-12-20,2026-08-24,2023-09-10,2023.0,是
揭阳万达  03/25～05/05,揭阳市,华南特区,2,2026-03-26,2026-03-26,,,否
揭阳揭东车城店,揭阳市,华南特区,233,2025-08-28,2026-08-24,2025-10-30,2025.0,是
汕头万象城,汕头市,华南特区,95,2023-08-25,2024-07-11,,,否
汕头万象城（2025）,汕头市,华南特区,254,2023-08-25,2026-05-01,,,否
汕头金平车城店,汕头市,华南特区,7,2025-11-12,2026-03-20,,,否
汕头龙湖4S-更换至汕头金平万达,汕头市,华南特区,747,2023-08-25,2025-12-15,,,否
汕头龙湖车城店,汕头市,华南特区,260,2023-10-12,2026-08-24,2026-05-30,2026.0,是
江门新会万达,江门市,华南特区,118,2025-08-16,2026-08-21,2025-06-30,2025.0,是
江门蓬江,江门市,华南特区,1318,2023-01-08,2026-08-23,2024-04-01,2024.0,是
海口友谊南海城,海口市,华南特区,481,2021-04-21,2024-06-15,,,否
海口美兰,海口市,华南特区,1357,2021-04-28,2026-08-24,2022-08-01,2022.0,是
海口龙华车城店,海口市,华南特区,492,2022-08-23,2026-08-23,2025-08-31,2025.0,是
海口龙湖光年,海口市,华南特区,670,2022-04-21,2026-08-18,2024-09-30,2024.0,是
深圳kkmall,深圳市,华南特区,1045,2021-04-23,2026-08-22,2026-04-30,2026.0,是
深圳前海山姆店,深圳市,华南特区,302,2021-04-20,2024-06-10,,,否
深圳卓悦中心,深圳市,华南特区,2104,2021-04-23,2026-08-23,2023-09-27,2023.0,是
深圳南山,深圳市,华南特区,1683,2021-04-20,2026-08-24,2022-11-25,2022.0,是
深圳壹方城经销,深圳市,华南特区,853,2021-04-20,2024-05-13,,,否
深圳壹方城（2025）,深圳市,华南特区,1390,2021-11-12,2026-08-23,2025-04-18,2025.0,是
深圳布吉万象汇  0501-0531,深圳市,华南特区,4,2026-03-26,2026-03-26,,,否
深圳欢乐港湾,深圳市,华南特区,1342,2021-04-20,2026-05-29,,,否
深圳海岸城,深圳市,华南特区,3750,2021-04-20,2026-08-23,2022-11-17,2022.0,是
深圳海雅缤纷城,深圳市,华南特区,90,2021-04-20,2023-11-30,,,否
深圳知汇广场,深圳市,华南特区,939,2021-04-25,2026-04-17,,,否
深圳龙华壹方天地,深圳市,华南特区,618,2023-01-06,2026-08-23,2025-09-26,2025.0,是
深圳龙华天虹,深圳市,华南特区,167,2023-06-16,2024-09-28,,,否
深圳龙岗,深圳市,华南特区,1268,2024-04-08,2026-08-24,2024-12-31,2024.0,是
深圳龙岗万科里,深圳市,华南特区,221,2023-09-09,2024-10-26,,,否
清远港鸿车城店,清远市,华南特区,62,2026-03-21,2026-08-24,2026-04-27,2026.0,是
湛江赤坎,湛江市,华南特区,1158,2023-01-03,2026-08-24,2023-12-31,2023.0,是
珠海优特汇（2025）更名珠海万象汇,珠海市,华南特区,345,2022-12-22,2026-02-27,,,否
珠海华发商都,珠海市,华南特区,550,2022-12-25,2026-07-04,2025-08-15,2025.0,是
珠海宝龙城,珠海市,华南特区,759,2021-04-23,2025-10-28,,,否
珠海香洲,珠海市,华南特区,1283,2021-11-24,2026-07-09,2024-10-26,2024.0,是
肇庆端州车城店,肇庆市,华南特区,62,2025-12-26,2026-08-19,2025-12-01,2025.0,是
深圳壹方城直销,,华南特区,40,2021-04-20,2022-08-15,,,否
上海天安千树经销,七台河市,虚拟大区,3,2022-09-29,2022-09-29,,,否
上海张江展厅,上海市,虚拟大区,1236,2021-04-20,2026-08-23,,,否
北京领展,北京市,虚拟大区,1,2021-04-24,2021-04-24,,,否
上海真如环宇城MAX城市展厅,大兴安岭地区,虚拟大区,1,2024-09-15,2024-09-15,,,否
广州太阳经销,广州市,虚拟大区,14,2021-04-24,2022-12-23,,,否
总部主理店,拉萨市,虚拟大区,9092,2021-04-14,2026-08-24,,,否
总部主理店2,拉萨市,虚拟大区,42,2022-02-17,2026-04-15,,,否
总部主理店3,拉萨市,虚拟大区,17,2025-03-20,2025-12-10,,,否
总部孵化店,拉萨市,虚拟大区,2180,2021-04-20,2026-05-05,,,否
杭州亲橙里,杭州市,虚拟大区,7,2023-08-25,2023-10-12,,,否
海口友谊南海经销,海口市,虚拟大区,3,2022-10-30,2023-05-29,,,否
上海天安千树新,,虚拟大区,953,2021-04-20,2024-05-13,,,否
安吉租赁,,虚拟大区,248,2021-04-20,2024-10-01,,,否
乐山市中,乐山市,西区-川云,813,2023-08-25,2026-08-23,2023-10-17,2023.0,是
凉山州西昌,凉山彝族自治州,西区-川云,17,2024-05-17,2025-03-18,,,否
南充王府井,南充市,西区-川云,461,2022-01-17,2025-08-13,,,否
南充高坪,南充市,西区-川云,983,2023-09-23,2026-08-22,2023-12-31,2023.0,是
宜宾车城店,宜宾市,西区-川云,1076,2023-09-16,2026-08-24,2023-12-30,2023.0,是
巴中经开,巴中市,西区-川云,39,2026-03-27,2026-08-20,2026-03-23,2026.0,是
德阳万达城市展厅,德阳市,西区-川云,2,2024-09-16,2024-09-16,,,否
德阳车城店,德阳市,西区-川云,1114,2021-04-29,2026-08-22,2023-11-16,2023.0,是
成都万象城,成都市,西区-川云,1075,2021-09-02,2025-02-16,,,否
成都世茂广场,成都市,西区-川云,314,2022-12-21,2026-08-22,2026-06-20,2026.0,是
成都世豪广场,成都市,西区-川云,287,2022-04-17,2024-06-16,,,否
成都仁和新城,成都市,西区-川云,737,2021-04-20,2023-10-08,,,否
成都光环购物公园,成都市,西区-川云,442,2023-01-15,2025-06-17,,,否
成都光环购物公园（2025）,成都市,西区-川云,1164,2022-12-20,2026-08-25,2025-04-18,2025.0,是
成都合景摩方,成都市,西区-川云,572,2023-01-14,2026-08-24,2025-07-18,2025.0,是
成都大悦城,成都市,西区-川云,615,2022-05-07,2024-06-04,,,否
成都天府和悦,成都市,西区-川云,2371,2021-08-30,2026-08-23,2023-05-19,2023.0,是
成都天府大悦城,成都市,西区-川云,51,2025-04-14,2025-10-15,,,否
成都来福士,成都市,西区-川云,534,2021-04-20,2024-06-15,,,否
成都武侯大悦城,成都市,西区-川云,43,2022-06-30,2025-06-09,,,否
成都武侯大悦城（换铺）,成都市,西区-川云,395,2022-06-19,2025-12-27,,,否
成都温江合生汇,成都市,西区-川云,226,2023-08-25,2024-07-28,,,否
成都温江合生汇2025,成都市,西区-川云,774,2023-09-02,2026-08-23,2025-07-31,2025.0,是
成都温江合生汇（换铺）,成都市,西区-川云,109,2024-04-08,2025-08-10,,,否
成都红星美凯龙,成都市,西区-川云,122,2024-04-08,2025-12-15,,,否
成都羊西线,成都市,西区-川云,2228,2022-04-17,2026-08-24,2024-05-10,2024.0,是
成都西宸天街,成都市,西区-川云,335,2022-04-29,2025-01-12,,,否
成都西宸天街（换铺）,成都市,西区-川云,1052,2022-12-20,2026-08-24,,,否
成都金牛凯德广场,成都市,西区-川云,775,2023-06-29,2026-08-24,2025-12-06,2025.0,是
成都银泰城,成都市,西区-川云,6,2025-04-17,2025-05-13,,,否
成都银泰城（换铺）,成都市,西区-川云,664,2023-08-25,2026-08-24,,,否
成都锦江,成都市,西区-川云,2420,2023-02-01,2026-08-24,2023-12-31,2023.0,是
成都高新,成都市,西区-川云,4022,2021-04-23,2026-08-24,2022-11-22,2022.0,是
成都龙潭寺车城店,成都市,西区-川云,520,2022-07-03,2024-07-06,,,否
昆明万象城,昆明市,西区-川云,141,2021-04-24,2024-06-10,,,否
昆明五华,昆明市,西区-川云,3,2026-06-29,2026-08-23,2026-08-12,2026.0,是
昆明公园1903,昆明市,西区-川云,1043,2022-05-07,2026-07-01,2025-04-30,2025.0,是
昆明公园1903（金华泰）,昆明市,西区-川云,15,2026-07-29,2026-08-23,2026-07-20,2026.0,是
昆明南亚风情,昆明市,西区-川云,1697,2021-04-23,2026-06-29,2024-10-01,2024.0,是
昆明南亚风情（金华泰）,昆明市,西区-川云,66,2021-04-20,2026-08-25,2026-07-20,2026.0,是
昆明大悦城,昆明市,西区-川云,1113,2021-04-20,2024-12-08,,,否
昆明官渡,昆明市,西区-川云,2062,2022-03-31,2026-06-29,2022-07-01,2022.0,是
昆明海乐世界,昆明市,西区-川云,12,2025-10-22,2026-01-21,,,否
昆明荟聚,昆明市,西区-川云,127,2023-08-25,2026-08-23,2026-06-15,2026.0,是
昭通昭阳,昭通市,西区-川云,762,2024-04-11,2026-08-22,2024-04-15,2024.0,是
曲靖麒麟,曲靖市,西区-川云,424,2024-07-04,2026-08-24,2024-07-31,2024.0,是
泸州纳溪,泸州市,西区-川云,914,2023-11-12,2026-08-24,2023-12-31,2023.0,是
眉山东坡城市空间,眉山市,西区-川云,3,2026-08-24,2026-08-24,2026-07-25,2026.0,是
绵阳涪城万达,绵阳市,西区-川云,107,2025-09-06,2026-08-23,2025-12-17,2025.0,是
绵阳高新,绵阳市,西区-川云,316,2025-08-15,2026-08-24,2025-09-30,2025.0,是
自贡大安分销店,自贡市,西区-川云,96,2025-02-18,2026-05-03,,,否
达州达川,达州市,西区-川云,546,2023-11-24,2026-08-24,2023-11-20,2023.0,是
成都天府和悦经销,,西区-川云,4,2023-09-26,2023-10-12,,,否
昆明大悦城经销,,西区-川云,2,2022-10-25,2022-12-27,,,否
六盘水水城,六盘水市,西区-贵渝,20,2026-03-26,2026-08-19,2026-03-25,2026.0,是
安顺西秀,安顺市,西区-贵渝,565,2025-03-17,2026-08-23,2025-04-01,2025.0,是
毕节七星关城市空间,毕节市,西区-贵渝,9,2026-08-18,2026-08-18,2026-06-10,2026.0,是
贵阳万象城,贵阳市,西区-贵渝,594,2022-04-27,2026-08-22,2024-09-30,2024.0,是
贵阳万象汇,贵阳市,西区-贵渝,522,2021-08-30,2025-09-07,,,否
贵阳万象汇2026,贵阳市,西区-贵渝,854,2022-04-16,2026-08-24,2025-09-03,2025.0,是
贵阳万象汇（外铺+点位）,贵阳市,西区-贵渝,340,2023-09-06,2026-04-05,,,否
贵阳印象城,贵阳市,西区-贵渝,231,2021-04-20,2024-03-31,,,否
贵阳悦然时光,贵阳市,西区-贵渝,169,2022-04-04,2026-08-23,2026-07-22,2026.0,是
贵阳花溪,贵阳市,西区-贵渝,2783,2021-04-23,2026-08-24,2022-08-24,2022.0,是
遵义播州,遵义市,西区-贵渝,1014,2023-10-03,2026-08-24,2024-11-30,2024.0,是
重庆万州分销店,重庆市,西区-贵渝,34,2023-07-25,2025-02-17,,,否
重庆万州车城,重庆市,西区-贵渝,592,2023-08-28,2026-08-24,2024-03-28,2024.0,是
重庆光环购物公园,重庆市,西区-贵渝,1044,2021-04-20,2025-10-31,,,否
重庆光环购物公园（换铺）,重庆市,西区-贵渝,446,2022-04-09,2026-06-20,,,否
重庆协信星光,重庆市,西区-贵渝,109,2023-10-05,2024-08-07,,,否
重庆南岸,重庆市,西区-贵渝,1317,2023-08-25,2026-08-24,2023-09-30,2023.0,是
重庆新光里,重庆市,西区-贵渝,755,2024-04-08,2025-07-17,,,否
重庆新光里（重庆昕悦欣）,重庆市,西区-贵渝,844,2022-04-19,2026-08-24,2025-07-29,2025.0,是
重庆星光68,重庆市,西区-贵渝,269,2021-04-20,2024-05-20,,,否
重庆涪陵百事达分销店,重庆市,西区-贵渝,102,2024-04-30,2025-11-09,,,否
重庆渝北,重庆市,西区-贵渝,3687,2021-04-22,2026-08-24,2022-07-01,2022.0,是
重庆熙街,重庆市,西区-贵渝,239,2024-03-19,2025-03-25,,,否
重庆礼嘉天街,重庆市,西区-贵渝,590,2021-04-23,2026-08-24,2026-07-31,2026.0,是
重庆金菱车世界,重庆市,西区-贵渝,1234,2023-08-25,2026-08-23,2024-01-28,2024.0,是
重庆长嘉汇,重庆市,西区-贵渝,343,2021-04-20,2024-07-27,,,否
重庆龙湖天街,重庆市,西区-贵渝,1991,2021-04-22,2026-08-24,2022-10-28,2022.0,是
黔东南凯里城市空间,黔东南苗族侗族自治州,西区-贵渝,3,2026-08-05,2026-08-24,2026-07-15,2026.0,是
黔西南兴义城市空间,黔西南布依族苗族自治州,西区-贵渝,22,2026-04-02,2026-08-19,2026-03-25,2026.0,是
贵阳印象城经销,,西区-贵渝,5,2021-08-30,2022-04-29,,,否
重庆星光68经销,,西区-贵渝,3,2022-04-26,2022-06-29,,,否
