price_bucket,body_type,vehicle_level_group,fuel_type_group,sales,weighted_tp,active_months,share_pct,market_rank,model_top3,top1_model,top3_sales,top3_concentration_pct,top3_stable,stable_top3_concentration_pct,stable_model_count,mapped_model_sales_pct,concentration_label
10-15万,轿车,A,其他能源,1946482.0,117743.24171203496,12,8.710793737639923,1,大众速腾（15.3%）、大众朗逸（12.6%）、本田思域（9.2%）,大众速腾,723253.0,37.15693235282936,大众速腾（15.3%）、大众朗逸（12.6%）、本田思域（9.2%）,37.15693235282936,3,100.0,中度集中
10-15万,SUV,A,其他能源,1900888.0,120128.35524465526,12,8.50675386998435,2,丰田锋兰达（10.6%）、长安CS75（9.8%）、吉利博越（9.2%）,丰田锋兰达,562593.0,29.596325506815763,丰田锋兰达（10.6%）、长安CS75（9.8%）、吉利博越（9.2%）,29.596325506815763,3,100.0,低集中
5-10万,轿车,A,其他能源,1548356.0,78880.6132342977,12,6.929121229190509,3,日产轩逸（16.1%）、长安逸动（10.4%）、吉利新帝豪（9.2%）,日产轩逸,552099.0,35.65710986362309,日产轩逸（16.1%）、长安逸动（10.4%）、吉利新帝豪（9.2%）,35.65710986362309,3,100.0,中度集中
15-20万,轿车,B,其他能源,1092592.0,174193.0120640939,12,4.8895101785659865,4,大众帕萨特（19.2%）、丰田凯美瑞（18.9%）、大众迈腾（17.1%）,大众帕萨特,603013.0,55.191050273112005,大众帕萨特（19.2%）、丰田凯美瑞（18.9%）、大众迈腾（17.1%）,55.191050273112005,3,100.0,高集中
10-15万,轿车,A,新能源,946563.0,124450.2589260232,12,4.236008888179628,5,比亚迪秦（37.7%）、埃安AION S（21.1%）、大众ID.3（9.3%）,比亚迪秦,644398.0,68.07766625148035,比亚迪秦（37.7%）、埃安AION S（21.1%）、大众ID.3（9.3%）,68.07766625148035,3,100.0,高集中
15-20万,SUV,A,其他能源,896958.0,167297.9138526596,12,4.014019204557776,6,本田CR-V（23.1%）、丰田RAV4荣放（19.8%）、本田皓影（14.6%）,本田CR-V,515149.0,57.43290098310065,本田CR-V（23.1%）、丰田RAV4荣放（19.8%）、本田皓影（14.6%）,57.43290098310065,3,100.0,高集中
10-15万,SUV,A,新能源,739260.0,136806.6056365172,12,3.30829741990303,7,比亚迪元（33.4%）、埃安AION Y（26.8%）、比亚迪宋（19.5%）,比亚迪元,588821.0,79.65005546086627,比亚迪元（33.4%）、埃安AION Y（26.8%）、欧尚汽车欧尚Z6（5.1%）,65.25958390823256,3,100.0,高集中
5-10万,SUV,A,其他能源,716715.0,85593.41969890603,12,3.207405223204015,8,哈弗哈弗H6（17.2%）、长安CS55（9.8%）、捷达捷达VS5（9.7%）,哈弗哈弗H6,262700.0,36.65334198391271,哈弗哈弗H6（17.2%）、长安CS55（9.8%）、捷达捷达VS5（9.7%）,36.65334198391271,3,100.0,中度集中
15-20万,SUV,A,新能源,598153.0,164619.84256082724,12,2.676822804706405,9,比亚迪宋（69.2%）、吉利银河L7（8.1%）、大众ID.4 CROZZ（5.9%）,比亚迪宋,497797.0,83.22235280939826,比亚迪宋（69.2%）、大众ID.4 CROZZ（5.9%）、大众ID.4 X（4.0%）,79.17572928665409,3,100.0,高集中
15-20万,SUV,B,其他能源,574942.0,178451.90180517433,12,2.5729501598813513,10,大众探岳（24.6%）、大众途观（20.8%）、红旗HS5（16.4%）,大众探岳,355080.0,61.75927310928755,大众探岳（24.6%）、红旗HS5（16.4%）、别克昂科威（14.8%）,55.80493336719182,3,100.0,高集中
25-30万,SUV,B,新能源,554558.0,270528.43485929794,12,2.481728756576285,11,特斯拉MODEL Y（83.7%）、AITO问界M5（5.6%）、比亚迪唐（4.0%）,特斯拉MODEL Y,517132.0,93.25120185805632,特斯拉MODEL Y（83.7%）、AITO问界M5（5.6%）、比亚迪唐（4.0%）,93.25120185805632,3,100.0,高集中
5万以下,轿车,A00,新能源,529977.0,44019.77870043093,12,2.371725159900371,12,五菱宏光MINI EV（39.4%）、长安Lumin（25.5%）、吉利熊猫mini（18.6%）,五菱宏光MINI EV,442494.0,83.4930572458805,五菱宏光MINI EV（39.4%）、长安Lumin（25.5%）、吉利熊猫mini（18.6%）,83.4930572458805,3,100.0,高集中
5-10万,轿车,A0,新能源,486371.0,76620.72927120543,12,2.17658188514955,13,比亚迪海鸥（58.9%）、五菱五菱缤果（40.5%）、东风纳米纳米01（0.5%）,比亚迪海鸥,486356.0,99.9969159345438,比亚迪海鸥（58.9%）、五菱五菱缤果（40.5%）,99.45617645788914,2,100.0,高集中
10-15万,SUV,B,其他能源,429868.0,121878.80285061138,12,1.9237226352012495,14,奇瑞瑞虎8（29.0%）、捷途捷途X70（20.4%）、哈弗哈弗二代大狗（10.7%）,奇瑞瑞虎8,258731.0,60.188476462541985,奇瑞瑞虎8（29.0%）、捷途捷途X70（20.4%）、哈弗哈弗二代大狗（10.7%）,60.188476462541985,3,100.0,高集中
25-30万,轿车,B,其他能源,412151.0,277672.21955372475,12,1.8444364498423473,15,奔驰C级（33.0%）、宝马3系（31.7%）、雷克萨斯ES（20.9%）,奔驰C级,353142.0,85.68267455374365,奔驰C级（33.0%）、宝马3系（31.7%）、雷克萨斯ES（20.9%）,85.68267455374365,3,100.0,高集中
10-15万,轿车,A0,新能源,345622.0,114078.29692507633,12,1.5467093726993546,16,比亚迪海豚（76.1%）、欧拉欧拉好猫（21.1%）、钇为钇为3（2.8%）,比亚迪海豚,345599.0,99.99334533102639,比亚迪海豚（76.1%）、欧拉欧拉好猫（21.1%）、钇为钇为3（2.8%）,99.99334533102639,3,100.0,高集中
20-25万,SUV,A,其他能源,324490.0,222271.4510998805,12,1.4521405591866652,17,坦克坦克300（28.5%）、宝马X1（22.1%）、奥迪Q3（17.5%）,坦克坦克300,221069.0,68.1281395420506,坦克坦克300（28.5%）、宝马X1（22.1%）、奥迪Q3（17.5%）,68.1281395420506,3,100.0,高集中
30-35万,SUV,C,新能源,315120.0,326184.10456648027,12,1.4102084286446483,18,理想理想L7（48.2%）、理想理想L8（23.3%）、坦克坦克500（9.6%）,理想理想L7,255361.0,81.03611322670729,理想理想L7（48.2%）、坦克坦克500（9.6%）、领克领克09（3.1%）,60.85078700177709,3,100.0,高集中
30-35万,SUV,B,其他能源,309751.0,327638.7652792858,12,1.386181362595546,19,奥迪Q5（46.9%）、沃尔沃XC60（18.2%）、宝马X3（13.4%）,奥迪Q5,243238.0,78.52694583714015,奥迪Q5（46.9%）、沃尔沃XC60（18.2%）、林肯航海家（7.6%）,72.73487414084217,3,100.0,高集中
20-25万,SUV,B,新能源,281907.0,221954.83747024357,12,1.2615753601609765,20,比亚迪唐（32.8%）、小鹏G6（17.1%）、领克领克08（15.4%）,比亚迪唐,184064.0,65.29245460382324,比亚迪唐（32.8%）、小鹏G6（17.1%）、比亚迪护卫舰07（11.7%）,61.53447768235624,3,100.0,高集中
5-10万,SUV,A0,其他能源,281645.0,78348.49515491906,12,1.2604028715588411,21,吉利缤越（30.1%）、广汽传祺GS3（19.0%）、五菱星驰（14.8%）,吉利缤越,179961.0,63.89639439720215,吉利缤越（30.1%）、广汽传祺GS3（19.0%）、五菱星驰（14.8%）,63.89639439720215,3,100.0,高集中
20-25万,轿车,B,其他能源,280363.0,228980.36719190914,12,1.2546657326735833,22,凯迪拉克CT5（31.3%）、奥迪A4（28.8%）、大众CC（13.3%）,凯迪拉克CT5,205939.0,73.45441445554513,凯迪拉克CT5（31.3%）、大众CC（13.3%）、丰田亚洲龙（7.3%）,51.91983250286236,3,100.0,高集中
35-40万,轿车,C,其他能源,264741.0,373991.0805512061,12,1.1847549809844278,23,奥迪A6（70.4%）、宝马5系（21.1%）、奥迪A7L（8.1%）,奥迪A6,263592.0,99.56599091187236,奥迪A6（70.4%）、奥迪A7L（8.1%）、捷尼赛思G80（0.2%）,78.72751103909104,3,100.0,高集中
15-20万,SUV,B,新能源,255725.0,169745.45893605353,12,1.1444070525994945,24,零跑零跑C11（31.6%）、深蓝S7（27.0%）、哈弗哈弗枭龙MAX（8.9%）,零跑零跑C11,172485.0,67.44940854433473,零跑零跑C11（31.6%）、深蓝S7（27.0%）、哈弗哈弗枭龙MAX（8.9%）,67.44940854433473,3,100.0,高集中
60万以上,SUV,C,其他能源,244803.0,872352.1152979649,12,1.0955294933913933,25,宝马X5（38.4%）、奔驰GLE级（17.7%）、保时捷卡宴（9.1%）,宝马X5,159522.0,65.16341711498633,宝马X5（38.4%）、奔驰GLE级（17.7%）、保时捷卡宴（9.1%）,65.16341711498633,3,100.0,高集中
10-15万,轿车,B,其他能源,239840.0,136499.43989804902,12,1.0733193371608671,26,别克君威（29.5%）、红旗H5（28.1%）、日产天籁（18.3%）,别克君威,182097.0,75.92436624416278,别克君威（29.5%）、红旗H5（28.1%）、MGMG7（13.6%）,71.21956304202803,3,100.0,高集中
10-15万,SUV,A0,其他能源,206120.0,113880.5564585629,12,0.9224173689776433,27,领克领克06（30.0%）、本田XR-V（26.8%）、本田缤智（15.5%）,领克领克06,149010.0,72.29283912284107,领克领克06（30.0%）、本田XR-V（26.8%）、本田缤智（15.5%）,72.29283912284107,3,100.0,高集中
25-30万,MPV,B,其他能源,204132.0,274125.61800952523,12,0.9135207760728908,28,别克GL8（48.9%）、广汽传祺M8（17.4%）、本田艾力绅（12.7%）,别克GL8,161296.0,79.01553896498345,别克GL8（48.9%）、广汽传祺M8（17.4%）、本田艾力绅（12.7%）,79.01553896498345,3,100.0,高集中
25-30万,SUV,C,新能源,192573.0,276022.88491710596,12,0.8617925480115063,29,AITO问界M7（64.9%）、小鹏G9（8.6%）、魏牌蓝山（7.4%）,AITO问界M7,156020.0,81.0186267026011,岚图岚图FREE（5.5%）,5.464421284396048,1,100.0,高集中
20-25万,轿车,B,新能源,188605.0,228940.0750611925,12,0.8440351633806927,30,特斯拉MODEL 3（44.2%）、比亚迪海豹（18.3%）、宝马i3（12.5%）,特斯拉MODEL 3,141529.0,75.03989819994167,本田雅阁（3.1%）,3.12823095888232,1,100.0,高集中
20-25万,轿车,C,新能源,188257.0,221893.96992426214,12,0.8424778121076275,31,比亚迪汉（85.4%）、极狐阿尔法S（4.5%）、飞凡F7（4.2%）,比亚迪汉,177029.0,94.03581274534281,比亚迪汉（85.4%）、极狐阿尔法S（4.5%）、飞凡F7（4.2%）,94.03581274534281,3,100.0,高集中
40-45万,轿车,C,其他能源,185987.0,425124.45971227693,12,0.8323192276540119,32,奔驰E级（60.0%）、宝马5系（38.2%）、沃尔沃V90（0.8%）,奔驰E级,184143.0,99.00853285444681,沃尔沃V90（0.8%）,0.7753230064466871,1,100.0,高集中
25-30万,SUV,B,其他能源,180397.0,278657.9296508813,12,0.8073031540435662,33,丰田汉兰达（37.2%）、凯迪拉克XT5（15.3%）、福特锐界（12.4%）,丰田汉兰达,117087.0,64.90518135002245,丰田汉兰达（37.2%）、凯迪拉克XT5（15.3%）、福特锐界（12.4%）,64.90518135002245,3,100.0,高集中
15-20万,轿车,B,新能源,176753.0,168548.08226860082,12,0.7909957171497447,34,红旗E-QM5（44.6%）、比亚迪海豹（21.0%）、深蓝SL03（13.0%）,红旗E-QM5,138822.0,78.5401096445322,红旗E-QM5（44.6%）、深蓝SL03（13.0%）、大众迈腾（5.9%）,63.422403014375995,3,100.0,高集中
20-25万,SUV,B,其他能源,163024.0,226476.88994146496,12,0.729556419368384,35,大众途观（30.6%）、本田冠道（15.1%）、广汽传祺GS8（7.2%）,大众途观,86392.0,52.99342428108744,大众途观（30.6%）、本田冠道（15.1%）、广汽传祺GS8（7.2%）,52.99342428108744,3,100.0,高集中
25-30万,轿车,B,新能源,154033.0,269735.0356899597,12,0.6893203696668606,36,特斯拉MODEL 3（33.8%）、蔚来蔚来ET5（30.5%）、宝马i3（20.5%）,特斯拉MODEL 3,130531.0,84.74223056098369,蔚来蔚来ET5（30.5%）,30.503853070445942,1,100.0,高集中
其他,轿车,A,新能源,151489.0,0.0,12,0.6779355948430729,37,无可映射车型,无可映射车型,0.0,0.0,无满足9个月暴露期车型,0.0,0,0.0,低集中
5-10万,轿车,A,新能源,151017.0,96863.81469036924,5,0.6758233253002948,38,比亚迪秦（48.6%）、别克微蓝6（22.6%）、比亚迪驱逐舰05（21.3%）,比亚迪秦,139851.0,92.60613043564632,无满足9个月暴露期车型,0.0,0,100.0,高集中
30-35万,MPV,B,其他能源,142720.0,325725.10051234014,12,0.6386930278502292,39,丰田赛那（44.2%）、丰田格瑞维亚（26.5%）、广汽传祺M8（10.5%）,丰田赛那,115915.0,81.2184697309417,丰田赛那（44.2%）、丰田格瑞维亚（26.5%）、广汽传祺M8（10.5%）,81.2184697309417,3,100.0,高集中
5-10万,MPV,A,其他能源,124305.0,62429.9710746854,12,0.5562831896505236,40,五菱五菱宏光（63.3%）、五菱佳辰（35.1%）、东风风光风光（1.1%）,五菱五菱宏光,123643.0,99.46743896062105,五菱五菱宏光（63.3%）、五菱佳辰（35.1%）,98.33956799806927,2,100.0,高集中
30-35万,SUV,B,新能源,116779.0,325463.6977637146,12,0.5226032307968184,41,蔚来蔚来ES6（52.5%）、宝马iX3（22.3%）、方程豹豹5（13.3%）,蔚来蔚来ES6,102863.0,88.08347391226162,蔚来蔚来ES6（52.5%）,52.49916508961372,1,100.0,高集中
5-10万,轿车,A00,新能源,116697.0,64558.15590775589,12,0.522236268715234,42,零跑零跑T03（34.2%）、奇瑞eQ（23.6%）、长安Lumin（6.7%）,零跑零跑T03,75162.0,64.40782539396899,零跑零跑T03（34.2%）、奇瑞eQ（23.6%）、五菱晴空（5.4%）,63.17043283032125,3,100.0,高集中
40-45万,SUV,B,其他能源,112692.0,435888.8272216629,12,0.5043133036329739,43,奔驰GLC级（90.4%）、宝马X4（6.3%）、雷克萨斯RX（2.1%）,奔驰GLC级,111372.0,98.82866574379725,奔驰GLC级（90.4%）、宝马X4（6.3%）,96.75753380896603,2,100.0,高集中
5-10万,轿车,A0,其他能源,108049.0,80375.11879656508,12,0.48353519455009397,44,本田飞度（40.4%）、大众POLO（31.2%）、丰田威驰（14.4%）,本田飞度,92961.0,86.03596516395339,本田飞度（40.4%）、大众POLO（31.2%）、本田LIFE（5.1%）,76.71334302029635,3,100.0,高集中
15-20万,轿车,A,其他能源,103069.0,171632.30616782958,12,0.4612489608148492,45,奥迪A3（61.0%）、奔驰A级（25.9%）、宝马1系（11.1%）,奥迪A3,101040.0,98.03141584763605,奥迪A3（61.0%）,61.03872163308075,1,100.0,高集中
35-40万,SUV,B,其他能源,99309.0,361147.18647937657,12,0.44442240683000567,46,宝马X3（80.4%）、奥迪Q5（8.6%）、雷克萨斯NX（8.6%）,宝马X3,96855.0,97.52892487085762,奥迪Q5（8.6%）、雷克萨斯NX（8.6%）、捷豹F-pace（1.5%）,18.664974977091703,3,100.0,高集中
10-15万,轿车,B,新能源,97756.0,140752.8928281614,12,0.4374725030165849,47,深蓝SL03（42.2%）、丰田bZ3（23.1%）、五菱星光（18.7%）,深蓝SL03,82149.0,84.0347395556283,深蓝SL03（42.2%）、北京汽车EU系列（0.7%）、威马E.5（0.1%）,43.019354310732844,3,100.0,高集中
5-10万,SUV,A0,新能源,94158.0,79081.63268524517,12,0.42137092290023737,48,吉利几何E（35.0%）、宝骏悦也（18.7%）、哪吒哪吒AYA（15.3%）,吉利几何E,65043.0,69.07857006308545,吉利几何E（35.0%）、宝骏悦也（18.7%）、哪吒哪吒V（12.3%）,66.06873552964167,3,100.0,高集中
15-20万,轿车,C,新能源,92136.0,175134.3343386452,12,0.4123221749860477,49,比亚迪汉（41.4%）、零跑零跑C01（22.6%）、启源A07（16.4%）,比亚迪汉,74057.0,80.37791959711731,零跑零跑C01（22.6%）、哪吒哪吒S（12.3%）,34.94182512807155,2,100.0,高集中
25-30万,SUV,C,其他能源,88264.0,273092.6553718448,12,0.39499440449952794,50,大众揽巡（39.5%）、大众揽境（20.6%）、大众途昂（20.2%）,大众揽巡,70849.0,80.26941901568023,大众揽巡（39.5%）、大众途昂（20.2%）、领克领克09（2.7%）,62.352714583522165,3,100.0,高集中
40-45万,SUV,D,新能源,86892.0,421540.57767787075,8,0.3888545023539946,51,理想理想L9（100.0%）,理想理想L9,86892.0,100.0,无满足9个月暴露期车型,0.0,0,100.0,高集中
40-45万,MPV,B,新能源,85910.0,411149.06030583865,10,0.38445990766965515,52,腾势腾势D9（100.0%）,腾势腾势D9,85910.0,100.0,腾势腾势D9（100.0%）,100.0,1,100.0,高集中
60万以上,轿车,D,其他能源,82287.0,1113095.5298735143,12,0.36824644886989777,53,奔驰S级（27.1%）、保时捷PANAMERA（21.8%）、宝马7系（16.9%）,奔驰S级,54120.0,65.76980568011959,奔驰S级（27.1%）、保时捷PANAMERA（21.8%）、宝马7系（16.9%）,65.76980568011959,3,100.0,高集中
10-15万,MPV,B,其他能源,78737.0,119329.32515609868,12,0.35235967582569716,54,广汽传祺M6（65.7%）、迈克萨斯G50（13.1%）、东风风行风行游艇（6.7%）,广汽传祺M6,67292.0,85.46426711711139,广汽传祺M6（65.7%）、迈克萨斯G50（13.1%）、东风风行风行游艇（6.7%）,85.46426711711139,3,100.0,高集中
35-40万,MPV,B,新能源,73462.0,375545.9339842683,12,0.3287532736262159,55,岚图梦想家（32.5%）、腾势腾势D9（26.9%）、广汽传祺E9（24.1%）,岚图梦想家,61353.0,83.51664806294411,岚图梦想家（32.5%）、广汽传祺E9（24.1%）,56.58571778606627,2,100.0,高集中
30-35万,SUV,C,其他能源,69511.0,321961.3229563569,12,0.3110719665001211,56,大众途昂（48.1%）、凯迪拉克XT6（17.1%）、大众揽境（16.8%）,大众途昂,56965.0,81.95105810591129,大众途昂（48.1%）、凯迪拉克XT6（17.1%）,65.18248910244422,2,100.0,高集中
25-30万,SUV,A,其他能源,69065.0,265812.7355536059,12,0.3090760507880891,57,奔驰GLB级（87.1%）、宝马X1（6.8%）、雷克萨斯UX（3.9%）,奔驰GLB级,67603.0,97.88315355100268,奔驰GLB级（87.1%）,87.11793238253819,1,100.0,高集中
30-35万,轿车,B,其他能源,67953.0,326435.8297816505,12,0.3040996869500184,58,宝马3系（38.3%）、奔驰C级（38.1%）、奥迪A5（19.4%）,宝马3系,65107.0,95.81181110473416,奥迪A5（19.4%）、奥迪A4（2.6%）、沃尔沃V60（1.1%）,23.121863641046016,3,100.0,高集中
20-25万,SUV,A,新能源,66947.0,224342.90410360298,12,0.29959768872960546,59,奥迪Q4（23.7%）、极氪极氪X（21.4%）、smart精灵#3（14.4%）,奥迪Q4,39814.0,59.470924761378406,奥迪Q4（23.7%）、smart精灵#3（14.4%）、本田CR-V（10.9%）,48.90585089697821,3,100.0,高集中
35-40万,SUV,C,新能源,62459.0,368749.09018435486,12,0.27951322748386676,60,理想理想L8（74.6%）、小鹏G9（7.0%）、高合HiPhi Y（6.4%）,理想理想L8,54996.0,88.05136169327079,无满足9个月暴露期车型,0.0,0,100.0,高集中
25-30万,轿车,C,新能源,62256.0,273010.579249936,12,0.27860477257457866,61,极氪极氪001（75.3%）、比亚迪汉（9.2%）、飞凡F7（5.2%）,极氪极氪001,55814.0,89.65240298123875,比亚迪汉（9.2%）,9.162169108198407,1,100.0,高集中
5-10万,轿车,B,其他能源,53399.0,94448.12039585291,12,0.23896839261613223,62,奔腾奔腾B70（86.4%）、东风风神奕炫（13.5%）、北京汽车北京U7（0.0%）,奔腾奔腾B70,53399.0,100.0,奔腾奔腾B70（86.4%）、东风风神奕炫（13.5%）,99.99063652877395,2,100.0,高集中
15-20万,MPV,B,其他能源,52959.0,180128.7029254693,12,0.23699932778811858,63,广汽传祺M8（53.4%）、现代库斯途（24.8%）、迈克萨斯G20（10.5%）,广汽传祺M8,47008.0,88.76300534375649,广汽传祺M8（53.4%）、现代库斯途（24.8%）、迈克萨斯G20（10.5%）,88.76300534375649,3,100.0,高集中
30-35万,轿车,C,其他能源,51615.0,320538.91079139273,12,0.23098472976800433,64,沃尔沃S90（71.9%）、凯迪拉克CT6（16.3%）、捷豹XFL（7.4%）,沃尔沃S90,49339.0,95.59042913881623,沃尔沃S90（71.9%）、凯迪拉克CT6（16.3%）,88.16429332558366,2,100.0,高集中
45-50万,SUV,B,其他能源,51303.0,474891.10331872804,12,0.22958848379904923,65,雷克萨斯RX（53.6%）、奔驰GLC级（26.8%）、保时捷Macan（11.1%）,雷克萨斯RX,46958.0,91.53070970508548,雷克萨斯RX（53.6%）、路虎揽胜星脉（4.9%）,58.53069021304796,2,100.0,高集中
5-10万,MPV,B,其他能源,50312.0,71204.11896358414,12,0.22515361278868223,66,东风风行菱智（31.0%）、瑞风瑞风M3（20.2%）、五菱五菱宏光（18.9%）,东风风行菱智,35271.0,70.10454762283352,东风风行菱智（31.0%）、瑞风瑞风M3（20.2%）、五菱五菱宏光（18.9%）,70.10454762283352,3,100.0,高集中
5-10万,SUV,B,其他能源,50166.0,80890.14180303273,12,0.22450024127756862,67,奇瑞瑞虎8（37.3%）、五菱五菱宏光S3（28.8%）、捷途捷途X70（22.7%）,奇瑞瑞虎8,44545.0,88.79519993621177,五菱五菱宏光S3（28.8%）、捷途捷途X70（22.7%）、东风风光风光580（4.6%）,56.1316429454212,3,100.0,高集中
35-40万,轿车,B,其他能源,39749.0,365171.22650936083,12,0.1778826314743467,68,雷克萨斯ES（84.0%）、奥迪A5（5.7%）、宝马4系（4.7%）,雷克萨斯ES,37517.0,94.3847643965886,雷克萨斯ES（84.0%）、奔驰C级（4.4%）,88.36197137034894,2,100.0,高集中
30-35万,轿车,C,新能源,39715.0,317465.71120600146,12,0.17773047646490928,69,极氪极氪001（58.6%）、阿维塔阿维塔12（26.9%）、岚图岚图追光（5.6%）,极氪极氪001,36214.0,91.18469092282513,岚图岚图追光（5.6%）、智己智己L7（2.1%）,7.712451214906206,2,100.0,高集中
20-25万,SUV,C,新能源,39574.0,233502.49062785623,12,0.17709948069047765,70,别克别克E5（28.9%）、大众ID.6 CROZZ（23.6%）、广汽传祺ES9（17.4%）,别克别克E5,27634.0,69.82867539293476,大众ID.6 CROZZ（23.6%）、大众ID.6 X（14.3%）,37.85313589730631,2,100.0,高集中
其他,轿车,A,其他能源,34970.0,0.0,12,0.15649590235371716,71,无可映射车型,无可映射车型,0.0,0.0,无满足9个月暴露期车型,0.0,0,0.0,低集中
45-50万,轿车,C,其他能源,34481.0,472914.696917685,12,0.15430755530622026,72,奔驰E级（90.0%）、奥迪A6（10.0%）,奔驰E级,34481.0,100.0,奔驰E级（90.0%）、奥迪A6（10.0%）,100.0,2,100.0,高集中
60万以上,SUV,D,其他能源,34176.0,1370660.8103987386,12,0.1529426353686199,73,奔驰GLS级（52.5%）、宝马X7（32.9%）、梅赛德斯-迈巴赫GLS（6.9%）,奔驰GLS级,31517.0,92.21968632958801,奔驰GLS级（52.5%）、宝马X7（32.9%）、梅赛德斯-迈巴赫GLS（6.9%）,92.21968632958801,3,100.0,高集中
其他,MPV,B,新能源,33233.0,0.0,12,0.14872257143039985,74,无可映射车型,无可映射车型,0.0,0.0,无满足9个月暴露期车型,0.0,0,0.0,低集中
15-20万,轿车,A,新能源,31037.0,158351.1296779138,12,0.13889514787967744,75,小鹏P5（47.6%）、吉利几何A（20.9%）、雪佛兰畅巡（10.1%）,小鹏P5,24397.0,78.60617972097819,小鹏P5（47.6%）、欧拉芭蕾猫（9.0%）,56.64529432612688,2,100.0,高集中
10-15万,SUV,B,新能源,30801.0,133854.95855146393,12,0.13783901310828833,76,蓝电蓝电E5（44.4%）、零跑零跑C11（15.3%）、奇瑞瑞虎8（14.5%）,蓝电蓝电E5,22822.0,74.09499691568455,蓝电蓝电E5（44.4%）、奇瑞瑞虎8（14.5%）,58.838998733807344,2,100.0,高集中
45-50万,SUV,D,新能源,30342.0,457491.30434782594,4,0.13578492048088323,77,理想理想L9（100.0%）,理想理想L9,30342.0,100.0,无满足9个月暴露期车型,0.0,0,100.0,高集中
15-20万,轿车,C,其他能源,29116.0,177830.59553324393,11,0.13029838984646352,78,别克君越（100.0%）,别克君越,29116.0,100.0,别克君越（100.0%）,100.0,1,100.0,高集中
35-40万,MPV,B,其他能源,25265.0,373834.246295768,6,0.11306459745400813,79,丰田赛那（52.3%）、丰田格瑞维亚（46.3%）、红旗HQ9（1.4%）,丰田赛那,25265.0,100.0,无满足9个月暴露期车型,0.0,0,100.0,高集中
25-30万,轿车,C,其他能源,24430.0,279917.81154176255,12,0.10932784942811868,80,红旗H9（51.5%）、捷豹XFL（30.0%）、红旗H7（10.1%）,红旗H9,22362.0,91.53499795333606,红旗H9（51.5%）、红旗H7（10.1%）,61.58002455996725,2,100.0,高集中
50-55万,MPV,B,其他能源,23963.0,520505.33388342126,12,0.10723795562202244,81,别克世纪（68.2%）、奔驰V级（31.8%）,别克世纪,23963.0,100.0,别克世纪（68.2%）,68.16759170387681,1,100.0,高集中
20-25万,SUV,C,其他能源,23943.0,229105.54097270407,12,0.10714845267529455,82,星途星途揽月（29.0%）、北京越野BJ60（28.2%）、别克昂科旗（16.3%）,星途星途揽月,17591.0,73.47032535605396,北京越野BJ60（28.2%）、迈克萨斯D90（0.6%）,28.785031115566134,2,100.0,高集中
35-40万,SUV,C,其他能源,23815.0,360503.4193438266,12,0.10657563381623605,83,福特探险者（66.6%）、坦克坦克500（18.4%）、凯迪拉克XT6（7.7%）,福特探险者,22064.0,92.64749107705228,现代帕里斯帝（2.3%）,2.250682343061096,1,100.0,高集中
20-25万,MPV,B,其他能源,23351.0,227600.63863649932,12,0.10449916545214896,84,本田奥德赛（75.2%）、荣威iMAX8（12.7%）、福特途睿欧（6.6%）,本田奥德赛,22070.0,94.51415356944028,福特途睿欧（6.6%）、奔腾奔腾M9（3.2%）,9.845402766476811,2,100.0,高集中
20-25万,SUV,A0,新能源,23314.0,209008.42759669657,12,0.10433358500070238,85,smart精灵#1（100.0%）,smart精灵#1,23314.0,100.0,smart精灵#1（100.0%）,100.0,1,100.0,高集中
50-55万,SUV,C,其他能源,23107.0,521071.9053088427,12,0.1034072295020687,86,沃尔沃XC90（73.4%）、JEEP牧马人（11.8%）、林肯飞行家（8.3%）,沃尔沃XC90,21586.0,93.41757908858787,沃尔沃XC90（73.4%）,73.38468862249535,1,100.0,高集中
20-25万,轿车,A,其他能源,22195.0,219302.76102781403,12,0.09932589513127689,87,奔驰A级（82.5%）、宝马2系（15.0%）、奔驰B级（2.5%）,奔驰A级,22195.0,100.0,奔驰A级（82.5%）、奔驰B级（2.5%）,84.97409326424871,2,100.0,高集中
10-15万,SUV,A0,新能源,21539.0,128170.79239043301,12,0.09639019847860206,88,比亚迪元（48.5%）、领克领克06（36.8%）、思铭M-NV（6.1%）,比亚迪元,19671.0,91.32735967315104,领克领克06（36.8%）、思铭M-NV（6.1%）、理念理念VE-1（0.2%）,43.052137982264725,3,100.0,高集中
40-45万,轿车,B,其他能源,20888.0,426258.9514919815,12,0.09347687756260921,89,宝马4系（88.9%）、奥迪S4（10.9%）、阿尔法·罗密欧朱丽叶（0.2%）,宝马4系,20888.0,100.0,宝马4系（88.9%）,88.9314438912294,1,100.0,高集中
其他,SUV,A,其他能源,20873.0,0.0,12,0.0934097503525633,90,无可映射车型,无可映射车型,0.0,0.0,无满足9个月暴露期车型,0.0,0,0.0,低集中
60万以上,MPV,B,其他能源,20700.0,1149887.1750669915,12,0.09263554986336704,91,丰田埃尔法（86.5%）、雷克萨斯LM（13.5%）,丰田埃尔法,20700.0,100.0,丰田埃尔法（86.5%）、雷克萨斯LM（13.5%）,100.0,2,100.0,高集中
25-30万,SUV,A,新能源,19952.0,269597.5306237941,12,0.08928813965574392,92,奥迪Q4（35.7%）、奔驰EQB（33.2%）、宝马iX1（8.8%）,奥迪Q4,15510.0,77.73656776263032,奔驰EQB（33.2%）、沃尔沃XC40（6.7%）、沃尔沃C40（4.7%）,44.612068965517246,3,100.0,高集中
其他,轿车,A00,新能源,18807.0,0.0,12,0.08416409595557217,93,无可映射车型,无可映射车型,0.0,0.0,无满足9个月暴露期车型,0.0,0,0.0,低集中
35-40万,SUV,B,新能源,17879.0,385548.6233782743,12,0.08001115922739803,94,蔚来蔚来EC6（50.3%）、雷克萨斯RZ（31.7%）、奥迪e-tron（6.0%）,蔚来蔚来EC6,15727.0,87.96353263605347,雷克萨斯RZ（31.7%）,31.651658370154927,1,100.0,高集中
60万以上,SUV,C,新能源,17818.0,784405.6000387935,12,0.07973817523987797,95,特斯拉MODEL X（30.8%）、保时捷卡宴（22.2%）、路特斯ELETRE（16.5%）,特斯拉MODEL X,12383.0,69.49713772589516,特斯拉MODEL X（30.8%）、保时捷卡宴（22.2%）、路特斯ELETRE（16.5%）,69.49713772589516,3,100.0,高集中
40-45万,轿车,C,新能源,17383.0,423680.08253359835,12,0.07779148614854633,96,宝马5系（24.7%）、蔚来蔚来ET7（20.2%）、奔驰E级（18.7%）,宝马5系,11057.0,63.608122878674564,宝马5系（24.7%）、蔚来蔚来ET7（20.2%）、奔驰E级（18.7%）,63.608122878674564,3,100.0,高集中
50-55万,MPV,B,新能源,17313.0,517588.53416618356,12,0.07747822583499872,97,极氪极氪009（100.0%）,极氪极氪009,17313.0,100.0,极氪极氪009（100.0%）,100.0,1,100.0,高集中
55-60万,SUV,C,其他能源,16690.0,570612.1201731842,12,0.07469020904442493,98,大众途锐（48.2%）、奥迪Q7（36.3%）、林肯飞行家（14.0%）,大众途锐,16445.0,98.53205512282804,大众途锐（48.2%）、捷尼赛思GV80（1.5%）,49.69442780107849,2,100.0,高集中
15-20万,SUV,A0,其他能源,16241.0,163340.8392900613,12,0.07268086789038376,99,奥迪Q2L（98.9%）、丰田奕泽IZOA（1.0%）、丰田C-HR（0.1%）,奥迪Q2L,16241.0,100.0,奥迪Q2L（98.9%）,98.87322209223571,1,100.0,高集中
50-55万,SUV,C,新能源,14621.0,530955.102949512,12,0.06543112920542461,100,蔚来蔚来ES8（85.6%）、奔驰EQE SUV（5.7%）、蔚来蔚来EC7（4.6%）,蔚来蔚来ES8,14012.0,95.83475822447166,无满足9个月暴露期车型,0.0,0,100.0,高集中
5万以下,SUV,A0,新能源,14286.0,44540.718539682544,9,0.06393195484773244,101,东风纳米EX1（100.0%）,东风纳米EX1,14286.0,100.0,东风纳米EX1（100.0%）,100.0,1,100.0,高集中
20-25万,MPV,B,新能源,13729.0,218189.25688722543,12,0.06143929778136068,102,广汽传祺E8（84.1%）、大运汽车远志M1（9.0%）、迈克萨斯G50（4.9%）,广汽传祺E8,13464.0,98.06977929929347,大运汽车远志M1（9.0%）,9.046543812367979,1,100.0,高集中
50-55万,轿车,C,其他能源,13362.0,529133.4534569804,10,0.059796918708903884,103,宝马6系（54.8%）、奔驰E级（29.2%）、奥迪A7（16.0%）,宝马6系,13362.0,100.0,宝马6系（54.8%）,54.804669959586896,1,100.0,高集中
30-35万,轿车,B,新能源,12063.0,330760.76409043686,12,0.053983702318927365,104,蔚来蔚来ET5（63.5%）、奔驰C级（36.3%）、沃尔沃S60（0.2%）,蔚来蔚来ET5,12053.0,99.91710188178729,奔驰C级（36.3%）,36.25963690624223,1,100.0,高集中
其他,SUV,C,其他能源,11361.0,0.0,12,0.0508421488887784,105,无可映射车型,无可映射车型,0.0,0.0,无满足9个月暴露期车型,0.0,0,0.0,低集中
15-20万,SUV,C,新能源,11276.0,191750.8486737855,5,0.05046176136518487,106,飞凡R7（49.4%）、别克别克E5（46.7%）、别克别克E4（4.0%）,飞凡R7,11276.0,100.0,无满足9个月暴露期车型,0.0,0,100.0,高集中
其他,SUV,B,其他能源,11221.0,0.0,12,0.050215628261683166,107,无可映射车型,无可映射车型,0.0,0.0,无满足9个月暴露期车型,0.0,0,0.0,低集中
5-10万,轿车,B,新能源,11141.0,97382.92610000001,2,0.049857616474771604,108,五菱星光（100.0%）,五菱星光,11141.0,100.0,无满足9个月暴露期车型,0.0,0,100.0,高集中
10-15万,MPV,A,其他能源,10520.0,116423.447982075,12,0.04707854997887059,109,五菱凯捷（53.0%）、雪佛兰沃兰多（19.0%）、别克GL6（8.8%）,五菱凯捷,8510.0,80.89353612167301,五菱凯捷（53.0%）、五菱佳辰（8.5%）、海马7X（6.6%）,68.12737642585552,3,100.0,高集中
15-20万,SUV,C,其他能源,10502.0,184774.88301429898,12,0.04699799732681549,110,福特领裕（58.3%）、星途星途揽月（27.6%）、雪佛兰开拓者（14.1%）,福特领裕,10502.0,100.0,福特领裕（58.3%）,58.27461435916968,1,100.0,高集中
50-55万,SUV,B,其他能源,10272.0,510488.1641278542,12,0.045968713439444746,111,保时捷Macan（94.2%）、奥迪SQ5（5.4%）、宝马X3（0.4%）,保时捷Macan,10272.0,100.0,奥迪SQ5（5.4%）,5.364096573208723,1,100.0,高集中
25-30万,轿车,A,其他能源,9833.0,270127.63671674323,11,0.04400412375876754,112,宝马2系（74.3%）、奔驰CLA级（22.5%）、现代伊兰特（3.1%）,宝马2系,9824.0,99.90847147360927,无满足9个月暴露期车型,0.0,0,100.0,高集中
10-15万,轿车,C,新能源,9481.0,145988.31930507338,4,0.04242887189635666,113,零跑零跑C01（63.3%）、启源A07（36.7%）,零跑零跑C01,9481.0,100.0,无满足9个月暴露期车型,0.0,0,100.0,高集中
5万以下,MPV,A,其他能源,9242.0,46351.00739249165,12,0.041359311682958366,114,长安凯程欧诺（63.6%）、东风风光风光（36.4%）、欧尚汽车欧尚（0.0%）,长安凯程欧诺,9242.0,100.0,东风风光风光（36.4%）,36.4098679939407,1,100.0,高集中
45-50万,SUV,C,新能源,9156.0,482332.43991086184,12,0.04097444901202844,115,蔚来蔚来EC7（32.7%）、蔚来蔚来ES7（22.8%）、蔚来蔚来ES8（21.2%）,蔚来蔚来EC7,7026.0,76.73656618610747,无满足9个月暴露期车型,0.0,0,100.0,高集中
其他,SUV,D,其他能源,9083.0,0.0,12,0.04064776325647163,116,无可映射车型,无可映射车型,0.0,0.0,无满足9个月暴露期车型,0.0,0,0.0,低集中
20-25万,跑车,跑车,新能源,9038.0,208950.7232266455,10,0.04044638162633388,117,哪吒哪吒GT（100.0%）,哪吒哪吒GT,9038.0,100.0,哪吒哪吒GT（100.0%）,100.0,1,100.0,高集中
其他,轿车,B,新能源,8934.0,0.0,12,0.039980966303348846,118,无可映射车型,无可映射车型,0.0,0.0,无满足9个月暴露期车型,0.0,0,0.0,低集中
其他,SUV,A,新能源,8631.0,0.0,12,0.038624996660421296,119,无可映射车型,无可映射车型,0.0,0.0,无满足9个月暴露期车型,0.0,0,0.0,低集中
其他,轿车,B,其他能源,8614.0,0.0,12,0.03854891915570259,120,无可映射车型,无可映射车型,0.0,0.0,无满足9个月暴露期车型,0.0,0,0.0,低集中
20-25万,轿车,A0,其他能源,8585.0,225541.95745619247,8,0.03841913988294715,121,MINIMINI（100.0%）,MINIMINI,8585.0,100.0,无满足9个月暴露期车型,0.0,0,100.0,高集中
其他,SUV,B,新能源,8381.0,0.0,12,0.03750620982632267,122,无可映射车型,无可映射车型,0.0,0.0,无满足9个月暴露期车型,0.0,0,0.0,低集中
15-20万,SUV,A0,新能源,8347.0,163544.79006667263,12,0.03735405481688525,123,本田极湃1（40.4%）、本田e:NS1（36.5%）、领克领克06（12.3%）,本田极湃1,7443.0,89.16976159099077,启辰启辰T60（7.7%）、奥迪Q2L（2.4%）,10.111417275667904,2,100.0,高集中
60万以上,SUV,D,新能源,8208.0,977698.6650476166,12,0.036732009337126406,124,仰望U8（67.2%）、红旗E-HS9（18.2%）、奔驰EQS SUV（12.3%）,仰望U8,8017.0,97.67300194931774,奔驰EQS SUV（12.3%）、宝马XM（2.3%）,14.632066276803119,2,100.0,高集中
50-55万,SUV,D,新能源,7415.0,517653.7541611337,3,0.033183217499365536,125,AITO问界M9（99.5%）、红旗E-HS9（0.5%）,AITO问界M9,7415.0,100.0,无满足9个月暴露期车型,0.0,0,100.0,高集中
其他,SUV,A0,其他能源,7245.0,0.0,12,0.032422442452178464,126,无可映射车型,无可映射车型,0.0,0.0,无满足9个月暴露期车型,0.0,0,0.0,低集中
60万以上,跑车,跑车,其他能源,7165.0,1340764.072341504,12,0.0320644306652669,127,保时捷911（55.0%）、奔驰AMG GT（17.4%）、路特斯EMIRA（9.7%）,保时捷911,5883.0,82.10746685275645,保时捷911（55.0%）、奔驰AMG GT（17.4%）、路特斯EMIRA（9.7%）,82.10746685275645,3,100.0,高集中
10-15万,SUV,D,其他能源,6852.0,148126.01256429448,6,0.030663709548975408,128,哈弗哈弗H5（100.0%）,哈弗哈弗H5,6852.0,100.0,无满足9个月暴露期车型,0.0,0,100.0,高集中
40-45万,MPV,B,其他能源,6476.0,428262.1865742021,9,0.028981054150491063,129,红旗HQ9（100.0%）,红旗HQ9,6476.0,100.0,红旗HQ9（100.0%）,100.0,1,100.0,高集中
55-60万,轿车,C,其他能源,6374.0,570786.1545594974,12,0.028524589122178815,130,奔驰CLS级（38.0%）、奥迪A7（36.9%）、宝马6系（21.3%）,奔驰CLS级,6131.0,96.18763727643552,奔驰CLS级（38.0%）、奥迪S5（3.8%）,41.79479133981801,2,100.0,高集中
其他,MPV,B,其他能源,6235.0,0.0,12,0.027902543642419973,131,无可映射车型,无可映射车型,0.0,0.0,无满足9个月暴露期车型,0.0,0,0.0,低集中
25-30万,轿车,A0,其他能源,6186.0,275958.1832974605,11,0.027683261422936645,132,MINIMINI（60.0%）、MINIMINI CLUBMAN（40.0%）,MINIMINI,6186.0,100.0,无满足9个月暴露期车型,0.0,0,100.0,高集中
35-40万,轿车,C,新能源,6161.0,379425.39434311335,10,0.02757138273952678,133,奔驰EQE（86.7%）、智己智己L7（6.0%）、沃尔沃S90（5.0%）,奔驰EQE,6018.0,97.67894822269112,无满足9个月暴露期车型,0.0,0,100.0,高集中
45-50万,SUV,C,其他能源,6091.0,476707.7257811224,12,0.02725812242597916,134,奥迪Q6（76.8%）、JEEP牧马人（23.2%）,奥迪Q6,6091.0,100.0,奥迪Q6（76.8%）,76.7854211131177,1,100.0,高集中
60万以上,轿车,C,新能源,6075.0,838882.7099319267,12,0.02718652006859685,135,保时捷Taycan（52.7%）、特斯拉MODEL S（24.4%）、高合HiPhi Z（20.2%）,保时捷Taycan,5912.0,97.31687242798354,保时捷Taycan（52.7%）、特斯拉MODEL S（24.4%）、奔驰EQE AMG（2.6%）,79.6872427983539,3,100.0,高集中
15-20万,MPV,A,新能源,5848.0,166187.705909367,12,0.026170661623235284,136,比亚迪宋MAX（67.6%）、极狐考拉（19.0%）、瑞风瑞风M3（13.3%）,比亚迪宋MAX,5848.0,100.0,瑞风瑞风M3（13.3%）,13.337893296853625,1,100.0,高集中
30-35万,MPV,B,新能源,5657.0,312226.95891543373,9,0.02531590848198393,137,岚图梦想家（43.0%）、迈克萨斯大家9（26.4%）、广汽传祺E9（19.0%）,岚图梦想家,5000.0,88.386070355312,无满足9个月暴露期车型,0.0,0,100.0,高集中
40-45万,SUV,B,新能源,5602.0,413459.0241288466,9,0.02506977537848223,138,沃尔沃XC60（87.2%）、蔚来蔚来ES6（5.5%）、蔚来蔚来EC6（3.8%）,沃尔沃XC60,5407.0,96.51910032131381,沃尔沃XC60（87.2%）、捷尼赛思GV70（0.8%）,88.07568725455195,2,100.0,高集中
60万以上,轿车,D,新能源,5160.0,1015493.8237490688,12,0.023091760255795842,139,宝马i7（28.8%）、奔驰EQS（28.4%）、保时捷PANAMERA（25.1%）,宝马i7,4249.0,82.34496124031008,宝马i7（28.8%）、奔驰EQS（28.4%）、保时捷PANAMERA（25.1%）,82.34496124031008,3,100.0,高集中
40-45万,SUV,C,新能源,5130.0,432002.56768752175,8,0.022957505835704006,140,奔驰EQE SUV（53.4%）、蔚来蔚来ES7（31.9%）、蔚来蔚来EC7（10.6%）,奔驰EQE SUV,4918.0,95.86744639376218,无满足9个月暴露期车型,0.0,0,100.0,高集中
其他,MPV,A,新能源,4840.0,0.0,12,0.021659713108149587,141,无可映射车型,无可映射车型,0.0,0.0,无满足9个月暴露期车型,0.0,0,0.0,低集中
其他,MPV,A,其他能源,4440.0,0.0,12,0.01986965417359177,142,无可映射车型,无可映射车型,0.0,0.0,无满足9个月暴露期车型,0.0,0,0.0,低集中
10-15万,MPV,A,新能源,4282.0,125897.56716539913,12,0.019162580894441433,143,极狐考拉（77.6%）、比亚迪宋MAX（14.6%）、东风风光风光（7.7%）,极狐考拉,4277.0,99.88323213451659,东风风光风光（7.7%）,7.730032695002335,1,100.0,高集中
45-50万,MPV,B,其他能源,4224.0,491250.67339189595,5,0.01890302234893055,144,奔驰V级（100.0%）,奔驰V级,4224.0,100.0,无满足9个月暴露期车型,0.0,0,100.0,高集中
50-55万,SUV,B,新能源,3599.0,548578.2921316853,12,0.016106055263683958,145,雷克萨斯RX（98.2%）、奥迪e-tron（1.8%）,雷克萨斯RX,3599.0,100.0,雷克萨斯RX（98.2%）,98.24951375382051,1,100.0,高集中
55-60万,MPV,B,新能源,3544.0,559800.0,1,0.015859922160182262,146,理想理想MEGA（100.0%）,理想理想MEGA,3544.0,100.0,无满足9个月暴露期车型,0.0,0,100.0,高集中
25-30万,MPV,B,新能源,3516.0,283215.898425914,12,0.015734618034763215,147,荣威iMAX8（63.0%）、迈克萨斯大家9（28.6%）、迈克萨斯大家7（8.4%）,荣威iMAX8,3516.0,100.0,荣威iMAX8（63.0%）,62.99772468714448,1,100.0,高集中
其他,SUV,A0,新能源,3513.0,0.0,12,0.01572119259275403,148,无可映射车型,无可映射车型,0.0,0.0,无满足9个月暴露期车型,0.0,0,0.0,低集中
60万以上,轿车,B,其他能源,3186.0,847087.9403439119,12,0.014257819413753014,149,宝马M4（37.0%）、宝马M3（25.4%）、奥迪RS5（15.4%）,宝马M4,2478.0,77.77777777777779,宝马M4（37.0%）、宝马M3（25.4%）、奥迪RS5（15.4%）,77.77777777777779,3,100.0,高集中
60万以上,SUV,B,其他能源,2933.0,651161.4063416144,12,0.013125607137645195,150,玛莎拉蒂Grecale（63.0%）、宝马X3（15.3%）、宝马X3M（8.2%）,玛莎拉蒂Grecale,2537.0,86.49846573474258,玛莎拉蒂Grecale（63.0%）、宝马X3M（8.2%）、宝马X4M（6.2%）,77.36106375724515,3,100.0,高集中
10-15万,MPV,B,新能源,2757.0,137619.70935822083,12,0.012337981206439754,151,东风风行菱智（100.0%）,东风风行菱智,2757.0,100.0,东风风行菱智（100.0%）,100.0,1,100.0,高集中
其他,SUV,C,新能源,2598.0,0.0,12,0.011626432779953021,152,无可映射车型,无可映射车型,0.0,0.0,无满足9个月暴露期车型,0.0,0,0.0,低集中
55-60万,SUV,C,新能源,2588.0,566831.0470771025,7,0.011581681306589077,153,宝马iX（86.1%）、JEEP牧马人（13.9%）,宝马iX,2588.0,100.0,无满足9个月暴露期车型,0.0,0,100.0,高集中
55-60万,跑车,跑车,其他能源,2556.0,565956.5920771695,12,0.011438476591824452,154,保时捷718（91.8%）、捷豹F-TYPE（4.2%）、丰田SUPRA（4.0%）,保时捷718,2556.0,100.0,无满足9个月暴露期车型,0.0,0,100.0,高集中
15-20万,SUV,D,其他能源,2247.0,152203.2752011084,2,0.010055656064878538,155,哈弗哈弗H5（100.0%）,哈弗哈弗H5,2247.0,100.0,无满足9个月暴露期车型,0.0,0,100.0,高集中
20-25万,轿车,C,其他能源,2216.0,228023.55345583343,3,0.009916926497450308,156,别克君越（78.3%）、红旗H7（21.7%）,别克君越,2216.0,100.0,无满足9个月暴露期车型,0.0,0,100.0,高集中
60万以上,轿车,C,其他能源,2136.0,918110.248569595,12,0.009558914710538744,157,奔驰CLS级（37.7%）、玛莎拉蒂Ghibli（24.2%）、奥迪A7（10.1%）,奔驰CLS级,1536.0,71.91011235955057,玛莎拉蒂Ghibli（24.2%）、奔驰E级AMG（6.7%）、奥迪RS6（6.6%）,37.4063670411985,3,100.0,高集中
40-45万,轿车,A,其他能源,2123.0,416047.56146947347,12,0.009500737795165614,158,本田思域（53.3%）、奔驰A级AMG（46.7%）,本田思域,2123.0,100.0,本田思域（53.3%）、奔驰A级AMG（46.7%）,100.0,2,100.0,高集中
45-50万,轿车,C,新能源,2018.0,464128.30430897046,6,0.009030847324844188,159,蔚来蔚来ET7（59.3%）、宝马i5（38.3%）、捷尼赛思G80（2.4%）,蔚来蔚来ET7,2018.0,100.0,无满足9个月暴露期车型,0.0,0,100.0,高集中
40-45万,SUV,A,其他能源,1908.0,414032.3159319261,6,0.008538581117840787,160,奔驰AMG GLB（78.5%）、奔驰GLA级 AMG（21.5%）,奔驰AMG GLB,1908.0,100.0,无满足9个月暴露期车型,0.0,0,100.0,高集中
45-50万,SUV,B,新能源,1885.0,464781.6249841384,12,0.008435652729103713,161,雷克萨斯NX（91.5%）、奥迪e-tron（8.5%）,雷克萨斯NX,1885.0,100.0,雷克萨斯NX（91.5%）、奥迪e-tron（8.5%）,100.0,2,100.0,高集中
50-55万,跑车,跑车,其他能源,1833.0,540089.49131065,9,0.008202945067611198,162,保时捷718（98.6%）、丰田SUPRA（1.4%）,保时捷718,1833.0,100.0,保时捷718（98.6%）,98.63611565739225,1,100.0,高集中
其他,跑车,跑车,其他能源,1657.0,0.0,12,0.007415319136405758,163,无可映射车型,无可映射车型,0.0,0.0,无满足9个月暴露期车型,0.0,0,0.0,低集中
35-40万,轿车,A,其他能源,1628.0,370020.00404821255,11,0.007285539863650315,164,奔驰A级AMG（100.0%）,奔驰A级AMG,1628.0,100.0,奔驰A级AMG（100.0%）,100.0,1,100.0,高集中
其他,轿车,C,新能源,1433.0,0.0,12,0.00641288613305338,165,无可映射车型,无可映射车型,0.0,0.0,无满足9个月暴露期车型,0.0,0,0.0,低集中
55-60万,轿车,A,其他能源,1410.0,594128.3333333334,12,0.006309957744316305,166,宝马M2（100.0%）,宝马M2,1410.0,100.0,宝马M2（100.0%）,100.0,1,100.0,高集中
55-60万,MPV,B,其他能源,1379.0,555858.1410000002,1,0.006171228176888075,167,别克世纪（100.0%）,别克世纪,1379.0,100.0,无满足9个月暴露期车型,0.0,0,100.0,高集中
30-35万,跑车,跑车,其他能源,1338.0,323427.1191486584,10,0.005987747136095898,168,斯巴鲁BRZ（54.0%）、福特Mustang（45.3%）、丰田86（0.7%）,斯巴鲁BRZ,1338.0,100.0,无满足9个月暴露期车型,0.0,0,100.0,高集中
30-35万,SUV,A,其他能源,1320.0,329402.28790327464,9,0.005907194484040797,169,MINIMINI COUNTRYMAN（77.9%）、宝马X2（21.5%）、阿尔法·罗密欧托纳利（0.6%）,MINIMINI COUNTRYMAN,1320.0,100.0,无满足9个月暴露期车型,0.0,0,100.0,高集中
35-40万,轿车,B,新能源,1289.0,361302.80320750055,12,0.005768464916612566,170,奔驰C级（47.6%）、宝马i4（29.3%）、沃尔沃S60（23.1%）,奔驰C级,1289.0,100.0,沃尔沃S60（23.1%）,23.11869666408068,1,100.0,高集中
其他,SUV,D,新能源,1190.0,0.0,8,0.005325425330309506,171,无可映射车型,无可映射车型,0.0,0.0,无满足9个月暴露期车型,0.0,0,0.0,低集中
45-50万,轿车,B,其他能源,1186.0,471935.625,4,0.005307524740963928,172,奥迪S4（100.0%）,奥迪S4,1186.0,100.0,无满足9个月暴露期车型,0.0,0,100.0,高集中
15-20万,MPV,B,新能源,1184.0,170290.1053978799,10,0.005298574446291139,173,迈克萨斯G50（79.4%）、五菱五菱征程（13.3%）、吉利嘉际（7.3%）,迈克萨斯G50,1184.0,100.0,无满足9个月暴露期车型,0.0,0,100.0,高集中
35-40万,SUV,A,其他能源,1184.0,385547.7988524267,6,0.005298574446291139,174,奔驰AMG GLB（84.2%）、奔驰GLA级 AMG（15.8%）,奔驰AMG GLB,1184.0,100.0,无满足9个月暴露期车型,0.0,0,100.0,高集中
40-45万,轿车,B,新能源,1179.0,435175.78412484267,6,0.005276198709609167,175,宝马i4（100.0%）,宝马i4,1179.0,100.0,无满足9个月暴露期车型,0.0,0,100.0,高集中
30-35万,轿车,A0,其他能源,1175.0,320112.07161793375,5,0.005258298120263588,176,MINIMINI CLUBMAN（100.0%）,MINIMINI CLUBMAN,1175.0,100.0,无满足9个月暴露期车型,0.0,0,100.0,高集中
10-15万,SUV,C,其他能源,1157.0,145720.09479893907,12,0.005177745468208486,177,奔腾奔腾T99（100.0%）,奔腾奔腾T99,1157.0,100.0,奔腾奔腾T99（100.0%）,100.0,1,100.0,高集中
45-50万,跑车,跑车,其他能源,1111.0,465169.2272690646,11,0.004971888690734337,178,宝马Z4（100.0%）,宝马Z4,1111.0,100.0,宝马Z4（100.0%）,100.0,1,100.0,高集中
其他,轿车,A00,其他能源,1095.0,0.0,12,0.004900286333352024,179,无可映射车型,无可映射车型,0.0,0.0,无满足9个月暴露期车型,0.0,0,0.0,低集中
30-35万,轿车,A,新能源,956.0,332204.40635109483,12,0.004278240853593183,180,PolestarPolestar 2（100.0%）,PolestarPolestar 2,956.0,100.0,PolestarPolestar 2（100.0%）,100.0,1,100.0,高集中
55-60万,SUV,D,新能源,954.0,580985.8041930026,6,0.004269290558920394,181,红旗E-HS9（100.0%）,红旗E-HS9,954.0,100.0,无满足9个月暴露期车型,0.0,0,100.0,高集中
15-20万,MPV,A,其他能源,910.0,153183.39681414302,8,0.004072384076119034,182,大众途安（100.0%）,大众途安,910.0,100.0,无满足9个月暴露期车型,0.0,0,100.0,高集中
45-50万,轿车,A,其他能源,879.0,476109.84616317257,10,0.003933654508690804,183,奔驰CLA级AMG（100.0%）,奔驰CLA级AMG,879.0,100.0,奔驰CLA级AMG（100.0%）,100.0,1,100.0,高集中
其他,跑车,跑车,新能源,832.0,0.0,12,0.0037233225838802595,184,无可映射车型,无可映射车型,0.0,0.0,无满足9个月暴露期车型,0.0,0,0.0,低集中
30-35万,跑车,跑车,新能源,765.0,340577.9671446045,5,0.0034234877123418255,185,MGCyberster（100.0%）,MGCyberster,765.0,100.0,无满足9个月暴露期车型,0.0,0,100.0,高集中
45-50万,轿车,B,新能源,588.0,460778.76318550715,3,0.002631386633799991,186,宝马i4（100.0%）,宝马i4,588.0,100.0,无满足9个月暴露期车型,0.0,0,100.0,高集中
30-35万,轿车,A,其他能源,565.0,323390.53614904766,6,0.002528458245062917,187,奔驰CLA级（71.0%）、奔驰A级AMG（29.0%）,奔驰CLA级,565.0,100.0,无满足9个月暴露期车型,0.0,0,100.0,高集中
40-45万,SUV,C,其他能源,499.0,420995.64254350204,4,0.002233098520860877,188,英菲尼迪QX60（100.0%）,英菲尼迪QX60,499.0,100.0,无满足9个月暴露期车型,0.0,0,100.0,高集中
其他,轿车,A0,其他能源,496.0,0.0,11,0.002219673078851693,189,无可映射车型,无可映射车型,0.0,0.0,无满足9个月暴露期车型,0.0,0,0.0,低集中
35-40万,SUV,D,其他能源,433.0,358616.6666666667,3,0.001937738796658837,190,北京越野BJ90（100.0%）,北京越野BJ90,433.0,100.0,无满足9个月暴露期车型,0.0,0,100.0,高集中
其他,轿车,D,新能源,338.0,0.0,12,0.0015125997997013556,191,无可映射车型,无可映射车型,0.0,0.0,无满足9个月暴露期车型,0.0,0,0.0,低集中
5万以下,轿车,A00,其他能源,319.0,45600.833333333336,3,0.0014275720003098591,193,昌河昌河北斗星（61.1%）、昌河北斗星 X5（38.9%）,昌河昌河北斗星,319.0,100.0,无满足9个月暴露期车型,0.0,0,100.0,高集中
55-60万,SUV,B,其他能源,319.0,581725.0,9,0.0014275720003098591,192,宝马X3（39.8%）、奥迪SQ5（36.7%）、奔驰AMG GLC（23.5%）,宝马X3,319.0,100.0,无满足9个月暴露期车型,0.0,0,100.0,高集中
50-55万,轿车,A,其他能源,312.0,503935.2200625001,2,0.0013962459689550973,194,奔驰CLA级AMG（100.0%）,奔驰CLA级AMG,312.0,100.0,无满足9个月暴露期车型,0.0,0,100.0,高集中
55-60万,轿车,C,新能源,283.0,587832.9219999999,5,0.0012664666961996556,195,高合HiPhi Z（96.5%）、宝马i5（3.5%）,高合HiPhi Z,283.0,100.0,无满足9个月暴露期车型,0.0,0,100.0,高集中
25-30万,跑车,跑车,其他能源,251.0,285664.43155329523,4,0.0011232619814350302,196,福特Mustang（97.2%）、斯巴鲁BRZ（2.8%）,福特Mustang,251.0,100.0,无满足9个月暴露期车型,0.0,0,100.0,高集中
60万以上,MPV,B,新能源,247.0,818000.0,1,0.001105361392089452,197,沃尔沃EM90（100.0%）,沃尔沃EM90,247.0,100.0,无满足9个月暴露期车型,0.0,0,100.0,高集中
30-35万,SUV,A,新能源,193.0,327389.7017645216,3,0.0008637034359241468,198,宝马iX1（91.7%）、起亚EV6（8.3%）,宝马iX1,193.0,100.0,无满足9个月暴露期车型,0.0,0,100.0,高集中
其他,轿车,C,其他能源,149.0,0.0,9,0.0006667969531227868,199,无可映射车型,无可映射车型,0.0,0.0,无满足9个月暴露期车型,0.0,0,0.0,低集中
其他,轿车,A0,新能源,137.0,0.0,10,0.0006130951850860523,200,无可映射车型,无可映射车型,0.0,0.0,无满足9个月暴露期车型,0.0,0,0.0,低集中
5-10万,MPV,A,新能源,117.0,99067.30333333333,3,0.0005235922383581615,201,东风风光风光（100.0%）,东风风光风光,117.0,100.0,无满足9个月暴露期车型,0.0,0,100.0,高集中
35-40万,跑车,跑车,其他能源,104.0,357242.61827125,6,0.00046541532298503244,202,丰田86（100.0%）,丰田86,104.0,100.0,无满足9个月暴露期车型,0.0,0,100.0,高集中
40-45万,SUV,A,新能源,83.0,417091.6895,2,0.00037143722892074707,203,起亚EV6（100.0%）,起亚EV6,83.0,100.0,无满足9个月暴露期车型,0.0,0,100.0,高集中
50-55万,轿车,C,新能源,79.0,549117.6499999998,1,0.0003535366395751689,204,高合HiPhi Z（100.0%）,高合HiPhi Z,79.0,100.0,无满足9个月暴露期车型,0.0,0,100.0,高集中
40-45万,跑车,跑车,其他能源,78.0,439617.02580000024,1,0.00034906149223877433,205,宝马Z4（100.0%）,宝马Z4,78.0,100.0,无满足9个月暴露期车型,0.0,0,100.0,高集中
20-25万,MPV,A,新能源,76.0,241858.5675,8,0.00034011119756598526,206,海马7X（100.0%）,海马7X,76.0,100.0,无满足9个月暴露期车型,0.0,0,100.0,高集中
15-20万,跑车,跑车,新能源,43.0,190012.58879000996,2,0.00019243133546496534,207,哪吒哪吒GT（100.0%）,哪吒哪吒GT,43.0,100.0,无满足9个月暴露期车型,0.0,0,100.0,高集中
55-60万,轿车,B,其他能源,42.0,577009.8139,1,0.0001879561881285708,208,奔驰C级AMG（100.0%）,奔驰C级AMG,42.0,100.0,无满足9个月暴露期车型,0.0,0,100.0,高集中
55-60万,SUV,B,新能源,40.0,564510.5378782605,2,0.00017900589345578173,209,奥迪e-tron（100.0%）,奥迪e-tron,40.0,100.0,无满足9个月暴露期车型,0.0,0,100.0,高集中
其他,轿车,D,其他能源,23.0,0.0,5,0.0001029283887370745,210,无可映射车型,无可映射车型,0.0,0.0,无满足9个月暴露期车型,0.0,0,0.0,低集中
60万以上,跑车,跑车,新能源,20.0,1396387.0324999979,5,8.950294672789086e-05,211,昊铂昊铂SSR（100.0%）,昊铂昊铂SSR,20.0,100.0,无满足9个月暴露期车型,0.0,0,100.0,高集中
35-40万,SUV,A,新能源,17.0,353779.8030721014,3,7.607750471870723e-05,212,起亚EV6（100.0%）,起亚EV6,17.0,100.0,无满足9个月暴露期车型,0.0,0,100.0,高集中
50-55万,轿车,B,其他能源,8.0,521944.4391,1,3.5801178691156346e-05,213,奔驰CLE（100.0%）,奔驰CLE,8.0,100.0,无满足9个月暴露期车型,0.0,0,100.0,高集中
5万以下,轿车,A0,其他能源,7.0,47112.68856962377,4,3.1326031354761796e-05,214,长安悦翔（100.0%）,长安悦翔,7.0,100.0,无满足9个月暴露期车型,0.0,0,100.0,高集中
5万以下,SUV,B,新能源,0.0,0.0,1,0.0,215,无可映射车型,无可映射车型,0.0,0.0,无满足9个月暴露期车型,0.0,0,0.0,低集中
