price_bucket,body_type,fuel_type_group,sales,model_top3,top1_model,top3_sales,top3_concentration_pct,top3_stable,stable_top3_concentration_pct,stable_model_count,mapped_model_sales_pct,recent_3m_sales,prior_3m_sales,growth_pct,total_sales,nev_sales,nev_penetration_pct,nev_model_sales,bev_model_sales,bev_route_pct,market_openness,nev_substitution_space,open_convertible_share,opportunity_profile
10-15万,MPV,其他能源,89257.0,广汽传祺M6（58.0%）、迈克萨斯G50（11.5%）、五菱凯捷（6.3%）,广汽传祺M6,67606.0,75.7430789741981,广汽传祺M6（58.0%）、迈克萨斯G50（11.5%）、五菱凯捷（6.3%）,75.7430789741981,3,100.0,17563.0,20852.0,-15.77306733167082,96296.0,7039.0,7.309753260779265,7039.0,6414.0,91.12089785480893,0.24256921025801903,0.9269024673922074,0.224837999501537,头部锁死
10-15万,MPV,新能源,7039.0,极狐考拉（47.2%）、东风风行菱智（39.2%）、比亚迪宋MAX（8.9%）,极狐考拉,6703.0,95.22659468674529,东风风行菱智（39.2%）、东风风光风光（4.7%）,43.86986787896008,2,100.0,2042.0,2859.0,-28.576425323539702,96296.0,7039.0,7.309753260779265,7039.0,6414.0,91.12089785480893,0.04773405313254708,0.9269024673922074,0.044244811627188615,头部锁死
10-15万,SUV,其他能源,2544885.0,丰田锋兰达（8.0%）、长安CS75（7.3%）、吉利博越（6.9%）,丰田锋兰达,562593.0,22.106814256832823,丰田锋兰达（8.0%）、长安CS75（7.3%）、吉利博越（6.9%）,22.106814256832823,3,100.0,577752.0,774349.0,-25.38868133102774,3336485.0,791600.0,23.725567475951486,791600.0,529944.0,66.94593228903487,0.7789318574316717,0.7627443252404851,0.5941258540050381,开放替代蓝海
10-15万,SUV,新能源,791600.0,比亚迪元（32.5%）、埃安AION Y（25.0%）、比亚迪宋（18.2%）,比亚迪元,599261.0,75.70250126326428,比亚迪元（32.5%）、埃安AION Y（25.0%）、欧尚汽车欧尚Z6（4.7%）,62.26351692774128,3,100.0,236499.0,253582.0,-6.736676893470362,3336485.0,791600.0,23.725567475951486,791600.0,529944.0,66.94593228903487,0.24297498736735723,0.7627443252404851,0.18532779278983028,头部锁死
10-15万,轿车,其他能源,2186322.0,大众速腾（13.7%）、大众朗逸（11.2%）、本田思域（8.2%）,大众速腾,723253.0,33.08080877382197,大众速腾（13.7%）、大众朗逸（11.2%）、本田思域（8.2%）,33.08080877382197,3,100.0,478036.0,633818.0,-24.57834898977309,3585744.0,1399422.0,39.02738176512322,1399422.0,974668.0,69.64789748910621,0.6691919122617802,0.6097261823487677,0.4080238299220468,开放替代蓝海
10-15万,轿车,新能源,1399422.0,比亚迪秦（25.5%）、比亚迪海豚（18.8%）、埃安AION S（14.2%）,比亚迪秦,819152.0,58.53502374551779,比亚迪秦（25.5%）、比亚迪海豚（18.8%）、埃安AION S（14.2%）,58.53502374551779,3,100.0,215428.0,400416.0,-46.19895308878766,3585744.0,1399422.0,39.02738176512322,1399422.0,974668.0,69.64789748910621,0.4146497625448221,0.6097261823487677,0.25282281672827744,替代空间主导
15-20万,MPV,其他能源,53869.0,广汽传祺M8（52.5%）、现代库斯途（24.4%）、迈克萨斯G20（10.3%）,广汽传祺M8,47008.0,87.26354675230652,广汽传祺M8（52.5%）、现代库斯途（24.4%）、迈克萨斯G20（10.3%）,87.26354675230652,3,100.0,10431.0,11495.0,-9.256198347107436,60901.0,7032.0,11.54660843007504,7032.0,2159.0,30.702502844141073,0.1273645324769348,0.8845339156992496,0.11265824863302738,头部锁死
15-20万,MPV,新能源,7032.0,比亚迪宋MAX（56.2%）、极狐考拉（15.8%）、迈克萨斯G50（13.4%）,比亚迪宋MAX,6008.0,85.43799772468714,瑞风瑞风M3（11.1%）,11.092150170648464,1,100.0,322.0,2680.0,-87.98507462686567,60901.0,7032.0,11.54660843007504,7032.0,2159.0,30.702502844141073,0.1456200227531287,0.8845339156992496,0.12880584893003874,头部锁死
15-20万,SUV,其他能源,1500890.0,本田CR-V（13.8%）、丰田RAV4荣放（11.8%）、大众探岳（9.4%）,本田CR-V,525624.0,35.020820979552134,本田CR-V（13.8%）、丰田RAV4荣放（11.8%）、大众探岳（9.4%）,35.020820979552134,3,100.0,301161.0,460990.0,-34.67081715438513,2374391.0,873501.0,36.78842279978319,873501.0,306271.0,35.062467014920415,0.6497917902044786,0.6321157720021681,0.4107436391057748,开放替代蓝海
15-20万,SUV,新能源,873501.0,比亚迪宋（47.4%）、零跑零跑C11（9.2%）、深蓝S7（7.9%）,比亚迪宋,563719.0,64.53558725176045,比亚迪宋（47.4%）、零跑零跑C11（9.2%）、深蓝S7（7.9%）,64.53558725176045,3,100.0,140045.0,249992.0,-43.98020736663574,2374391.0,873501.0,36.78842279978319,873501.0,306271.0,35.062467014920415,0.3546441274823955,0.6321157720021681,0.22417614642956973,替代空间主导
15-20万,跑车,新能源,43.0,哪吒哪吒GT（100.0%）,哪吒哪吒GT,43.0,100.0,无满足9个月暴露期车型,0.0,0,100.0,43.0,,,43.0,43.0,100.0,43.0,43.0,100.0,0.0,0.0,0.0,头部锁死
15-20万,轿车,其他能源,1224777.0,大众帕萨特（17.1%）、丰田凯美瑞（16.9%）、大众迈腾（15.3%）,大众帕萨特,603013.0,49.23451371147564,大众帕萨特（17.1%）、丰田凯美瑞（16.9%）、大众迈腾（15.3%）,49.23451371147564,3,100.0,228358.0,349933.0,-34.742364967007966,1524703.0,299926.0,19.671109717761425,299926.0,193374.0,64.47390356287885,0.5076548628852435,0.8032889028223857,0.40779351781953593,开放替代蓝海
15-20万,轿车,新能源,299926.0,红旗E-QM5（26.3%）、比亚迪汉（12.7%）、比亚迪海豹（12.4%）,红旗E-QM5,154018.0,51.35200016003948,红旗E-QM5（26.3%）、深蓝SL03（7.6%）、零跑零跑C01（6.9%）,40.867080546534815,3,100.0,79630.0,113103.0,-29.595147785646713,1524703.0,299926.0,19.671109717761425,299926.0,193374.0,64.47390356287885,0.4864799983996052,0.8032889028223857,0.3907839841594548,替代空间主导
20-25万,MPV,其他能源,23351.0,本田奥德赛（75.2%）、荣威iMAX8（12.7%）、福特途睿欧（6.6%）,本田奥德赛,22070.0,94.51415356944028,福特途睿欧（6.6%）、奔腾奔腾M9（3.2%）,9.845402766476811,2,100.0,6007.0,9652.0,-37.764193949440525,37156.0,13805.0,37.1541608353967,13805.0,1985.0,14.378848243390077,0.054858464305597154,0.6284583916460329,0.03447626224566689,头部锁死
20-25万,MPV,新能源,13805.0,广汽传祺E8（83.6%）、大运汽车远志M1（9.0%）、迈克萨斯G50（4.9%）,广汽传祺E8,13464.0,97.52988047808765,大运汽车远志M1（9.0%）,8.996740311481348,1,100.0,8148.0,4896.0,66.421568627451,37156.0,13805.0,37.1541608353967,13805.0,1985.0,14.378848243390077,0.024701195219123506,0.6284583916460329,0.015523673419145036,头部锁死
20-25万,SUV,其他能源,511457.0,坦克坦克300（18.1%）、宝马X1（14.0%）、奥迪Q3（11.1%）,坦克坦克300,221069.0,43.22337948253715,坦克坦克300（18.1%）、宝马X1（14.0%）、奥迪Q3（11.1%）,43.22337948253715,3,100.0,100064.0,110704.0,-9.611215493568437,923199.0,411742.0,44.59948505143528,411742.0,208984.0,50.75605597680101,0.5677662051746285,0.5540051494856473,0.3145454013706687,开放替代蓝海
20-25万,SUV,新能源,411742.0,比亚迪唐（22.4%）、小鹏G6（11.7%）、领克领克08（10.6%）,比亚迪唐,184064.0,44.703722233826035,比亚迪唐（22.4%）、小鹏G6（11.7%）、比亚迪护卫舰07（8.0%）,42.13075178145538,3,100.0,74615.0,143937.0,-48.16134836768864,923199.0,411742.0,44.59948505143528,411742.0,208984.0,50.75605597680101,0.5529627776617396,0.5540051494856473,0.3063442262984908,开放替代蓝海
20-25万,跑车,新能源,9038.0,哪吒哪吒GT（100.0%）,哪吒哪吒GT,9038.0,100.0,哪吒哪吒GT（100.0%）,100.0,1,100.0,21.0,1195.0,-98.24267782426779,9038.0,9038.0,100.0,9038.0,9038.0,100.0,0.0,0.0,0.0,头部锁死
20-25万,轿车,其他能源,313359.0,凯迪拉克CT5（28.0%）、奥迪A4（25.8%）、大众CC（11.9%）,凯迪拉克CT5,205939.0,65.7198293331291,凯迪拉克CT5（28.0%）、大众CC（11.9%）、丰田亚洲龙（6.5%）,46.45279056928315,3,100.0,69407.0,100141.0,-30.69072607623251,690221.0,376862.0,54.600193271430456,376862.0,283495.0,75.22514872818167,0.342801706668709,0.4539980672856955,0.1556313122898318,头部锁死
20-25万,轿车,新能源,376862.0,比亚迪汉（42.6%）、特斯拉MODEL 3（22.1%）、比亚迪海豹（9.2%）,比亚迪汉,278572.0,73.91883501122427,比亚迪汉（42.6%）、极狐阿尔法S（2.2%）、飞凡F7（2.1%）,46.97448933561888,3,100.0,58045.0,76977.0,-24.594359354092777,690221.0,376862.0,54.600193271430456,376862.0,283495.0,75.22514872818167,0.2608116498877573,0.4539980672856955,0.11840798497463528,头部锁死
25-30万,MPV,其他能源,204132.0,别克GL8（48.9%）、广汽传祺M8（17.4%）、本田艾力绅（12.7%）,别克GL8,161296.0,79.01553896498345,别克GL8（48.9%）、广汽传祺M8（17.4%）、本田艾力绅（12.7%）,79.01553896498345,3,100.0,38524.0,52865.0,-27.12758914215454,207648.0,3516.0,1.6932501155802127,3516.0,3516.0,100.0,0.20984461035016555,0.9830674988441979,0.20629141624287253,头部锁死
25-30万,MPV,新能源,3516.0,荣威iMAX8（63.0%）、迈克萨斯大家9（28.6%）、迈克萨斯大家7（8.4%）,荣威iMAX8,3516.0,100.0,荣威iMAX8（63.0%）,62.99772468714448,1,100.0,732.0,725.0,0.9655172413793212,207648.0,3516.0,1.6932501155802127,3516.0,3516.0,100.0,0.0,0.9830674988441979,0.0,头部锁死
25-30万,SUV,其他能源,337726.0,丰田汉兰达（19.9%）、奔驰GLB级（17.8%）、大众揽巡（10.3%）,丰田汉兰达,162141.0,48.00962910761979,丰田汉兰达（19.9%）、奔驰GLB级（17.8%）、大众揽巡（10.3%）,48.00962910761979,3,100.0,77805.0,89589.0,-13.153400529082814,1104809.0,767083.0,69.4312772614995,767083.0,547186.0,71.3333498461053,0.5199037089238021,0.305687227385005,0.15892792328809774,BEV友好
25-30万,SUV,新能源,767083.0,特斯拉MODEL Y（60.5%）、AITO问界M7（16.3%）、AITO问界M5（4.0%）,特斯拉MODEL Y,619934.0,80.81706933930226,特斯拉MODEL Y（60.5%）、AITO问界M5（4.0%）、比亚迪唐（2.9%）,67.41539051184813,3,100.0,234246.0,247287.0,-5.2736294265367745,1104809.0,767083.0,69.4312772614995,767083.0,547186.0,71.3333498461053,0.1918293066069774,0.305687227385005,0.058639768867874933,头部锁死
25-30万,跑车,其他能源,251.0,福特Mustang（97.2%）、斯巴鲁BRZ（2.8%）,福特Mustang,251.0,100.0,无满足9个月暴露期车型,0.0,0,100.0,,,,251.0,,,,,,0.0,,,头部锁死
25-30万,轿车,其他能源,452600.0,奔驰C级（30.1%）、宝马3系（28.9%）、雷克萨斯ES（19.1%）,奔驰C级,353142.0,78.02518780380026,奔驰C级（30.1%）、宝马3系（28.9%）、雷克萨斯ES（19.1%）,78.02518780380026,3,100.0,108662.0,114621.0,-5.198872806902754,668889.0,216289.0,32.335559412697776,216289.0,208624.0,96.45613045508556,0.21974812196199733,0.6766444058730222,0.1486913374266881,头部锁死
25-30万,轿车,新能源,216289.0,特斯拉MODEL 3（24.0%）、蔚来蔚来ET5（21.7%）、极氪极氪001（21.7%）,特斯拉MODEL 3,145848.0,67.43200070276343,蔚来蔚来ET5（21.7%）、比亚迪汉（2.6%）,24.36092450378891,2,100.0,48518.0,76780.0,-36.809064860640795,668889.0,216289.0,32.335559412697776,216289.0,208624.0,96.45613045508556,0.3256799929723657,0.6766444058730222,0.22036954534951644,头部锁死
30-35万,MPV,其他能源,142720.0,丰田赛那（44.2%）、丰田格瑞维亚（26.5%）、广汽传祺M8（10.5%）,丰田赛那,115915.0,81.2184697309417,丰田赛那（44.2%）、丰田格瑞维亚（26.5%）、广汽传祺M8（10.5%）,81.2184697309417,3,100.0,29517.0,37351.0,-20.97400337340366,148377.0,5657.0,3.8125855085356894,5657.0,2148.0,37.97065582464204,0.18781530269058289,0.9618741449146431,0.18065468367738927,头部锁死
30-35万,MPV,新能源,5657.0,岚图梦想家（43.0%）、迈克萨斯大家9（26.4%）、广汽传祺E9（19.0%）,岚图梦想家,5000.0,88.386070355312,无满足9个月暴露期车型,0.0,0,100.0,3663.0,796.0,360.1758793969849,148377.0,5657.0,3.8125855085356894,5657.0,2148.0,37.97065582464204,0.11613929644688004,0.9618741449146431,0.11171138646083098,头部锁死
30-35万,SUV,其他能源,380582.0,奥迪Q5（38.2%）、沃尔沃XC60（14.8%）、宝马X3（10.9%）,奥迪Q5,243238.0,63.912113552401316,奥迪Q5（38.2%）、沃尔沃XC60（14.8%）、大众途昂（8.8%）,61.81874077071433,3,100.0,89441.0,91382.0,-2.1240506883193677,812674.0,432092.0,53.169167464444534,432092.0,124651.0,28.848254538385344,0.3608788644759868,0.46830832535555467,0.16900257667896357,替代空间主导
30-35万,SUV,新能源,432092.0,理想理想L7（35.1%）、理想理想L8（17.0%）、蔚来蔚来ES6（14.2%）,理想理想L7,286376.0,66.27662627403423,理想理想L7（35.1%）、蔚来蔚来ES6（14.2%）、坦克坦克500（7.0%）,56.32527332142229,3,100.0,89477.0,146508.0,-38.92688453872826,812674.0,432092.0,53.169167464444534,432092.0,124651.0,28.848254538385344,0.33723373725965766,0.46830832535555467,0.1579293667494654,头部锁死
30-35万,跑车,其他能源,1338.0,斯巴鲁BRZ（54.0%）、福特Mustang（45.3%）、丰田86（0.7%）,斯巴鲁BRZ,1338.0,100.0,无满足9个月暴露期车型,0.0,0,100.0,4.0,5.0,-19.999999999999996,2103.0,765.0,36.37660485021398,765.0,765.0,100.0,0.0,0.6362339514978602,0.0,头部锁死
30-35万,跑车,新能源,765.0,MGCyberster（100.0%）,MGCyberster,765.0,100.0,无满足9个月暴露期车型,0.0,0,100.0,268.0,497.0,-46.076458752515094,2103.0,765.0,36.37660485021398,765.0,765.0,100.0,0.0,0.6362339514978602,0.0,头部锁死
30-35万,轿车,其他能源,121308.0,沃尔沃S90（30.6%）、宝马3系（21.5%）、奔驰C级（21.3%）,沃尔沃S90,89006.0,73.37191281696178,沃尔沃S90（30.6%）、奥迪A5（10.9%）、凯迪拉克CT6（6.9%）,48.400764994889045,3,100.0,13740.0,16852.0,-18.46665084262995,174042.0,52734.0,30.29958285930982,52734.0,48329.0,91.64675541396441,0.2662808718303822,0.6970041714069017,0.18559887843164294,头部锁死
30-35万,轿车,新能源,52734.0,极氪极氪001（44.2%）、阿维塔阿维塔12（20.3%）、蔚来蔚来ET5（14.5%）,极氪极氪001,41639.0,78.96044297796489,奔驰C级（8.3%）、岚图岚图追光（4.2%）、PolestarPolestar 2（1.8%）,14.341790874957333,3,100.0,11787.0,6070.0,94.18451400329488,174042.0,52734.0,30.29958285930982,52734.0,48329.0,91.64675541396441,0.21039557022035116,0.6970041714069017,0.14664659008911848,头部锁死
35-40万,MPV,其他能源,25265.0,丰田赛那（52.3%）、丰田格瑞维亚（46.3%）、红旗HQ9（1.4%）,丰田赛那,25265.0,100.0,无满足9个月暴露期车型,0.0,0,100.0,355.0,,,98727.0,73462.0,74.40922949142586,73462.0,13310.0,18.118210775639106,0.0,0.25590770508574134,0.0,头部锁死
35-40万,MPV,新能源,73462.0,岚图梦想家（32.5%）、腾势腾势D9（26.9%）、广汽传祺E9（24.1%）,岚图梦想家,61353.0,83.51664806294411,岚图梦想家（32.5%）、广汽传祺E9（24.1%）,56.58571778606627,2,100.0,37650.0,18180.0,107.09570957095708,98727.0,73462.0,74.40922949142586,73462.0,13310.0,18.118210775639106,0.1648335193705589,0.25590770508574134,0.04218216766332582,头部锁死
35-40万,SUV,其他能源,124741.0,宝马X3（64.0%）、福特探险者（12.7%）、奥迪Q5（6.8%）,宝马X3,104221.0,83.5499154247601,奥迪Q5（6.8%）、雷克萨斯NX（6.8%）、捷豹F-pace（1.2%）,14.859589068550036,3,100.0,4472.0,32035.0,-86.04026845637584,205096.0,80355.0,39.179213636540936,80355.0,31954.0,39.76603820546325,0.16450084575239898,0.6082078636345907,0.10005070796114991,头部锁死
35-40万,SUV,新能源,80355.0,理想理想L8（58.0%）、蔚来蔚来EC6（11.2%）、雷克萨斯RZ（7.0%）,理想理想L8,61245.0,76.21803248086616,雷克萨斯RZ（7.0%）,7.042498911082074,1,100.0,3679.0,12409.0,-70.35216375211539,205096.0,80355.0,39.179213636540936,80355.0,31954.0,39.76603820546325,0.2378196751913384,0.6082078636345907,0.14464379657839618,头部锁死
35-40万,跑车,其他能源,104.0,丰田86（100.0%）,丰田86,104.0,100.0,无满足9个月暴露期车型,0.0,0,100.0,,,,104.0,,,,,,0.0,,,头部锁死
35-40万,轿车,其他能源,306118.0,奥迪A6（60.9%）、宝马5系（18.2%）、雷克萨斯ES（10.9%）,奥迪A6,275622.0,90.03782854977493,奥迪A6（60.9%）、雷克萨斯ES（10.9%）、奥迪A7L（7.0%）,78.78563168451382,3,100.0,77592.0,113521.0,-31.649650725416446,313568.0,7450.0,2.3758801918563117,7450.0,6231.0,83.63758389261746,0.09962171450225066,0.9762411980814368,0.09725482192060403,头部锁死
35-40万,轿车,新能源,7450.0,奔驰EQE（71.7%）、奔驰C级（8.2%）、宝马i4（5.1%）,奔驰EQE,6333.0,85.00671140939598,沃尔沃S60（4.0%）,4.0,1,100.0,1681.0,2653.0,-36.637768563889935,313568.0,7450.0,2.3758801918563117,7450.0,6231.0,83.63758389261746,0.14993288590604026,0.9762411980814368,0.1463706601687201,头部锁死
40-45万,MPV,其他能源,6476.0,红旗HQ9（100.0%）,红旗HQ9,6476.0,100.0,红旗HQ9（100.0%）,100.0,1,100.0,,,,92386.0,85910.0,92.99027991254086,85910.0,5685.0,6.617390292166221,0.0,0.07009720087459148,0.0,头部锁死
40-45万,MPV,新能源,85910.0,腾势腾势D9（100.0%）,腾势腾势D9,85910.0,100.0,腾势腾势D9（100.0%）,100.0,1,100.0,458.0,26279.0,-98.2571635145934,92386.0,85910.0,92.99027991254086,85910.0,5685.0,6.617390292166221,0.0,0.07009720087459148,0.0,头部锁死
40-45万,SUV,其他能源,115099.0,奔驰GLC级（88.5%）、宝马X4（6.2%）、雷克萨斯RX（2.0%）,奔驰GLC级,111372.0,96.76191800102521,奔驰GLC级（88.5%）、宝马X4（6.2%）,94.7340984717504,2,100.0,36440.0,30890.0,17.96697960505018,212806.0,97707.0,45.913649051248555,97707.0,5928.0,6.067119039577512,0.032380819989747955,0.5408635094875145,0.017513603939738543,头部锁死
40-45万,SUV,新能源,97707.0,理想理想L9（88.9%）、沃尔沃XC60（5.0%）、奔驰EQE SUV（2.8%）,理想理想L9,94519.0,96.73718362041615,沃尔沃XC60（5.0%）、捷尼赛思GV70（0.0%）,5.049791724236749,2,100.0,25227.0,43890.0,-42.52221462747778,212806.0,97707.0,45.913649051248555,97707.0,5928.0,6.067119039577512,0.03262816379583855,0.5408635094875145,0.0176473831787507,头部锁死
40-45万,跑车,其他能源,78.0,宝马Z4（100.0%）,宝马Z4,78.0,100.0,无满足9个月暴露期车型,0.0,0,100.0,78.0,,,78.0,,,,,,0.0,,,头部锁死
40-45万,轿车,其他能源,208998.0,奔驰E级（53.4%）、宝马5系（34.0%）、宝马4系（8.9%）,奔驰E级,201277.0,96.3057062747012,宝马4系（8.9%）、沃尔沃V90（0.7%）、本田思域（0.5%）,10.119714064249418,3,100.0,11476.0,28931.0,-60.3332065950019,227560.0,18562.0,8.156969590437686,18562.0,7940.0,42.775562978127354,0.03694293725298803,0.9184303040956231,0.03392951309544732,头部锁死
40-45万,轿车,新能源,18562.0,宝马5系（23.1%）、蔚来蔚来ET7（18.9%）、奔驰E级（17.5%）,宝马5系,11057.0,59.56793448981791,宝马5系（23.1%）、蔚来蔚来ET7（18.9%）、奔驰E级（17.5%）,59.56793448981791,3,100.0,1567.0,3815.0,-58.925294888597634,227560.0,18562.0,8.156969590437686,18562.0,7940.0,42.775562978127354,0.4043206551018209,0.9184303040956231,0.37134034221730694,替代空间主导
45-50万,MPV,其他能源,4224.0,奔驰V级（100.0%）,奔驰V级,4224.0,100.0,无满足9个月暴露期车型,0.0,0,100.0,2314.0,1910.0,21.151832460732976,4224.0,,,,,,0.0,,,头部锁死
45-50万,SUV,其他能源,57394.0,雷克萨斯RX（47.9%）、奔驰GLC级（24.0%）、保时捷Macan（9.9%）,雷克萨斯RX,46958.0,81.81691466006899,雷克萨斯RX（47.9%）、奥迪Q6（8.1%）、路虎揽胜星脉（4.4%）,60.46799317001778,3,100.0,9523.0,12957.0,-26.503048545187923,98777.0,41383.0,41.89538050355852,41383.0,7973.0,19.26636541575043,0.18183085339931016,0.5810461949644148,0.10565212549480149,头部锁死
45-50万,SUV,新能源,41383.0,理想理想L9（73.3%）、蔚来蔚来EC7（7.2%）、蔚来蔚来ES7（5.0%）,理想理想L9,35425.0,85.60278375178213,雷克萨斯NX（4.2%）、奥迪e-tron（0.4%）,4.555010511562719,2,100.0,3473.0,1804.0,92.51662971175165,98777.0,41383.0,41.89538050355852,41383.0,7973.0,19.26636541575043,0.1439721624821787,0.5810461949644148,0.08365447719106842,头部锁死
45-50万,跑车,其他能源,1111.0,宝马Z4（100.0%）,宝马Z4,1111.0,100.0,宝马Z4（100.0%）,100.0,1,100.0,133.0,256.0,-48.046875,1111.0,,,,,,0.0,,,头部锁死
45-50万,轿车,其他能源,36546.0,奔驰E级（84.9%）、奥迪A6（9.4%）、奥迪S4（3.2%）,奔驰E级,35667.0,97.59481201773109,奔驰E级（84.9%）、奥迪A6（9.4%）、奔驰CLA级AMG（2.4%）,96.75477480435616,3,100.0,19427.0,8891.0,118.5018558092453,39152.0,2606.0,6.656109521863507,2606.0,2606.0,100.0,0.024051879822689082,0.9334389047813649,0.022450960359623906,头部锁死
45-50万,轿车,新能源,2606.0,蔚来蔚来ET7（45.9%）、宝马i5（29.6%）、宝马i4（22.6%）,蔚来蔚来ET7,2557.0,98.11972371450499,无满足9个月暴露期车型,0.0,0,100.0,772.0,,,39152.0,2606.0,6.656109521863507,2606.0,2606.0,100.0,0.018802762854950195,0.9334389047813649,0.01755123036618844,头部锁死
5-10万,MPV,其他能源,174617.0,五菱五菱宏光（50.5%）、五菱佳辰（25.0%）、东风风行菱智（8.9%）,五菱五菱宏光,147340.0,84.37895508455648,五菱五菱宏光（50.5%）、五菱佳辰（25.0%）、东风风行菱智（8.9%）,84.37895508455648,3,100.0,43168.0,43587.0,-0.9612957992061855,174734.0,117.0,0.06695892041617545,117.0,117.0,100.0,0.15621044915443516,0.9993304107958383,0.1561058523241041,头部锁死
5-10万,MPV,新能源,117.0,东风风光风光（100.0%）,东风风光风光,117.0,100.0,无满足9个月暴露期车型,0.0,0,100.0,117.0,,,174734.0,117.0,0.06695892041617545,117.0,117.0,100.0,0.0,0.9993304107958383,0.0,头部锁死
5-10万,SUV,其他能源,1048526.0,哈弗哈弗H6（11.7%）、吉利缤越（8.1%）、长安CS55（6.7%）,哈弗哈弗H6,277965.0,26.510072234737148,哈弗哈弗H6（11.7%）、吉利缤越（8.1%）、长安CS55（6.7%）,26.510072234737148,3,100.0,272573.0,285151.0,-4.41099627916437,1142684.0,94158.0,8.240073371115724,94158.0,94158.0,100.0,0.7348992776526285,0.9175992662888428,0.6743430379702525,开放替代蓝海
5-10万,SUV,新能源,94158.0,吉利几何E（35.0%）、宝骏悦也（18.7%）、哪吒哪吒AYA（15.3%）,吉利几何E,65043.0,69.07857006308545,吉利几何E（35.0%）、宝骏悦也（18.7%）、哪吒哪吒V（12.3%）,66.06873552964167,3,100.0,16860.0,31360.0,-46.23724489795919,1142684.0,94158.0,8.240073371115724,94158.0,94158.0,100.0,0.30921429936914546,0.9175992662888428,0.28373481422714647,头部锁死
5-10万,轿车,其他能源,1709804.0,日产轩逸（14.6%）、长安逸动（9.4%）、吉利新帝豪（8.3%）,日产轩逸,552099.0,32.29019232613797,日产轩逸（14.6%）、长安逸动（9.4%）、吉利新帝豪（8.3%）,32.29019232613797,3,100.0,364366.0,488144.0,-25.356861909600447,2475030.0,765226.0,30.91784746043482,765226.0,638678.0,83.46266331776495,0.6770980767386203,0.6908215253956518,0.46775392621503575,开放替代蓝海
5-10万,轿车,新能源,765226.0,比亚迪海鸥（37.5%）、五菱五菱缤果（25.7%）、比亚迪秦（9.6%）,比亚迪海鸥,557180.0,72.81247631418692,比亚迪海鸥（37.5%）、五菱五菱缤果（25.7%）、零跑零跑T03（5.2%）,68.42906540028697,3,100.0,264987.0,229409.0,15.508545872219482,2475030.0,765226.0,30.91784746043482,765226.0,638678.0,83.46266331776495,0.27187523685813075,0.6908215253956518,0.187817265843638,头部锁死
50-55万,MPV,其他能源,23963.0,别克世纪（68.2%）、奔驰V级（31.8%）,别克世纪,23963.0,100.0,别克世纪（68.2%）,68.16759170387681,1,100.0,3616.0,5953.0,-39.2575172182093,41276.0,17313.0,41.94447136350421,17313.0,17313.0,100.0,0.0,0.5805552863649579,0.0,头部锁死
50-55万,MPV,新能源,17313.0,极氪极氪009（100.0%）,极氪极氪009,17313.0,100.0,极氪极氪009（100.0%）,100.0,1,100.0,1789.0,5349.0,-66.55449616750795,41276.0,17313.0,41.94447136350421,17313.0,17313.0,100.0,0.0,0.5805552863649579,0.0,头部锁死
50-55万,SUV,其他能源,33379.0,沃尔沃XC90（50.8%）、保时捷Macan（29.0%）、JEEP牧马人（8.2%）,沃尔沃XC90,29355.0,87.9445160130621,沃尔沃XC90（50.8%）、奥迪SQ5（1.7%）,52.45214056742263,2,100.0,6805.0,7338.0,-7.2635595530117225,59014.0,25635.0,43.438845019825806,25635.0,16029.0,62.52779403159743,0.12055483986937898,0.565611549801742,0.06818720981462029,头部锁死
50-55万,SUV,新能源,25635.0,蔚来蔚来ES8（48.8%）、AITO问界M9（28.8%）、雷克萨斯RX（13.8%）,蔚来蔚来ES8,23425.0,91.37897405890384,雷克萨斯RX（13.8%）,13.79364150575385,1,100.0,8362.0,6416.0,30.330423940149622,59014.0,25635.0,43.438845019825806,25635.0,16029.0,62.52779403159743,0.08621025941096161,0.565611549801742,0.04876151843424421,头部锁死
50-55万,跑车,其他能源,1833.0,保时捷718（98.6%）、丰田SUPRA（1.4%）,保时捷718,1833.0,100.0,保时捷718（98.6%）,98.63611565739225,1,100.0,851.0,975.0,-12.717948717948712,1833.0,,,,,,0.0,,,头部锁死
50-55万,轿车,其他能源,13682.0,宝马6系（53.5%）、奔驰E级（28.6%）、奥迪A7（15.6%）,宝马6系,13362.0,97.66116064902792,宝马6系（53.5%）,53.522876772401695,1,100.0,7270.0,3640.0,99.72527472527473,13761.0,79.0,0.574086185596977,79.0,79.0,100.0,0.023388393509720773,0.9942591381440302,0.023254123973548407,头部锁死
50-55万,轿车,新能源,79.0,高合HiPhi Z（100.0%）,高合HiPhi Z,79.0,100.0,无满足9个月暴露期车型,0.0,0,100.0,79.0,,,13761.0,79.0,0.574086185596977,79.0,79.0,100.0,0.0,0.9942591381440302,0.0,头部锁死
55-60万,MPV,其他能源,1379.0,别克世纪（100.0%）,别克世纪,1379.0,100.0,无满足9个月暴露期车型,0.0,0,100.0,,,,4923.0,3544.0,71.98862482226285,3544.0,3544.0,100.0,0.0,0.2801137517773715,0.0,头部锁死
55-60万,MPV,新能源,3544.0,理想理想MEGA（100.0%）,理想理想MEGA,3544.0,100.0,无满足9个月暴露期车型,0.0,0,100.0,3544.0,,,4923.0,3544.0,71.98862482226285,3544.0,3544.0,100.0,0.0,0.2801137517773715,0.0,头部锁死
55-60万,SUV,其他能源,17009.0,大众途锐（47.3%）、奥迪Q7（35.6%）、林肯飞行家（13.7%）,大众途锐,16445.0,96.68410841319302,大众途锐（47.3%）、捷尼赛思GV80（1.4%）,48.762419895349524,2,100.0,5212.0,5162.0,0.9686168151879171,20591.0,3582.0,17.395949686756353,3582.0,3223.0,89.97766610831938,0.03315891586806985,0.8260405031324365,0.02739060754698655,头部锁死
55-60万,SUV,新能源,3582.0,宝马iX（62.2%）、红旗E-HS9（26.6%）、JEEP牧马人（10.0%）,宝马iX,3542.0,98.88330541596874,无满足9个月暴露期车型,0.0,0,100.0,17.0,1660.0,-98.97590361445782,20591.0,3582.0,17.395949686756353,3582.0,3223.0,89.97766610831938,0.011166945840312636,0.8260405031324365,0.00922434956038452,头部锁死
55-60万,跑车,其他能源,2556.0,保时捷718（91.8%）、捷豹F-TYPE（4.2%）、丰田SUPRA（4.0%）,保时捷718,2556.0,100.0,无满足9个月暴露期车型,0.0,0,100.0,66.0,91.0,-27.472527472527474,2556.0,,,,,,0.0,,,头部锁死
55-60万,轿车,其他能源,7826.0,奔驰CLS级（30.9%）、奥迪A7（30.0%）、宝马M2（18.0%）,奔驰CLS级,6181.0,78.98032200357783,奔驰CLS级（30.9%）、宝马M2（18.0%）、奥迪S5（3.1%）,52.05724508050089,3,100.0,1251.0,1703.0,-26.541397533763945,8109.0,283.0,3.4899494388950547,283.0,283.0,100.0,0.2101967799642217,0.9651005056110494,0.20286101862128486,头部锁死
55-60万,轿车,新能源,283.0,高合HiPhi Z（96.5%）、宝马i5（3.5%）,高合HiPhi Z,283.0,100.0,无满足9个月暴露期车型,0.0,0,100.0,18.0,265.0,-93.20754716981132,8109.0,283.0,3.4899494388950547,283.0,283.0,100.0,0.0,0.9651005056110494,0.0,头部锁死
5万以下,MPV,其他能源,9242.0,长安凯程欧诺（63.6%）、东风风光风光（36.4%）、欧尚汽车欧尚（0.0%）,长安凯程欧诺,9242.0,100.0,东风风光风光（36.4%）,36.4098679939407,1,100.0,1010.0,2134.0,-52.67104029990628,9242.0,,,,,,0.0,,,头部锁死
5万以下,SUV,新能源,14286.0,东风纳米EX1（100.0%）,东风纳米EX1,14286.0,100.0,东风纳米EX1（100.0%）,100.0,1,100.0,364.0,5544.0,-93.43434343434343,14286.0,14286.0,100.0,14286.0,14286.0,100.0,0.0,0.0,0.0,头部锁死
5万以下,轿车,其他能源,326.0,昌河昌河北斗星（59.8%）、昌河北斗星 X5（38.0%）、长安悦翔（2.1%）,昌河昌河北斗星,326.0,100.0,无满足9个月暴露期车型,0.0,0,100.0,,,,530303.0,529977.0,99.9385257107729,529977.0,529977.0,100.0,0.0,0.0006147428922710363,0.0,头部锁死
5万以下,轿车,新能源,529977.0,五菱宏光MINI EV（39.4%）、长安Lumin（25.5%）、吉利熊猫mini（18.6%）,五菱宏光MINI EV,442494.0,83.4930572458805,五菱宏光MINI EV（39.4%）、长安Lumin（25.5%）、吉利熊猫mini（18.6%）,83.4930572458805,3,100.0,105808.0,179656.0,-41.105223315669946,530303.0,529977.0,99.9385257107729,529977.0,529977.0,100.0,0.16506942754119502,0.0006147428922710363,0.00010147525731219849,头部锁死
60万以上,MPV,其他能源,20700.0,丰田埃尔法（86.5%）、雷克萨斯LM（13.5%）,丰田埃尔法,20700.0,100.0,丰田埃尔法（86.5%）、雷克萨斯LM（13.5%）,100.0,2,100.0,5575.0,6901.0,-19.214606578756698,20947.0,247.0,1.1791664677519453,247.0,247.0,100.0,0.0,0.9882083353224805,0.0,头部锁死
60万以上,MPV,新能源,247.0,沃尔沃EM90（100.0%）,沃尔沃EM90,247.0,100.0,无满足9个月暴露期车型,0.0,0,100.0,247.0,,,20947.0,247.0,1.1791664677519453,247.0,247.0,100.0,0.0,0.9882083353224805,0.0,头部锁死
60万以上,SUV,其他能源,281912.0,宝马X5（33.4%）、奔驰GLE级（15.3%）、保时捷卡宴（7.9%）,宝马X5,159522.0,56.585743068759044,宝马X5（33.4%）、奔驰GLE级（15.3%）、保时捷卡宴（7.9%）,56.585743068759044,3,100.0,65252.0,73430.0,-11.13713740977802,307938.0,26026.0,8.451701316498776,26026.0,12362.0,47.498655190962886,0.4341425693124096,0.9154829868350123,0.39745013606635105,替代空间主导
60万以上,SUV,新能源,26026.0,仰望U8（21.2%）、特斯拉MODEL X（21.1%）、保时捷卡宴（15.2%）,仰望U8,14954.0,57.45792668869591,特斯拉MODEL X（21.1%）、保时捷卡宴（15.2%）、路特斯ELETRE（11.3%）,47.57934373318989,3,100.0,5588.0,8158.0,-31.502819318460407,307938.0,26026.0,8.451701316498776,26026.0,12362.0,47.498655190962886,0.42542073311304085,0.9154829868350123,0.38946544341186723,替代空间主导
60万以上,跑车,其他能源,7165.0,保时捷911（55.0%）、奔驰AMG GT（17.4%）、路特斯EMIRA（9.7%）,保时捷911,5883.0,82.10746685275645,保时捷911（55.0%）、奔驰AMG GT（17.4%）、路特斯EMIRA（9.7%）,82.10746685275645,3,100.0,1090.0,1774.0,-38.55693348365277,7185.0,20.0,0.2783576896311761,20.0,20.0,100.0,0.1789253314724355,0.9972164231036882,0.1784272790535839,头部锁死
60万以上,跑车,新能源,20.0,昊铂昊铂SSR（100.0%）,昊铂昊铂SSR,20.0,100.0,无满足9个月暴露期车型,0.0,0,100.0,10.0,10.0,0.0,7185.0,20.0,0.2783576896311761,20.0,20.0,100.0,0.0,0.9972164231036882,0.0,头部锁死
60万以上,轿车,其他能源,87609.0,奔驰S级（25.4%）、保时捷PANAMERA（20.5%）、宝马7系（15.9%）,奔驰S级,54120.0,61.77447522514811,奔驰S级（25.4%）、保时捷PANAMERA（20.5%）、宝马7系（15.9%）,61.77447522514811,3,100.0,19933.0,22774.0,-12.47475191007289,98844.0,11235.0,11.366395532354012,11235.0,9205.0,81.93146417445483,0.38225524774851893,0.8863360446764599,0.3388066043462425,替代空间主导
60万以上,轿车,新能源,11235.0,保时捷Taycan（28.5%）、宝马i7（13.2%）、特斯拉MODEL S（13.2%）,保时捷Taycan,6173.0,54.944370271473076,保时捷Taycan（28.5%）、宝马i7（13.2%）、特斯拉MODEL S（13.2%）,54.944370271473076,3,100.0,1435.0,3640.0,-60.57692307692308,98844.0,11235.0,11.366395532354012,11235.0,9205.0,81.93146417445483,0.45055629728526925,0.8863360446764599,0.3993442864398967,替代空间主导
