body_type,fuel_type_group,price_bucket,sales,growth_pct,share_pct,freeze,share_delta_pp
MPV,其他能源,10-15万,104715.0,,13.384195363366558,2023-03,
MPV,其他能源,15-20万,16726.0,,2.1378412992185365,2023-03,
MPV,其他能源,20-25万,60005.0,,7.6695663732875925,2023-03,
MPV,其他能源,25-30万,72804.0,,9.305476380982084,2023-03,
MPV,其他能源,30-35万,168859.0,,21.582789904624107,2023-03,
MPV,其他能源,35-40万,87383.0,,11.16889789845829,2023-03,
MPV,其他能源,40-45万,848.0,,0.10838750578364933,2023-03,
MPV,其他能源,45-50万,4813.0,,0.6151757845951701,2023-03,
MPV,其他能源,5-10万,210028.0,,26.844824368783378,2023-03,
MPV,其他能源,50-55万,12034.0,,1.5381311846703256,2023-03,
MPV,其他能源,55-60万,4539.0,,0.5801543499433778,2023-03,
MPV,其他能源,5万以下,13569.0,,1.734327907993323,2023-03,
MPV,其他能源,60万以上,26055.0,,3.3302316782936123,2023-03,
MPV,新能源,10-15万,4119.0,,6.502486384087142,2023-03,
MPV,新能源,15-20万,14617.0,,23.07522298523956,2023-03,
MPV,新能源,20-25万,1501.0,,2.369563501460257,2023-03,
MPV,新能源,25-30万,298.0,,0.47043965585286923,2023-03,
MPV,新能源,30-35万,3022.0,,4.770700134185808,2023-03,
MPV,新能源,35-40万,6366.0,,10.049727681742837,2023-03,
MPV,新能源,40-45万,30479.0,,48.11587339174363,2023-03,
MPV,新能源,50-55万,2943.0,,4.645986265687899,2023-03,
SUV,其他能源,10-15万,2312617.0,,34.6906634409357,2023-03,
SUV,其他能源,15-20万,1241948.0,,18.629976377040908,2023-03,
SUV,其他能源,20-25万,797903.0,,11.969030942656273,2023-03,
SUV,其他能源,25-30万,250409.0,,3.756287505272714,2023-03,
SUV,其他能源,30-35万,360307.0,,5.404824435872096,2023-03,
SUV,其他能源,35-40万,368688.0,,5.530544540108329,2023-03,
SUV,其他能源,40-45万,41738.0,,0.6260954194740307,2023-03,
SUV,其他能源,45-50万,51444.0,,0.7716913306680251,2023-03,
SUV,其他能源,5-10万,910739.0,,13.661639662570298,2023-03,
SUV,其他能源,50-55万,44605.0,,0.6691021655479212,2023-03,
SUV,其他能源,55-60万,18272.0,,0.27409112809980085,2023-03,
SUV,其他能源,60万以上,267726.0,,4.016053051753901,2023-03,
SUV,新能源,10-15万,117572.0,,5.074184462910358,2023-03,
SUV,新能源,15-20万,922044.0,,39.793669742113075,2023-03,
SUV,新能源,20-25万,259788.0,,11.211957211330557,2023-03,
SUV,新能源,25-30万,303728.0,,13.108324248552695,2023-03,
SUV,新能源,30-35万,302638.0,,13.061281916495975,2023-03,
SUV,新能源,35-40万,107507.0,,4.639798158184805,2023-03,
SUV,新能源,40-45万,22779.0,,0.9830984237797694,2023-03,
SUV,新能源,45-50万,80623.0,,3.4795357223932717,2023-03,
SUV,新能源,5-10万,157896.0,,6.814491800392049,2023-03,
SUV,新能源,50-55万,13233.0,,0.5711111744096619,2023-03,
SUV,新能源,55-60万,3708.0,,0.16003024519844528,2023-03,
SUV,新能源,60万以上,25546.0,,1.1025168942393426,2023-03,
跑车,其他能源,30-35万,3924.0,,18.846357043369675,2023-03,
跑车,其他能源,35-40万,808.0,,3.880697372844724,2023-03,
跑车,其他能源,45-50万,1298.0,,6.234090581624321,2023-03,
跑车,其他能源,50-55万,259.0,,1.24393641035493,2023-03,
跑车,其他能源,55-60万,3662.0,,17.588012103165074,2023-03,
跑车,其他能源,60万以上,10870.0,,52.20690648864128,2023-03,
轿车,其他能源,10-15万,2222394.0,,32.65229182271215,2023-03,
轿车,其他能源,15-20万,1389095.0,,20.4091332632604,2023-03,
轿车,其他能源,20-25万,285322.0,,4.19206369682418,2023-03,
轿车,其他能源,25-30万,213349.0,,3.1346079084463936,2023-03,
轿车,其他能源,30-35万,430086.0,,6.318993653178949,2023-03,
轿车,其他能源,35-40万,145063.0,,2.1313229826385838,2023-03,
轿车,其他能源,40-45万,216233.0,,3.1769807773511434,2023-03,
轿车,其他能源,45-50万,124763.0,,1.833067351998357,2023-03,
轿车,其他能源,5-10万,1661729.0,,24.41477984473664,2023-03,
轿车,其他能源,50-55万,5811.0,,0.08537751082021475,2023-03,
轿车,其他能源,55-60万,13187.0,,0.19374862075136323,2023-03,
轿车,其他能源,5万以下,3523.0,,0.051761309691897524,2023-03,
轿车,其他能源,60万以上,95687.0,,1.4058712575897243,2023-03,
轿车,新能源,10-15万,1013431.0,,35.903225097903615,2023-03,
轿车,新能源,15-20万,232084.0,,8.222132630264777,2023-03,
轿车,新能源,20-25万,291155.0,,10.314864557508235,2023-03,
轿车,新能源,25-30万,248186.0,,8.792584620115536,2023-03,
轿车,新能源,30-35万,72461.0,,2.5671048091277986,2023-03,
轿车,新能源,35-40万,6580.0,,0.23311228997751776,2023-03,
轿车,新能源,40-45万,9232.0,,0.3270657539623775,2023-03,
轿车,新能源,45-50万,44197.0,,1.5657847842152512,2023-03,
轿车,新能源,5-10万,412753.0,,14.622765505332886,2023-03,
轿车,新能源,50-55万,17618.0,,0.6241599277847885,2023-03,
轿车,新能源,55-60万,699.0,,0.024763752385149683,2023-03,
轿车,新能源,5万以下,465374.0,,16.486990704558867,2023-03,
轿车,新能源,60万以上,8904.0,,0.3154455668631943,2023-03,
MPV,其他能源,10-15万,89257.0,-14.761972974263482,11.455027303819968,2024-03,-1.9291680595465905
MPV,其他能源,15-20万,53869.0,222.06743991390647,6.913417052214143,2024-03,4.775575752995607
MPV,其他能源,20-25万,23351.0,-61.08490959086743,2.9968108111576695,2024-03,-4.6727555621299235
MPV,其他能源,25-30万,204132.0,180.38569309378607,26.197806710772014,2024-03,16.892330329789928
MPV,其他能源,30-35万,142720.0,-15.47977898720234,18.316339298891805,2024-03,-3.2664506057323024
MPV,其他能源,35-40万,25265.0,-71.0870535458842,3.2424489376856886,2024-03,-7.926448960772602
MPV,其他能源,40-45万,6476.0,663.6792452830189,0.8311141626935491,2024-03,0.7227266569098998
MPV,其他能源,45-50万,4224.0,-12.23768959069188,0.5420979344066633,2024-03,-0.07307785018850677
MPV,其他能源,5-10万,174617.0,-16.860132934656335,22.40992306162129,2024-03,-4.4349013071620895
MPV,其他能源,50-55万,23963.0,99.12747216220707,3.075353409608635,2024-03,1.5372222249383092
MPV,其他能源,55-60万,1379.0,-69.61885877946685,0.1769775216730087,2024-03,-0.40317682827036905
MPV,其他能源,5万以下,9242.0,-31.888864323089393,1.1860959066729124,2024-03,-0.5482320013204105
MPV,其他能源,60万以上,20700.0,-20.552677029360964,2.6565878887826537,2024-03,-0.6736437895109586
MPV,新能源,10-15万,7039.0,70.89099295945618,3.234210308672039,2024-03,-3.268276075415103
MPV,新能源,15-20万,7032.0,-51.891633030033525,3.23099401769879,2024-03,-19.84422896754077
MPV,新能源,20-25万,13805.0,819.7201865423052,6.342985269387342,2024-03,3.973421767927085
MPV,新能源,25-30万,3516.0,1079.8657718120805,1.615497008849395,2024-03,1.1450573529965258
MPV,新能源,30-35万,5657.0,87.1939113170086,2.5992225765247516,2024-03,-2.1714775576610563
MPV,新能源,35-40万,73462.0,1053.9742381401193,33.75359535383796,2024-03,23.70386767209512
MPV,新能源,40-45万,85910.0,181.8662029594147,39.4730796445539,2024-03,-8.642793747189728
MPV,新能源,5-10万,117.0,,0.05375800626717269,2024-03,
MPV,新能源,50-55万,17313.0,488.2772680937818,7.954806517124452,2024-03,3.3088202514365532
MPV,新能源,55-60万,3544.0,,1.6283621727423936,2024-03,
MPV,新能源,60万以上,247.0,,0.11348912434180902,2024-03,
SUV,其他能源,10-15万,2544885.0,10.043513474129085,36.59809307409112,2024-03,1.9074296331554166
SUV,其他能源,15-20万,1500890.0,20.84966520337406,21.58435918085596,2024-03,2.954382803815051
SUV,其他能源,20-25万,511457.0,-35.89985248833505,7.355283594109525,2024-03,-4.613747348546748
SUV,其他能源,25-30万,337726.0,34.869753083954656,4.856851127473539,2024-03,1.1005636222008253
SUV,其他能源,30-35万,380582.0,5.627145739605388,5.473164979291302,2024-03,0.0683405434192057
SUV,其他能源,35-40万,124741.0,-66.16624354467734,1.7939053152323976,2024-03,-3.736639224875931
SUV,其他能源,40-45万,115099.0,175.76548948200679,1.655243327197423,2024-03,1.0291479077233923
SUV,其他能源,45-50万,57394.0,11.565974652048826,0.8253854118729866,2024-03,0.05369408120496155
SUV,其他能源,5-10万,1048526.0,15.12914237778331,15.07889438564197,2024-03,1.4172547230716717
SUV,其他能源,50-55万,33379.0,-25.16758210962896,0.4800247353888633,2024-03,-0.18907743015905792
SUV,其他能源,55-60万,17009.0,-6.912215411558664,0.24460710998619417,2024-03,-0.02948401811360668
SUV,其他能源,60万以上,281912.0,5.2987009106325145,4.0541877588587205,2024-03,0.038134707104819476
SUV,新能源,10-15万,791600.0,573.2895587384752,21.633439459983876,2024-03,16.559254997073516
SUV,新能源,15-20万,873501.0,-5.264716217447319,23.871691513056312,2024-03,-15.921978229056762
SUV,新能源,20-25万,411742.0,58.49153925508492,11.252394681825013,2024-03,0.04043747049445656
SUV,新能源,25-30万,767083.0,152.55590528367486,20.963420466501784,2024-03,7.8550962179490895
SUV,新能源,30-35万,432092.0,42.77519676973811,11.80853476900373,2024-03,-1.2527471474922454
SUV,新能源,35-40万,80355.0,-25.256029839917403,2.19600180369758,2024-03,-2.4437963544872248
SUV,新能源,40-45万,97707.0,328.9345449756355,2.6702102947405817,2024-03,1.6871118709608122
SUV,新能源,45-50万,41383.0,-48.67097478387061,1.130945711435716,2024-03,-2.3485900109575555
SUV,新能源,5-10万,94158.0,-40.36707706338349,2.573220556686662,2024-03,-4.241271243705387
SUV,新能源,50-55万,25635.0,93.72024484243934,0.7005725373379064,2024-03,0.1294613629282445
SUV,新能源,55-60万,3582.0,-3.398058252427183,0.09789158684393917,2024-03,-0.062138658354506104
SUV,新能源,5万以下,14286.0,,0.3904185398248227,2024-03,
SUV,新能源,60万以上,26026.0,1.8789634385030896,0.7112580790620773,2024-03,-0.39125881517726535
跑车,其他能源,25-30万,251.0,,1.7387087835965642,2024-03,
跑车,其他能源,30-35万,1338.0,-65.90214067278288,9.268495428096426,2024-03,-9.57786161527325
跑车,其他能源,35-40万,104.0,-87.12871287128714,0.7204211692989747,2024-03,-3.1602762035457492
跑车,其他能源,40-45万,78.0,,0.5403158769742311,2024-03,
跑车,其他能源,45-50万,1111.0,-14.406779661016945,7.696037683568855,2024-03,1.461947101944534
跑车,其他能源,50-55万,1833.0,607.7220077220077,12.697423108894432,2024-03,11.453486698539502
跑车,其他能源,55-60万,2556.0,-30.202075368651016,17.70573566084788,2024-03,0.11772355768280462
跑车,其他能源,60万以上,7165.0,-34.08463661453543,49.63286228872264,2024-03,-2.5740441999186388
跑车,新能源,15-20万,43.0,,0.43584025947699173,2024-03,
跑车,新能源,20-25万,9038.0,,91.60754105007095,2024-03,
跑车,新能源,30-35万,765.0,,7.753902290695318,2024-03,
跑车,新能源,60万以上,20.0,,0.2027163997567403,2024-03,
轿车,其他能源,10-15万,2186322.0,-1.6231145332465835,32.78200404091899,2024-03,0.12971221820684065
轿车,其他能源,15-20万,1224777.0,-11.829140555541562,18.364469901151175,2024-03,-2.044663362109226
轿车,其他能源,20-25万,313359.0,9.826441704460231,4.698546693606127,2024-03,0.5064829967819469
轿车,其他能源,25-30万,452600.0,112.14067091947935,6.78634484258034,2024-03,3.6517369341339467
轿车,其他能源,30-35万,121308.0,-71.7944783136396,1.8189083521072382,2024-03,-4.500085301071711
轿车,其他能源,35-40万,306118.0,111.02417570297045,4.589974172604968,2024-03,2.4586511899663845
轿车,其他能源,40-45万,208998.0,-3.3459277723566716,3.1337439226902477,2024-03,-0.04323685466089566
轿车,其他能源,45-50万,36546.0,-70.7076617266337,0.5479756045447218,2024-03,-1.285091747453635
轿车,其他能源,5-10万,1709804.0,2.8930710121806813,25.637029512203352,2024-03,1.2222496674667127
轿车,其他能源,50-55万,13682.0,135.45000860437102,0.20514973516611626,2024-03,0.11977222434590151
轿车,其他能源,55-60万,7826.0,-40.65367407295063,0.11734408912512981,2024-03,-0.07640453162623342
轿车,其他能源,5万以下,326.0,-90.74652284984388,0.004888087535751637,2024-03,-0.04687322215614589
轿车,其他能源,60万以上,87609.0,-8.442108123360537,1.3136210457658442,2024-03,-0.09225021182388016
轿车,新能源,10-15万,1399422.0,38.087546167425316,38.021045733485735,2024-03,2.1178206355821203
轿车,新能源,15-20万,299926.0,29.231657503317756,8.148721516927305,2024-03,-0.07341111333747286
轿车,新能源,20-25万,376862.0,29.43689787226735,10.239003915339977,2024-03,-0.07586064216825861
轿车,新能源,25-30万,216289.0,-12.852054507506471,5.876378934052698,2024-03,-2.9162056860628374
轿车,新能源,30-35万,52734.0,-27.22429996825879,1.4327356763789882,2024-03,-1.1343691327488103
轿车,新能源,35-40万,7450.0,13.221884498480252,0.2024098454322347,2024-03,-0.030702444545283064
轿车,新能源,40-45万,18562.0,101.06152512998267,0.5043129598541127,2024-03,0.1772472058917352
轿车,新能源,45-50万,2606.0,-94.10367219494535,0.070802692241128,2024-03,-1.4949820919741232
轿车,新能源,5-10万,765226.0,85.39562401726941,20.79050689674191,2024-03,6.167741391409024
轿车,新能源,50-55万,79.0,-99.55159495970031,0.0021463594347847703,2024-03,-0.6220135683500037
轿车,新能源,55-60万,283.0,-59.513590844062946,0.0076888572157479745,2024-03,-0.017074895169401708
轿车,新能源,5万以下,529977.0,13.881953009837256,14.399001698340863,2024-03,-2.087989006218004
轿车,新能源,60万以上,11235.0,26.179245283018872,0.3052449145545177,2024-03,-0.010200652308676617
MPV,其他能源,10-15万,61098.0,-31.548225909452476,9.420867519146881,2025-03,-2.0341597846730863
MPV,其他能源,15-20万,39717.0,-26.271139245205966,6.124072723459961,2025-03,-0.7893443287541819
MPV,其他能源,20-25万,79563.0,240.72630722453,12.26803630930445,2025-03,9.271225498146782
MPV,其他能源,25-30万,195815.0,-4.074324456724076,30.193249750593253,2025-03,3.9954430398212395
MPV,其他能源,30-35万,87876.0,-38.42769058295964,13.549840487619095,2025-03,-4.76649881127271
MPV,其他能源,35-40万,701.0,-97.22541064714031,0.10808910489577342,2025-03,-3.134359832789915
MPV,其他能源,40-45万,397.0,-93.86967263743051,0.0612145144702169,2025-03,-0.7698996482233322
MPV,其他能源,45-50万,3691.0,-12.618371212121215,0.5691253725681878,2025-03,0.02702743816152453
MPV,其他能源,5-10万,143923.0,-17.57789905908359,22.191880519136088,2025-03,-0.21804254248520039
MPV,其他能源,50-55万,12978.0,-45.841505654550765,2.001113271522607,2025-03,-1.0742401380860276
MPV,其他能源,55-60万,1176.0,-14.720812182741117,0.1813306524357055,2025-03,0.004353130762696805
MPV,其他能源,5万以下,2432.0,-73.68534949145207,0.37499672340445217,2025-03,-0.8110991832684602
MPV,其他能源,60万以上,19172.0,-7.381642512077291,2.9561830514433214,2025-03,0.29959516266066766
MPV,新能源,10-15万,21661.0,207.72837050717433,6.572563393786393,2025-03,3.3383530851143544
MPV,新能源,15-20万,1539.0,-78.11433447098976,0.46697636595897046,2025-03,-2.7640176517398194
MPV,新能源,20-25万,38796.0,181.02861282144153,11.7718096775466,2025-03,5.428824408159257
MPV,新能源,25-30万,12632.0,259.27189988623434,3.832908027806182,2025-03,2.217411018956787
MPV,新能源,30-35万,38007.0,571.8578751988687,11.532404640027673,2025-03,8.933182063502922
MPV,新能源,35-40万,150148.0,104.38866352672132,45.559173096820984,2025-03,11.805577742983026
MPV,新能源,40-45万,26626.0,-69.00710045396346,8.079085588059485,2025-03,-31.393994056494414
MPV,新能源,45-50万,22851.0,,6.933643234911262,2025-03,
MPV,新能源,5-10万,3455.0,2852.991452991453,1.0483452530138029,2025-03,0.9945872467466302
MPV,新能源,50-55万,11085.0,-35.972968289724484,3.3635042343438513,2025-03,-4.591302282780601
MPV,新能源,55-60万,1255.0,-64.58803611738149,0.3808026895896737,2025-03,-1.24755948315272
MPV,新能源,60万以上,1512.0,512.1457489878543,0.4587837981351288,2025-03,0.3452946737933198
SUV,其他能源,10-15万,2119964.0,-16.69706096739145,34.64149124347908,2025-03,-1.956601830612037
SUV,其他能源,15-20万,1080826.0,-27.987660654678226,17.661349161931295,2025-03,-3.923010018924664
SUV,其他能源,20-25万,394293.0,-22.907888639709697,6.442985591672828,2025-03,-0.9122980024366969
SUV,其他能源,25-30万,446476.0,32.20065970638921,7.295687306210655,2025-03,2.438836178737116
SUV,其他能源,30-35万,216336.0,-43.15653394012329,3.5350608074709235,2025-03,-1.9381041718203784
SUV,其他能源,35-40万,149534.0,19.875582206331522,2.4434758097790343,2025-03,0.6495704945466367
SUV,其他能源,40-45万,52317.0,-54.546086412566574,0.8548913554122122,2025-03,-0.8003519717852108
SUV,其他能源,45-50万,32258.0,-43.79551869533401,0.5271151889995057,2025-03,-0.29827022287348093
SUV,其他能源,5-10万,1355209.0,29.248964737164364,22.14493298309973,2025-03,7.066038597457759
SUV,其他能源,50-55万,25563.0,-23.4159201893406,0.4177148482979219,2025-03,-0.06230988709094143
SUV,其他能源,55-60万,51014.0,199.9235698747722,0.8335995489993423,2025-03,0.5889924390131481
SUV,其他能源,5万以下,6064.0,,0.09908941986772281,2025-03,
SUV,其他能源,60万以上,189871.0,-32.64884077300718,3.102606734779749,2025-03,-0.9515810240789717
SUV,新能源,10-15万,1922807.0,142.9013390601314,36.0066709849047,2025-03,14.373231524920826
SUV,新能源,15-20万,1106648.0,26.691097090902005,20.723198132783384,2025-03,-3.148493380272928
SUV,新能源,20-25万,561493.0,36.37010555153471,10.514572555293952,2025-03,-0.7378221265310607
SUV,新能源,25-30万,926157.0,20.737521233034762,17.34330610371524,2025-03,-3.620114362786545
SUV,新能源,30-35万,414639.0,-4.039186099256642,7.764570261347031,2025-03,-4.043964507656699
SUV,新能源,35-40万,23190.0,-71.14056374836663,0.4342581965532371,2025-03,-1.7617436071443429
SUV,新能源,40-45万,83297.0,-14.74817566806882,1.5598277273952128,2025-03,-1.1103825673453689
SUV,新能源,45-50万,35523.0,-14.160404030640606,0.665207154642546,2025-03,-0.46573855679317
SUV,新能源,5-10万,98029.0,4.111174833790021,1.835700592924419,2025-03,-0.7375199637622432
SUV,新能源,50-55万,152129.0,493.44255900136534,2.848782457242234,2025-03,2.1482099199043274
SUV,新能源,55-60万,222.0,-93.80234505862647,0.004157193602191403,2025-03,-0.09373439324174777
SUV,新能源,5万以下,4437.0,-68.94162116757666,0.08308769375190656,2025-03,-0.30733084607291616
SUV,新能源,60万以上,11570.0,-55.54445554445555,0.2166609458439393,2025-03,-0.494597133218138
跑车,其他能源,25-30万,514.0,104.7808764940239,4.892442413858747,2025-03,3.153733630262183
跑车,其他能源,40-45万,886.0,1035.897435897436,8.433276223110603,2025-03,7.8929603461363715
跑车,其他能源,45-50万,496.0,-55.355535553555356,4.721111745669142,2025-03,-2.9749259378997133
跑车,其他能源,50-55万,3307.0,80.41462084015276,31.4772510946126,2025-03,18.77982798571817
跑车,其他能源,55-60万,89.0,-96.51799687010954,0.8471349704930516,2025-03,-16.858600690354827
跑车,其他能源,60万以上,5214.0,-27.229588276343332,49.628783552255854,2025-03,-0.004078736466787802
跑车,新能源,15-20万,106.0,146.51162790697674,14.620689655172415,2025-03,14.184849395695423
跑车,新能源,30-35万,440.0,-42.48366013071896,60.689655172413794,2025-03,52.93575288171848
跑车,新能源,60万以上,179.0,794.9999999999999,24.689655172413794,2025-03,24.48693877265705
轿车,其他能源,10-15万,1456072.0,-33.400843974492325,27.49971576218606,2025-03,-5.282288278732931
轿车,其他能源,15-20万,1021480.0,-16.598695109395422,19.291909779707193,2025-03,0.9274398785560187
轿车,其他能源,20-25万,306057.0,-2.3302346509913585,5.780263961553672,2025-03,1.0817172679475453
轿车,其他能源,25-30万,319820.0,-29.33716305788776,6.040195193000308,2025-03,-0.7461496495800324
轿车,其他能源,30-35万,204278.0,68.39614864642067,3.858042003738719,2025-03,2.039133651631481
轿车,其他能源,35-40万,178310.0,-41.75122011773238,3.367604292614236,2025-03,-1.2223698799907323
轿车,其他能源,40-45万,131915.0,-36.88217112125475,2.4913774901026695,2025-03,-0.6423664325875782
轿车,其他能源,45-50万,46415.0,27.004323318557443,0.876604527181256,2025-03,0.3286289226365342
轿车,其他能源,5-10万,1563022.0,-8.584726670425379,29.51959843334916,2025-03,3.8825689211458076
轿车,其他能源,50-55万,4223.0,-69.13462944014033,0.0797565640048787,2025-03,-0.12539317116123755
轿车,其他能源,55-60万,1233.0,-84.24482494249936,0.02328672588634038,2025-03,-0.09405736323878942
轿车,其他能源,60万以上,62037.0,-29.18878197445468,1.1716452666755055,2025-03,-0.14197577909033865
轿车,新能源,10-15万,1765556.0,26.163230247916648,32.178762070981676,2025-03,-5.842283662504059
轿车,新能源,15-20万,493997.0,64.70629421924075,9.003516131336946,2025-03,0.8547946144096414
轿车,新能源,20-25万,442149.0,17.323847986796224,8.058542165143715,2025-03,-2.1804617501962618
轿车,新能源,25-30万,333096.0,54.00505804733482,6.070958344451103,2025-03,0.1945794103984051
轿车,新能源,30-35万,14712.0,-72.101490499488,0.2681387322680688,2025-03,-1.1645969441109194
轿车,新能源,35-40万,22626.0,203.70469798657717,0.4123781237287468,2025-03,0.20996827829651213
轿车,新能源,40-45万,23688.0,27.615558668246965,0.4317339783826817,2025-03,-0.07257898147143105
轿车,新能源,5-10万,1626002.0,112.48650725406613,29.63527154332139,2025-03,8.844764646579481
轿车,新能源,50-55万,82.0,3.797468354430378,0.00149451985086879,2025-03,-0.0006518395839159802
轿车,新能源,55-60万,138.0,-51.23674911660777,0.0025151675539011346,2025-03,-0.00517368966184684
轿车,新能源,5万以下,757107.0,42.85657679484205,13.798920008923377,2025-03,-0.6000816894174861
轿车,新能源,60万以上,7559.0,-32.71918113039608,0.13776921405752662,2025-03,-0.16747570049699106
