price_bucket,body_type,fuel_type_group,sales,model_top3,top1_model,top3_sales,top3_concentration_pct,top3_stable,stable_top3_concentration_pct,stable_model_count,mapped_model_sales_pct
10-15万,MPV,其他能源,89257.0,广汽传祺M6（58.0%）、迈克萨斯G50（11.5%）、五菱凯捷（6.3%）,广汽传祺M6,67606.0,75.7430789741981,广汽传祺M6（58.0%）、迈克萨斯G50（11.5%）、五菱凯捷（6.3%）,75.7430789741981,3,100.0
10-15万,MPV,新能源,7039.0,极狐考拉（47.2%）、东风风行菱智（39.2%）、比亚迪宋MAX（8.9%）,极狐考拉,6703.0,95.22659468674529,东风风行菱智（39.2%）、东风风光风光（4.7%）,43.86986787896008,2,100.0
10-15万,SUV,其他能源,2544885.0,丰田锋兰达（8.0%）、长安CS75（7.3%）、吉利博越（6.9%）,丰田锋兰达,562593.0,22.106814256832823,丰田锋兰达（8.0%）、长安CS75（7.3%）、吉利博越（6.9%）,22.106814256832823,3,100.0
10-15万,SUV,新能源,791600.0,比亚迪元（32.5%）、埃安AION Y（25.0%）、比亚迪宋（18.2%）,比亚迪元,599261.0,75.70250126326428,比亚迪元（32.5%）、埃安AION Y（25.0%）、欧尚汽车欧尚Z6（4.7%）,62.26351692774128,3,100.0
10-15万,轿车,其他能源,2186322.0,大众速腾（13.7%）、大众朗逸（11.2%）、本田思域（8.2%）,大众速腾,723253.0,33.08080877382197,大众速腾（13.7%）、大众朗逸（11.2%）、本田思域（8.2%）,33.08080877382197,3,100.0
10-15万,轿车,新能源,1399422.0,比亚迪秦（25.5%）、比亚迪海豚（18.8%）、埃安AION S（14.2%）,比亚迪秦,819152.0,58.53502374551779,比亚迪秦（25.5%）、比亚迪海豚（18.8%）、埃安AION S（14.2%）,58.53502374551779,3,100.0
15-20万,MPV,其他能源,53869.0,广汽传祺M8（52.5%）、现代库斯途（24.4%）、迈克萨斯G20（10.3%）,广汽传祺M8,47008.0,87.26354675230652,广汽传祺M8（52.5%）、现代库斯途（24.4%）、迈克萨斯G20（10.3%）,87.26354675230652,3,100.0
15-20万,MPV,新能源,7032.0,比亚迪宋MAX（56.2%）、极狐考拉（15.8%）、迈克萨斯G50（13.4%）,比亚迪宋MAX,6008.0,85.43799772468714,瑞风瑞风M3（11.1%）,11.092150170648464,1,100.0
15-20万,SUV,其他能源,1500890.0,本田CR-V（13.8%）、丰田RAV4荣放（11.8%）、大众探岳（9.4%）,本田CR-V,525624.0,35.020820979552134,本田CR-V（13.8%）、丰田RAV4荣放（11.8%）、大众探岳（9.4%）,35.020820979552134,3,100.0
15-20万,SUV,新能源,873501.0,比亚迪宋（47.4%）、零跑零跑C11（9.2%）、深蓝S7（7.9%）,比亚迪宋,563719.0,64.53558725176045,比亚迪宋（47.4%）、零跑零跑C11（9.2%）、深蓝S7（7.9%）,64.53558725176045,3,100.0
15-20万,跑车,新能源,43.0,哪吒哪吒GT（100.0%）,哪吒哪吒GT,43.0,100.0,无满足9个月暴露期车型,0.0,0,100.0
15-20万,轿车,其他能源,1224777.0,大众帕萨特（17.1%）、丰田凯美瑞（16.9%）、大众迈腾（15.3%）,大众帕萨特,603013.0,49.23451371147564,大众帕萨特（17.1%）、丰田凯美瑞（16.9%）、大众迈腾（15.3%）,49.23451371147564,3,100.0
15-20万,轿车,新能源,299926.0,红旗E-QM5（26.3%）、比亚迪汉（12.7%）、比亚迪海豹（12.4%）,红旗E-QM5,154018.0,51.35200016003948,红旗E-QM5（26.3%）、深蓝SL03（7.6%）、零跑零跑C01（6.9%）,40.867080546534815,3,100.0
20-25万,MPV,其他能源,23351.0,本田奥德赛（75.2%）、荣威iMAX8（12.7%）、福特途睿欧（6.6%）,本田奥德赛,22070.0,94.51415356944028,福特途睿欧（6.6%）、奔腾奔腾M9（3.2%）,9.845402766476811,2,100.0
20-25万,MPV,新能源,13805.0,广汽传祺E8（83.6%）、大运汽车远志M1（9.0%）、迈克萨斯G50（4.9%）,广汽传祺E8,13464.0,97.52988047808765,大运汽车远志M1（9.0%）,8.996740311481348,1,100.0
20-25万,SUV,其他能源,511457.0,坦克坦克300（18.1%）、宝马X1（14.0%）、奥迪Q3（11.1%）,坦克坦克300,221069.0,43.22337948253715,坦克坦克300（18.1%）、宝马X1（14.0%）、奥迪Q3（11.1%）,43.22337948253715,3,100.0
20-25万,SUV,新能源,411742.0,比亚迪唐（22.4%）、小鹏G6（11.7%）、领克领克08（10.6%）,比亚迪唐,184064.0,44.703722233826035,比亚迪唐（22.4%）、小鹏G6（11.7%）、比亚迪护卫舰07（8.0%）,42.13075178145538,3,100.0
20-25万,跑车,新能源,9038.0,哪吒哪吒GT（100.0%）,哪吒哪吒GT,9038.0,100.0,哪吒哪吒GT（100.0%）,100.0,1,100.0
20-25万,轿车,其他能源,313359.0,凯迪拉克CT5（28.0%）、奥迪A4（25.8%）、大众CC（11.9%）,凯迪拉克CT5,205939.0,65.7198293331291,凯迪拉克CT5（28.0%）、大众CC（11.9%）、丰田亚洲龙（6.5%）,46.45279056928315,3,100.0
20-25万,轿车,新能源,376862.0,比亚迪汉（42.6%）、特斯拉MODEL 3（22.1%）、比亚迪海豹（9.2%）,比亚迪汉,278572.0,73.91883501122427,比亚迪汉（42.6%）、极狐阿尔法S（2.2%）、飞凡F7（2.1%）,46.97448933561888,3,100.0
25-30万,MPV,其他能源,204132.0,别克GL8（48.9%）、广汽传祺M8（17.4%）、本田艾力绅（12.7%）,别克GL8,161296.0,79.01553896498345,别克GL8（48.9%）、广汽传祺M8（17.4%）、本田艾力绅（12.7%）,79.01553896498345,3,100.0
25-30万,MPV,新能源,3516.0,荣威iMAX8（63.0%）、迈克萨斯大家9（28.6%）、迈克萨斯大家7（8.4%）,荣威iMAX8,3516.0,100.0,荣威iMAX8（63.0%）,62.99772468714448,1,100.0
25-30万,SUV,其他能源,337726.0,丰田汉兰达（19.9%）、奔驰GLB级（17.8%）、大众揽巡（10.3%）,丰田汉兰达,162141.0,48.00962910761979,丰田汉兰达（19.9%）、奔驰GLB级（17.8%）、大众揽巡（10.3%）,48.00962910761979,3,100.0
25-30万,SUV,新能源,767083.0,特斯拉MODEL Y（60.5%）、AITO问界M7（16.3%）、AITO问界M5（4.0%）,特斯拉MODEL Y,619934.0,80.81706933930226,特斯拉MODEL Y（60.5%）、AITO问界M5（4.0%）、比亚迪唐（2.9%）,67.41539051184813,3,100.0
25-30万,跑车,其他能源,251.0,福特Mustang（97.2%）、斯巴鲁BRZ（2.8%）,福特Mustang,251.0,100.0,无满足9个月暴露期车型,0.0,0,100.0
25-30万,轿车,其他能源,452600.0,奔驰C级（30.1%）、宝马3系（28.9%）、雷克萨斯ES（19.1%）,奔驰C级,353142.0,78.02518780380026,奔驰C级（30.1%）、宝马3系（28.9%）、雷克萨斯ES（19.1%）,78.02518780380026,3,100.0
25-30万,轿车,新能源,216289.0,特斯拉MODEL 3（24.0%）、蔚来蔚来ET5（21.7%）、极氪极氪001（21.7%）,特斯拉MODEL 3,145848.0,67.43200070276343,蔚来蔚来ET5（21.7%）、比亚迪汉（2.6%）,24.36092450378891,2,100.0
30-35万,MPV,其他能源,142720.0,丰田赛那（44.2%）、丰田格瑞维亚（26.5%）、广汽传祺M8（10.5%）,丰田赛那,115915.0,81.2184697309417,丰田赛那（44.2%）、丰田格瑞维亚（26.5%）、广汽传祺M8（10.5%）,81.2184697309417,3,100.0
30-35万,MPV,新能源,5657.0,岚图梦想家（43.0%）、迈克萨斯大家9（26.4%）、广汽传祺E9（19.0%）,岚图梦想家,5000.0,88.386070355312,无满足9个月暴露期车型,0.0,0,100.0
30-35万,SUV,其他能源,380582.0,奥迪Q5（38.2%）、沃尔沃XC60（14.8%）、宝马X3（10.9%）,奥迪Q5,243238.0,63.912113552401316,奥迪Q5（38.2%）、沃尔沃XC60（14.8%）、大众途昂（8.8%）,61.81874077071433,3,100.0
30-35万,SUV,新能源,432092.0,理想理想L7（35.1%）、理想理想L8（17.0%）、蔚来蔚来ES6（14.2%）,理想理想L7,286376.0,66.27662627403423,理想理想L7（35.1%）、蔚来蔚来ES6（14.2%）、坦克坦克500（7.0%）,56.32527332142229,3,100.0
30-35万,跑车,其他能源,1338.0,斯巴鲁BRZ（54.0%）、福特Mustang（45.3%）、丰田86（0.7%）,斯巴鲁BRZ,1338.0,100.0,无满足9个月暴露期车型,0.0,0,100.0
30-35万,跑车,新能源,765.0,MGCyberster（100.0%）,MGCyberster,765.0,100.0,无满足9个月暴露期车型,0.0,0,100.0
30-35万,轿车,其他能源,121308.0,沃尔沃S90（30.6%）、宝马3系（21.5%）、奔驰C级（21.3%）,沃尔沃S90,89006.0,73.37191281696178,沃尔沃S90（30.6%）、奥迪A5（10.9%）、凯迪拉克CT6（6.9%）,48.400764994889045,3,100.0
30-35万,轿车,新能源,52734.0,极氪极氪001（44.2%）、阿维塔阿维塔12（20.3%）、蔚来蔚来ET5（14.5%）,极氪极氪001,41639.0,78.96044297796489,奔驰C级（8.3%）、岚图岚图追光（4.2%）、PolestarPolestar 2（1.8%）,14.341790874957333,3,100.0
35-40万,MPV,其他能源,25265.0,丰田赛那（52.3%）、丰田格瑞维亚（46.3%）、红旗HQ9（1.4%）,丰田赛那,25265.0,100.0,无满足9个月暴露期车型,0.0,0,100.0
35-40万,MPV,新能源,73462.0,岚图梦想家（32.5%）、腾势腾势D9（26.9%）、广汽传祺E9（24.1%）,岚图梦想家,61353.0,83.51664806294411,岚图梦想家（32.5%）、广汽传祺E9（24.1%）,56.58571778606627,2,100.0
35-40万,SUV,其他能源,124741.0,宝马X3（64.0%）、福特探险者（12.7%）、奥迪Q5（6.8%）,宝马X3,104221.0,83.5499154247601,奥迪Q5（6.8%）、雷克萨斯NX（6.8%）、捷豹F-pace（1.2%）,14.859589068550036,3,100.0
35-40万,SUV,新能源,80355.0,理想理想L8（58.0%）、蔚来蔚来EC6（11.2%）、雷克萨斯RZ（7.0%）,理想理想L8,61245.0,76.21803248086616,雷克萨斯RZ（7.0%）,7.042498911082074,1,100.0
35-40万,跑车,其他能源,104.0,丰田86（100.0%）,丰田86,104.0,100.0,无满足9个月暴露期车型,0.0,0,100.0
35-40万,轿车,其他能源,306118.0,奥迪A6（60.9%）、宝马5系（18.2%）、雷克萨斯ES（10.9%）,奥迪A6,275622.0,90.03782854977493,奥迪A6（60.9%）、雷克萨斯ES（10.9%）、奥迪A7L（7.0%）,78.78563168451382,3,100.0
35-40万,轿车,新能源,7450.0,奔驰EQE（71.7%）、奔驰C级（8.2%）、宝马i4（5.1%）,奔驰EQE,6333.0,85.00671140939598,沃尔沃S60（4.0%）,4.0,1,100.0
40-45万,MPV,其他能源,6476.0,红旗HQ9（100.0%）,红旗HQ9,6476.0,100.0,红旗HQ9（100.0%）,100.0,1,100.0
40-45万,MPV,新能源,85910.0,腾势腾势D9（100.0%）,腾势腾势D9,85910.0,100.0,腾势腾势D9（100.0%）,100.0,1,100.0
40-45万,SUV,其他能源,115099.0,奔驰GLC级（88.5%）、宝马X4（6.2%）、雷克萨斯RX（2.0%）,奔驰GLC级,111372.0,96.76191800102521,奔驰GLC级（88.5%）、宝马X4（6.2%）,94.7340984717504,2,100.0
40-45万,SUV,新能源,97707.0,理想理想L9（88.9%）、沃尔沃XC60（5.0%）、奔驰EQE SUV（2.8%）,理想理想L9,94519.0,96.73718362041615,沃尔沃XC60（5.0%）、捷尼赛思GV70（0.0%）,5.049791724236749,2,100.0
40-45万,跑车,其他能源,78.0,宝马Z4（100.0%）,宝马Z4,78.0,100.0,无满足9个月暴露期车型,0.0,0,100.0
40-45万,轿车,其他能源,208998.0,奔驰E级（53.4%）、宝马5系（34.0%）、宝马4系（8.9%）,奔驰E级,201277.0,96.3057062747012,宝马4系（8.9%）、沃尔沃V90（0.7%）、本田思域（0.5%）,10.119714064249418,3,100.0
40-45万,轿车,新能源,18562.0,宝马5系（23.1%）、蔚来蔚来ET7（18.9%）、奔驰E级（17.5%）,宝马5系,11057.0,59.56793448981791,宝马5系（23.1%）、蔚来蔚来ET7（18.9%）、奔驰E级（17.5%）,59.56793448981791,3,100.0
45-50万,MPV,其他能源,4224.0,奔驰V级（100.0%）,奔驰V级,4224.0,100.0,无满足9个月暴露期车型,0.0,0,100.0
45-50万,SUV,其他能源,57394.0,雷克萨斯RX（47.9%）、奔驰GLC级（24.0%）、保时捷Macan（9.9%）,雷克萨斯RX,46958.0,81.81691466006899,雷克萨斯RX（47.9%）、奥迪Q6（8.1%）、路虎揽胜星脉（4.4%）,60.46799317001778,3,100.0
45-50万,SUV,新能源,41383.0,理想理想L9（73.3%）、蔚来蔚来EC7（7.2%）、蔚来蔚来ES7（5.0%）,理想理想L9,35425.0,85.60278375178213,雷克萨斯NX（4.2%）、奥迪e-tron（0.4%）,4.555010511562719,2,100.0
45-50万,跑车,其他能源,1111.0,宝马Z4（100.0%）,宝马Z4,1111.0,100.0,宝马Z4（100.0%）,100.0,1,100.0
45-50万,轿车,其他能源,36546.0,奔驰E级（84.9%）、奥迪A6（9.4%）、奥迪S4（3.2%）,奔驰E级,35667.0,97.59481201773109,奔驰E级（84.9%）、奥迪A6（9.4%）、奔驰CLA级AMG（2.4%）,96.75477480435616,3,100.0
45-50万,轿车,新能源,2606.0,蔚来蔚来ET7（45.9%）、宝马i5（29.6%）、宝马i4（22.6%）,蔚来蔚来ET7,2557.0,98.11972371450499,无满足9个月暴露期车型,0.0,0,100.0
5-10万,MPV,其他能源,174617.0,五菱五菱宏光（50.5%）、五菱佳辰（25.0%）、东风风行菱智（8.9%）,五菱五菱宏光,147340.0,84.37895508455648,五菱五菱宏光（50.5%）、五菱佳辰（25.0%）、东风风行菱智（8.9%）,84.37895508455648,3,100.0
5-10万,MPV,新能源,117.0,东风风光风光（100.0%）,东风风光风光,117.0,100.0,无满足9个月暴露期车型,0.0,0,100.0
5-10万,SUV,其他能源,1048526.0,哈弗哈弗H6（11.7%）、吉利缤越（8.1%）、长安CS55（6.7%）,哈弗哈弗H6,277965.0,26.510072234737148,哈弗哈弗H6（11.7%）、吉利缤越（8.1%）、长安CS55（6.7%）,26.510072234737148,3,100.0
5-10万,SUV,新能源,94158.0,吉利几何E（35.0%）、宝骏悦也（18.7%）、哪吒哪吒AYA（15.3%）,吉利几何E,65043.0,69.07857006308545,吉利几何E（35.0%）、宝骏悦也（18.7%）、哪吒哪吒V（12.3%）,66.06873552964167,3,100.0
5-10万,轿车,其他能源,1709804.0,日产轩逸（14.6%）、长安逸动（9.4%）、吉利新帝豪（8.3%）,日产轩逸,552099.0,32.29019232613797,日产轩逸（14.6%）、长安逸动（9.4%）、吉利新帝豪（8.3%）,32.29019232613797,3,100.0
5-10万,轿车,新能源,765226.0,比亚迪海鸥（37.5%）、五菱五菱缤果（25.7%）、比亚迪秦（9.6%）,比亚迪海鸥,557180.0,72.81247631418692,比亚迪海鸥（37.5%）、五菱五菱缤果（25.7%）、零跑零跑T03（5.2%）,68.42906540028697,3,100.0
50-55万,MPV,其他能源,23963.0,别克世纪（68.2%）、奔驰V级（31.8%）,别克世纪,23963.0,100.0,别克世纪（68.2%）,68.16759170387681,1,100.0
50-55万,MPV,新能源,17313.0,极氪极氪009（100.0%）,极氪极氪009,17313.0,100.0,极氪极氪009（100.0%）,100.0,1,100.0
50-55万,SUV,其他能源,33379.0,沃尔沃XC90（50.8%）、保时捷Macan（29.0%）、JEEP牧马人（8.2%）,沃尔沃XC90,29355.0,87.9445160130621,沃尔沃XC90（50.8%）、奥迪SQ5（1.7%）,52.45214056742263,2,100.0
50-55万,SUV,新能源,25635.0,蔚来蔚来ES8（48.8%）、AITO问界M9（28.8%）、雷克萨斯RX（13.8%）,蔚来蔚来ES8,23425.0,91.37897405890384,雷克萨斯RX（13.8%）,13.79364150575385,1,100.0
50-55万,跑车,其他能源,1833.0,保时捷718（98.6%）、丰田SUPRA（1.4%）,保时捷718,1833.0,100.0,保时捷718（98.6%）,98.63611565739225,1,100.0
50-55万,轿车,其他能源,13682.0,宝马6系（53.5%）、奔驰E级（28.6%）、奥迪A7（15.6%）,宝马6系,13362.0,97.66116064902792,宝马6系（53.5%）,53.522876772401695,1,100.0
50-55万,轿车,新能源,79.0,高合HiPhi Z（100.0%）,高合HiPhi Z,79.0,100.0,无满足9个月暴露期车型,0.0,0,100.0
55-60万,MPV,其他能源,1379.0,别克世纪（100.0%）,别克世纪,1379.0,100.0,无满足9个月暴露期车型,0.0,0,100.0
55-60万,MPV,新能源,3544.0,理想理想MEGA（100.0%）,理想理想MEGA,3544.0,100.0,无满足9个月暴露期车型,0.0,0,100.0
55-60万,SUV,其他能源,17009.0,大众途锐（47.3%）、奥迪Q7（35.6%）、林肯飞行家（13.7%）,大众途锐,16445.0,96.68410841319302,大众途锐（47.3%）、捷尼赛思GV80（1.4%）,48.762419895349524,2,100.0
55-60万,SUV,新能源,3582.0,宝马iX（62.2%）、红旗E-HS9（26.6%）、JEEP牧马人（10.0%）,宝马iX,3542.0,98.88330541596874,无满足9个月暴露期车型,0.0,0,100.0
55-60万,跑车,其他能源,2556.0,保时捷718（91.8%）、捷豹F-TYPE（4.2%）、丰田SUPRA（4.0%）,保时捷718,2556.0,100.0,无满足9个月暴露期车型,0.0,0,100.0
55-60万,轿车,其他能源,7826.0,奔驰CLS级（30.9%）、奥迪A7（30.0%）、宝马M2（18.0%）,奔驰CLS级,6181.0,78.98032200357783,奔驰CLS级（30.9%）、宝马M2（18.0%）、奥迪S5（3.1%）,52.05724508050089,3,100.0
55-60万,轿车,新能源,283.0,高合HiPhi Z（96.5%）、宝马i5（3.5%）,高合HiPhi Z,283.0,100.0,无满足9个月暴露期车型,0.0,0,100.0
5万以下,MPV,其他能源,9242.0,长安凯程欧诺（63.6%）、东风风光风光（36.4%）、欧尚汽车欧尚（0.0%）,长安凯程欧诺,9242.0,100.0,东风风光风光（36.4%）,36.4098679939407,1,100.0
5万以下,SUV,新能源,14286.0,东风纳米EX1（100.0%）,东风纳米EX1,14286.0,100.0,东风纳米EX1（100.0%）,100.0,1,100.0
5万以下,轿车,其他能源,326.0,昌河昌河北斗星（59.8%）、昌河北斗星 X5（38.0%）、长安悦翔（2.1%）,昌河昌河北斗星,326.0,100.0,无满足9个月暴露期车型,0.0,0,100.0
5万以下,轿车,新能源,529977.0,五菱宏光MINI EV（39.4%）、长安Lumin（25.5%）、吉利熊猫mini（18.6%）,五菱宏光MINI EV,442494.0,83.4930572458805,五菱宏光MINI EV（39.4%）、长安Lumin（25.5%）、吉利熊猫mini（18.6%）,83.4930572458805,3,100.0
60万以上,MPV,其他能源,20700.0,丰田埃尔法（86.5%）、雷克萨斯LM（13.5%）,丰田埃尔法,20700.0,100.0,丰田埃尔法（86.5%）、雷克萨斯LM（13.5%）,100.0,2,100.0
60万以上,MPV,新能源,247.0,沃尔沃EM90（100.0%）,沃尔沃EM90,247.0,100.0,无满足9个月暴露期车型,0.0,0,100.0
60万以上,SUV,其他能源,281912.0,宝马X5（33.4%）、奔驰GLE级（15.3%）、保时捷卡宴（7.9%）,宝马X5,159522.0,56.585743068759044,宝马X5（33.4%）、奔驰GLE级（15.3%）、保时捷卡宴（7.9%）,56.585743068759044,3,100.0
60万以上,SUV,新能源,26026.0,仰望U8（21.2%）、特斯拉MODEL X（21.1%）、保时捷卡宴（15.2%）,仰望U8,14954.0,57.45792668869591,特斯拉MODEL X（21.1%）、保时捷卡宴（15.2%）、路特斯ELETRE（11.3%）,47.57934373318989,3,100.0
60万以上,跑车,其他能源,7165.0,保时捷911（55.0%）、奔驰AMG GT（17.4%）、路特斯EMIRA（9.7%）,保时捷911,5883.0,82.10746685275645,保时捷911（55.0%）、奔驰AMG GT（17.4%）、路特斯EMIRA（9.7%）,82.10746685275645,3,100.0
60万以上,跑车,新能源,20.0,昊铂昊铂SSR（100.0%）,昊铂昊铂SSR,20.0,100.0,无满足9个月暴露期车型,0.0,0,100.0
60万以上,轿车,其他能源,87609.0,奔驰S级（25.4%）、保时捷PANAMERA（20.5%）、宝马7系（15.9%）,奔驰S级,54120.0,61.77447522514811,奔驰S级（25.4%）、保时捷PANAMERA（20.5%）、宝马7系（15.9%）,61.77447522514811,3,100.0
60万以上,轿车,新能源,11235.0,保时捷Taycan（28.5%）、宝马i7（13.2%）、特斯拉MODEL S（13.2%）,保时捷Taycan,6173.0,54.944370271473076,保时捷Taycan（28.5%）、宝马i7（13.2%）、特斯拉MODEL S（13.2%）,54.944370271473076,3,100.0
其他,MPV,其他能源,10675.0,无可映射车型,无可映射车型,0.0,0.0,无满足9个月暴露期车型,0.0,0,0.0
其他,MPV,新能源,38073.0,无可映射车型,无可映射车型,0.0,0.0,无满足9个月暴露期车型,0.0,0,0.0
其他,SUV,其他能源,59783.0,无可映射车型,无可映射车型,0.0,0.0,无满足9个月暴露期车型,0.0,0,0.0
其他,SUV,新能源,24313.0,无可映射车型,无可映射车型,0.0,0.0,无满足9个月暴露期车型,0.0,0,0.0
其他,跑车,其他能源,1657.0,无可映射车型,无可映射车型,0.0,0.0,无满足9个月暴露期车型,0.0,0,0.0
其他,跑车,新能源,832.0,无可映射车型,无可映射车型,0.0,0.0,无满足9个月暴露期车型,0.0,0,0.0
其他,轿车,其他能源,45347.0,无可映射车型,无可映射车型,0.0,0.0,无满足9个月暴露期车型,0.0,0,0.0
其他,轿车,新能源,181138.0,无可映射车型,无可映射车型,0.0,0.0,无满足9个月暴露期车型,0.0,0,0.0
