as_of,brand,model,target_market,shock_state,tail_monthly_sales,val_12m,is_breakout
2023-06,迈克萨斯,G10,10-15万 MPV 其他能源,SHOCK_NONE,137.33333333333334,1302.0,False
2023-06,凯翼,昆仑,10-15万 SUV 其他能源,SHOCK_NONE,331.0,5766.0,False
2023-06,别克,昂扬,10-15万 SUV 其他能源,SHOCK_NONE,380.3333333333333,1855.0,False
2023-06,哈弗,哈弗二代大狗,10-15万 SUV 其他能源,SHOCK_NONE,1553.6666666666667,44806.0,False
2023-06,奔腾,奔腾T90,10-15万 SUV 其他能源,SHOCK_NONE,190.0,3628.0,False
2023-06,斯威,斯威G05,10-15万 SUV 其他能源,SHOCK_NONE,39.666666666666664,257.0,False
2023-06,本田,HR-V,10-15万 SUV 其他能源,SHOCK_NONE,2150.0,39106.0,False
2023-06,本田,致在,10-15万 SUV 其他能源,SHOCK_NONE,1161.3333333333333,10144.0,False
2023-06,欧尚汽车,欧尚X5,10-15万 SUV 其他能源,SHOCK_NONE,0.0,0.0,False
2023-06,现代,沐飒,10-15万 SUV 其他能源,SHOCK_NONE,637.0,32726.0,False
2023-06,福特,锐际,10-15万 SUV 其他能源,SHOCK_NONE,1205.0,11347.0,False
2023-06,荣威,RX8,10-15万 SUV 其他能源,SHOCK_NONE,84.83333333333333,27.0,False
2023-06,起亚,赛图斯,10-15万 SUV 其他能源,SHOCK_NONE,104.0,3945.0,False
2023-06,哈弗,哈弗H6,10-15万 SUV 新能源,SHOCK_NONE,466.5,2223.0,False
2023-06,哈弗,哈弗枭龙,10-15万 SUV 新能源,SHOCK_NONE,167.5,2715.0,False
2023-06,奇瑞,瑞虎7,10-15万 SUV 新能源,SHOCK_NONE,63.0,1915.0,False
2023-06,星途,星途追风,10-15万 SUV 新能源,SHOCK_NONE,31.0,1199.0,False
2023-06,欧尚汽车,欧尚Z6,10-15万 SUV 新能源,SHOCK_CANDIDATE,2662.5,36529.0,False
2023-06,荣威,RX5,10-15万 SUV 新能源,SHOCK_NONE,76.66666666666667,4936.0,False
2023-06,蓝电,蓝电E5,10-15万 SUV 新能源,SHOCK_NONE,88.33333333333333,18384.0,False
2023-06,马自达,CX-30,10-15万 SUV 新能源,SHOCK_NONE,24.333333333333332,224.0,False
2023-06,MG,MG7,10-15万 轿车 其他能源,SHOCK_NONE,3138.5,31490.0,False
2023-06,丰田,雷凌,10-15万 轿车 新能源,SHOCK_NONE,1.0,6.0,False
2023-06,大众,ID.3,10-15万 轿车 新能源,SHOCK_NONE,1785.3333333333333,102940.0,True
2023-06,深蓝,SL03,10-15万 轿车 新能源,SHOCK_CANDIDATE,4812.0,38841.0,False
2023-06,钇为,钇为3,10-15万 轿车 新能源,SHOCK_NONE,340.0,9298.0,False
2023-06,长安,UNI-V,10-15万 轿车 新能源,SHOCK_CANDIDATE,2523.0,14630.0,False
2023-06,广汽传祺,M8,15-20万 MPV 其他能源,SHOCK_NONE,3971.3333333333335,18837.0,False
2023-06,欧尚汽车,科尚,15-20万 MPV 其他能源,SHOCK_NONE,4.666666666666667,55.0,False
2023-06,丰田,凌放,15-20万 SUV 其他能源,SHOCK_NONE,1443.0,11716.0,False
2023-06,丰田,威飒,15-20万 SUV 其他能源,SHOCK_NONE,941.25,17671.0,False
2023-06,大众,探歌,15-20万 SUV 其他能源,SHOCK_NONE,2066.0,0.0,False
2023-06,奇瑞,瑞虎9,15-20万 SUV 其他能源,SHOCK_NONE,1881.0,51311.0,True
2023-06,捷途,捷途X95,15-20万 SUV 其他能源,SHOCK_NONE,68.0,4.0,False
2023-06,星途,星途瑶光,15-20万 SUV 其他能源,SHOCK_NONE,644.6666666666666,19610.0,False
2023-06,本田,HR-V,15-20万 SUV 其他能源,SHOCK_NONE,452.5,4164.0,False
2023-06,现代,胜达,15-20万 SUV 其他能源,SHOCK_NONE,141.5,1501.0,False
2023-06,起亚,狮铂拓界,15-20万 SUV 其他能源,SHOCK_NONE,260.22222222222223,2790.0,False
2023-06,马自达,CX-50行也,15-20万 SUV 其他能源,SHOCK_NONE,1116.0,10690.0,False
2023-06,东风风行,风行雷霆,15-20万 SUV 新能源,SHOCK_NONE,206.0,1853.0,False
2023-06,丰田,bZ4X,15-20万 SUV 新能源,SHOCK_NONE,443.6666666666667,1700.0,False
2023-06,丰田,铂智4X,15-20万 SUV 新能源,SHOCK_NONE,752.0,3034.0,False
2023-06,吉利,银河L7,15-20万 SUV 新能源,SHOCK_CANDIDATE,4636.0,43692.0,False
2023-06,哈弗,哈弗二代大狗,15-20万 SUV 新能源,SHOCK_CANDIDATE,2132.6666666666665,15537.0,False
2023-06,哈弗,哈弗枭龙MAX,15-20万 SUV 新能源,SHOCK_CANDIDATE,2644.0,18087.0,False
2023-06,大众,ID.4 CROZZ,15-20万 SUV 新能源,SHOCK_NONE,1471.0,41112.0,False
2023-06,大众,ID.4 X,15-20万 SUV 新能源,SHOCK_NONE,941.6666666666666,23616.0,False
2023-06,大众,探岳,15-20万 SUV 新能源,SHOCK_NONE,1012.0,2451.0,False
2023-06,天际,天际ME7,15-20万 SUV 新能源,SHOCK_NONE,8.0,26.0,False
2023-06,奇瑞,瑞虎7,15-20万 SUV 新能源,SHOCK_NONE,20.0,0.0,False
2023-06,捷途,捷途大圣,15-20万 SUV 新能源,SHOCK_NONE,199.0,3467.0,False
2023-06,深蓝,S7,15-20万 SUV 新能源,SHOCK_NONE,478.0,79201.0,True
2023-06,MG,MG7,15-20万 轿车 其他能源,SHOCK_NONE,2848.0,0.0,False
2023-06,奔驰,A级,15-20万 轿车 其他能源,SHOCK_NONE,5177.0,29463.0,False
2023-06,标致,408,15-20万 轿车 其他能源,SHOCK_NONE,355.6666666666667,2470.0,False
2023-06,英菲尼迪,Q50L,15-20万 轿车 其他能源,SHOCK_NONE,460.0,1093.0,False
2023-06,丰田,bZ3,15-20万 轿车 新能源,SHOCK_CANDIDATE,2085.3333333333335,2160.0,False
2023-06,合创,合创A06,15-20万 轿车 新能源,SHOCK_NONE,178.33333333333334,1238.0,False
2023-06,哪吒,哪吒S,15-20万 轿车 新能源,SHOCK_NONE,733.0,11413.0,False
2023-06,大众,迈腾,15-20万 轿车 新能源,SHOCK_NONE,1397.0,9154.0,False
2023-06,欧拉,芭蕾猫,15-20万 轿车 新能源,SHOCK_NONE,355.6666666666667,2208.0,False
2023-06,欧拉,闪电猫,15-20万 轿车 新能源,SHOCK_NONE,409.5,7774.0,False
2023-06,荣威,荣威Ei5,15-20万 轿车 新能源,SHOCK_NONE,866.6666666666666,0.0,False
2023-06,零跑,零跑C01,15-20万 轿车 新能源,SHOCK_NONE,1191.8333333333333,13691.0,False
2023-06,奔腾,奔腾M9,20-25万 MPV 其他能源,SHOCK_NONE,49.666666666666664,722.0,False
2023-06,凯迪拉克,GT4,20-25万 SUV 其他能源,SHOCK_NONE,219.0,4094.0,False
2023-06,斯巴鲁,旭豹,20-25万 SUV 其他能源,SHOCK_NONE,24.0,939.0,False
2023-06,本田,致在,20-25万 SUV 其他能源,SHOCK_NONE,132.0,0.0,False
2023-06,红旗,HS7,20-25万 SUV 其他能源,SHOCK_NONE,431.5,893.0,False
2023-06,荣威,RX9,20-25万 SUV 其他能源,SHOCK_NONE,89.16666666666667,74.0,False
2023-06,路虎,发现运动版,20-25万 SUV 其他能源,SHOCK_NONE,1051.0,7465.0,False
2023-06,smart,精灵#3,20-25万 SUV 新能源,SHOCK_NONE,420.0,10872.0,False
2023-06,丰田,bZ4X,20-25万 SUV 新能源,SHOCK_NONE,0.0,0.0,False
2023-06,创维汽车,EV6,20-25万 SUV 新能源,SHOCK_NONE,350.6666666666667,3527.0,False
2023-06,别克,别克E4,20-25万 SUV 新能源,SHOCK_NONE,115.0,1712.0,False
2023-06,别克,别克E5,20-25万 SUV 新能源,SHOCK_NONE,1367.0,7320.0,False
2023-06,大众,ID.6 CROZZ,20-25万 SUV 新能源,SHOCK_NONE,1200.0,8137.0,False
2023-06,大众,ID.6 X,20-25万 SUV 新能源,SHOCK_NONE,306.6666666666667,4601.0,False
2023-06,奔驰,EQA,20-25万 SUV 新能源,SHOCK_NONE,438.0,3450.0,False
2023-06,小鹏,G6,20-25万 SUV 新能源,SHOCK_NONE,255.0,57436.0,True
2023-06,日产,艾睿雅,20-25万 SUV 新能源,SHOCK_NONE,117.5,1362.0,False
2023-06,极氪,极氪X,20-25万 SUV 新能源,SHOCK_NONE,1007.5,12979.0,False
2023-06,极狐,阿尔法T,20-25万 SUV 新能源,SHOCK_NONE,353.0,3273.0,False
2023-06,比亚迪,护卫舰07,20-25万 SUV 新能源,SHOCK_CANDIDATE,4715.333333333333,18813.0,False
2023-06,福特,Mustang,20-25万 SUV 新能源,SHOCK_NONE,134.5,1179.0,False
2023-06,魏牌,摩卡,20-25万 SUV 新能源,SHOCK_NONE,497.0,4427.0,False
2023-06,哪吒,哪吒GT,20-25万 跑车 新能源,SHOCK_NONE,552.8333333333334,5721.0,False
2023-06,林肯,林肯Z,20-25万 轿车 其他能源,SHOCK_NONE,1408.6666666666667,11311.0,False
2023-06,红旗,H6,20-25万 轿车 其他能源,SHOCK_NONE,699.3333333333334,889.0,False
2023-06,哪吒,哪吒S,20-25万 轿车 新能源,SHOCK_NONE,1947.0,1660.0,False
2023-06,小鹏,P7,20-25万 轿车 新能源,SHOCK_NONE,1986.0,18755.0,False
2023-06,本田,雅阁,20-25万 轿车 新能源,SHOCK_NONE,174.0,6303.0,False
2023-06,极狐,阿尔法S,20-25万 轿车 新能源,SHOCK_NONE,516.0,10206.0,False
2023-06,飞凡,F7,20-25万 轿车 新能源,SHOCK_NONE,1063.5,6085.0,False
2023-06,起亚,嘉华,25-30万 MPV 其他能源,SHOCK_NONE,173.0,2112.0,False
2023-06,迈克萨斯,大家9,25-30万 MPV 新能源,SHOCK_NONE,185.66666666666666,487.0,False
2023-06,北京越野,BJ60,25-30万 SUV 其他能源,SHOCK_NONE,492.0,0.0,False
2023-06,大众,揽巡,25-30万 SUV 其他能源,SHOCK_NONE,1099.8333333333333,35541.0,False
2023-06,宝马,X1,25-30万 SUV 其他能源,SHOCK_NONE,802.0,3121.0,False
2023-06,路虎,揽胜极光,25-30万 SUV 其他能源,SHOCK_NONE,1297.0,13310.0,False
2023-06,奔驰,EQB,25-30万 SUV 新能源,SHOCK_NONE,397.1666666666667,4804.0,False
2023-06,奥迪,Q4,25-30万 SUV 新能源,SHOCK_NONE,1188.1666666666667,0.0,False
2023-06,岚图,岚图FREE,25-30万 SUV 新能源,SHOCK_NONE,207.5,10108.0,False
2023-06,林肯,冒险家,25-30万 SUV 新能源,SHOCK_NONE,1.0,0.0,False
2023-06,比亚迪,护卫舰07,25-30万 SUV 新能源,SHOCK_NONE,301.6666666666667,548.0,False
2023-06,理想,理想ONE,25-30万 SUV 新能源,SHOCK_CANDIDATE,2244.0,0.0,False
2023-06,路虎,发现运动版,25-30万 SUV 新能源,SHOCK_NONE,80.66666666666667,407.0,False
2023-06,飞凡,R7,25-30万 SUV 新能源,SHOCK_NONE,39.5,480.0,False
2023-06,凯迪拉克,CT6,25-30万 轿车 其他能源,SHOCK_NONE,1163.0,0.0,False
2023-06,红旗,H9,25-30万 轿车 其他能源,SHOCK_NONE,1265.3333333333333,9927.0,False
2023-06,雷克萨斯,ES,25-30万 轿车 其他能源,SHOCK_NONE,5508.333333333333,69804.0,True
2023-06,蔚来,蔚来ET5,25-30万 轿车 新能源,SHOCK_NONE,1974.5,64633.0,True
2023-06,飞凡,F7,25-30万 轿车 新能源,SHOCK_NONE,813.75,0.0,False
2023-06,丰田,赛那,30-35万 MPV 其他能源,SHOCK_NONE,6685.0,77748.0,True
2023-06,凯迪拉克,XT6,30-35万 SUV 其他能源,SHOCK_NONE,1040.0,9492.0,False
2023-06,坦克,坦克500,30-35万 SUV 其他能源,SHOCK_NONE,1019.0,2763.0,False
2023-06,英菲尼迪,QX55,30-35万 SUV 其他能源,SHOCK_NONE,13.5,377.0,False
2023-06,坦克,坦克500,30-35万 SUV 新能源,SHOCK_NONE,254.0,40171.0,False
2023-06,奥迪,Q5 e-tron,30-35万 SUV 新能源,SHOCK_NONE,273.0,1438.0,False
2023-06,宝马,iX3,30-35万 SUV 新能源,SHOCK_CANDIDATE,3938.0,14215.0,False
2023-06,捷尼赛思,GV60,30-35万 SUV 新能源,SHOCK_NONE,11.666666666666666,15.0,False
2023-06,智己,智己LS7,30-35万 SUV 新能源,SHOCK_NONE,830.0,5415.0,False
2023-06,理想,理想L7,30-35万 SUV 新能源,SHOCK_CONFIRMED,11513.0,147979.0,True
2023-06,蔚来,蔚来ES6,30-35万 SUV 新能源,SHOCK_CANDIDATE,4708.0,76549.0,True
2023-06,阿维塔,阿维塔11,30-35万 SUV 新能源,SHOCK_NONE,658.6666666666666,7976.0,False
2023-06,魏牌,蓝山,30-35万 SUV 新能源,SHOCK_NONE,1394.1666666666667,7614.0,False
2023-06,大众,Arteon,30-35万 轿车 其他能源,SHOCK_NONE,6.333333333333333,16.0,False
2023-06,奔驰,C级,30-35万 轿车 新能源,SHOCK_NONE,353.0,4518.0,False
2023-06,岚图,岚图追光,30-35万 轿车 新能源,SHOCK_NONE,320.5,1592.0,False
2023-06,智己,智己L7,30-35万 轿车 新能源,SHOCK_NONE,107.0,976.0,False
2023-06,丰田,格瑞维亚,35-40万 MPV 其他能源,SHOCK_CANDIDATE,3896.0,0.0,False
2023-06,广汽传祺,E9,35-40万 MPV 新能源,SHOCK_NONE,1114.0,15483.0,False
2023-06,现代,帕里斯帝,35-40万 SUV 其他能源,SHOCK_NONE,29.4,430.0,False
2023-06,英菲尼迪,QX55,35-40万 SUV 其他能源,SHOCK_NONE,9.0,0.0,False
2023-06,奔驰,EQC,35-40万 SUV 新能源,SHOCK_NONE,57.666666666666664,88.0,False
2023-06,小鹏,G9,35-40万 SUV 新能源,SHOCK_NONE,483.5,1491.0,False
2023-06,智己,智己LS7,35-40万 SUV 新能源,SHOCK_NONE,795.75,0.0,False
2023-06,理想,理想L7,35-40万 SUV 新能源,SHOCK_NONE,0.0,0.0,False
2023-06,阿维塔,阿维塔11,35-40万 SUV 新能源,SHOCK_NONE,0.0,0.0,False
2023-06,雷克萨斯,RZ,35-40万 SUV 新能源,SHOCK_NONE,689.0,3592.0,False
2023-06,领克,领克09,35-40万 SUV 新能源,SHOCK_NONE,807.0,0.0,False
2023-06,奥迪,A7L,35-40万 轿车 其他能源,SHOCK_NONE,614.3333333333334,24327.0,False
2023-06,岚图,岚图追光,35-40万 轿车 新能源,SHOCK_NONE,143.0,0.0,False
2023-06,红旗,HQ9,40-45万 MPV 其他能源,SHOCK_NONE,697.6666666666666,4607.0,False
2023-06,路虎,揽胜星脉,40-45万 SUV 其他能源,SHOCK_NONE,81.0,695.0,False
2023-06,捷尼赛思,GV70,40-45万 SUV 新能源,SHOCK_NONE,6.333333333333333,28.0,False
2023-06,蔚来,蔚来ES7,40-45万 SUV 新能源,SHOCK_NONE,361.0,1779.0,False
2023-06,奥迪,A7L,40-45万 轿车 其他能源,SHOCK_NONE,0.0,1037.0,False
2023-06,本田,思域,40-45万 轿车 其他能源,SHOCK_NONE,158.33333333333334,798.0,False
2023-06,奔驰,EQE,40-45万 轿车 新能源,SHOCK_NONE,731.3333333333334,772.0,False
2023-06,奔驰,E级,40-45万 轿车 新能源,SHOCK_NONE,991.0,852.0,False
2023-06,蔚来,蔚来ET7,40-45万 轿车 新能源,SHOCK_NONE,550.0,5583.0,False
2023-06,奥迪,Q6,45-50万 SUV 其他能源,SHOCK_NONE,326.6666666666667,4620.0,False
2023-06,红旗,E-HS9,45-50万 SUV 新能源,SHOCK_NONE,0.0,0.0,False
2023-06,蔚来,蔚来EC7,45-50万 SUV 新能源,SHOCK_NONE,848.0,2469.0,False
2023-06,雷克萨斯,NX,45-50万 SUV 新能源,SHOCK_NONE,188.0,1161.0,False
2023-06,MG,MG ONE,5-10万 SUV 其他能源,SHOCK_NONE,481.0,3820.0,False
2023-06,东风风神,AX7,5-10万 SUV 其他能源,SHOCK_NONE,772.3333333333334,3359.0,False
2023-06,哈弗,哈弗赤兔,5-10万 SUV 其他能源,SHOCK_NONE,694.3333333333334,2898.0,False
2023-06,奇瑞,欧萌达,5-10万 SUV 其他能源,SHOCK_NONE,568.0,3884.0,False
2023-06,起亚,KX3,5-10万 SUV 其他能源,SHOCK_NONE,898.0,310.0,False
2023-06,云度,云兔,5-10万 SUV 新能源,SHOCK_NONE,103.66666666666667,1692.0,False
2023-06,宝骏,悦也,5-10万 SUV 新能源,SHOCK_NONE,1445.5,18347.0,False
2023-06,丰田,卡罗拉,5-10万 轿车 其他能源,SHOCK_NONE,11875.333333333334,70053.0,True
2023-06,凯翼,轩度,5-10万 轿车 其他能源,SHOCK_NONE,148.0,643.0,False
2023-06,江淮,江淮A5 PLUS,5-10万 轿车 其他能源,SHOCK_NONE,114.0,2510.0,False
2023-06,现代,伊兰特,5-10万 轿车 其他能源,SHOCK_NONE,9086.666666666666,106652.0,True
2023-06,长安,逸达,5-10万 轿车 其他能源,SHOCK_NONE,3586.0,42679.0,False
2023-06,五菱,五菱缤果,5-10万 轿车 新能源,SHOCK_CONFIRMED,13704.333333333334,195665.0,True
2023-06,五菱,晴空,5-10万 轿车 新能源,SHOCK_NONE,577.0,5461.0,False
2023-06,吉利,熊猫mini,5-10万 轿车 新能源,SHOCK_CANDIDATE,5900.0,0.0,False
2023-06,比亚迪,海鸥,5-10万 轿车 新能源,SHOCK_CANDIDATE,8420.0,356254.0,True
2023-06,别克,世纪,50-55万 MPV 其他能源,SHOCK_NONE,1289.0,16945.0,False
2023-06,极氪,极氪009,50-55万 MPV 新能源,SHOCK_NONE,1861.6666666666667,11728.0,False
2023-06,奥迪,SQ5,50-55万 SUV 其他能源,SHOCK_NONE,59.0,492.0,False
2023-06,阿尔法·罗密欧,斯坦维,50-55万 SUV 其他能源,SHOCK_NONE,0.0,0.0,False
2023-06,奔驰,EQE SUV,50-55万 SUV 新能源,SHOCK_NONE,384.0,450.0,False
2023-06,蔚来,蔚来EC7,50-55万 SUV 新能源,SHOCK_NONE,334.0,0.0,False
2023-06,雷克萨斯,RX,50-55万 SUV 新能源,SHOCK_NONE,279.3333333333333,3295.0,False
2023-06,宝马,6系,50-55万 轿车 其他能源,SHOCK_NONE,619.0,6704.0,False
2023-06,阿尔法·罗密欧,朱丽叶,50-55万 轿车 其他能源,SHOCK_NONE,0.0,0.0,False
2023-06,别克,世纪,55-60万 MPV 其他能源,SHOCK_NONE,1379.0,0.0,False
2023-06,红旗,E-HS9,55-60万 SUV 新能源,SHOCK_NONE,53.0,932.0,False
2023-06,丰田,SUPRA,55-60万 跑车 其他能源,SHOCK_NONE,24.0,79.0,False
2023-06,宝马,M2,55-60万 轿车 其他能源,SHOCK_NONE,67.33333333333333,1596.0,False
2023-06,吉利,熊猫mini,5万以下 轿车 新能源,SHOCK_CANDIDATE,7365.0,109891.0,True
2023-06,长安,Lumin,5万以下 轿车 新能源,SHOCK_CANDIDATE,10304.0,144799.0,True
2023-06,雷诺江铃,小麒麟,5万以下 轿车 新能源,SHOCK_NONE,208.0,5635.0,False
2023-06,玛莎拉蒂,Grecale,60万以上 SUV 其他能源,SHOCK_NONE,176.33333333333334,1513.0,False
2023-06,红旗,红旗LS7,60万以上 SUV 其他能源,SHOCK_NONE,18.0,119.0,False
2023-06,奔驰,EQS SUV,60万以上 SUV 新能源,SHOCK_NONE,20.5,1017.0,False
2023-06,宝马,XM,60万以上 SUV 新能源,SHOCK_NONE,11.666666666666666,263.0,False
2023-06,路特斯,ELETRE,60万以上 SUV 新能源,SHOCK_NONE,209.66666666666666,2557.0,False
2023-06,路特斯,EMIRA,60万以上 跑车 其他能源,SHOCK_NONE,21.0,820.0,False
2023-06,奔驰,EQE AMG,60万以上 轿车 新能源,SHOCK_NONE,18.5,147.0,False
2023-06,宝马,i7,60万以上 轿车 新能源,SHOCK_NONE,36.0,1550.0,False
2023-06,梅赛德斯-迈巴赫,S级,60万以上 轿车 新能源,SHOCK_NONE,2.0,468.0,False
2023-12,五菱,佳辰,10-15万 MPV 其他能源,SHOCK_NONE,93.33333333333333,239.0,False
2023-12,极狐,考拉,10-15万 MPV 新能源,SHOCK_NONE,785.5,18833.0,False
2023-12,比亚迪,宋MAX,10-15万 MPV 新能源,SHOCK_NONE,366.0,365.0,False
2023-12,东风风神,皓瀚,10-15万 SUV 其他能源,SHOCK_NONE,1732.3333333333333,7960.0,False
2023-12,五菱,星云,10-15万 SUV 其他能源,SHOCK_NONE,703.3333333333334,0.0,False
2023-12,凯翼,昆仑,10-15万 SUV 其他能源,SHOCK_NONE,589.0,3517.0,False
2023-12,北汽汽车,212,10-15万 SUV 其他能源,SHOCK_NONE,117.0,0.0,False
2023-12,奇瑞,探索06,10-15万 SUV 其他能源,SHOCK_NONE,1273.6666666666667,24363.0,False
2023-12,奇瑞,瑞虎7,10-15万 SUV 其他能源,SHOCK_NONE,0.0,1670.0,False
2023-12,奔腾,奔腾T90,10-15万 SUV 其他能源,SHOCK_NONE,1042.0,1529.0,False
2023-12,日产,奇骏,10-15万 SUV 其他能源,SHOCK_CANDIDATE,2232.4,23980.0,False
2023-12,本田,HR-V,10-15万 SUV 其他能源,SHOCK_NONE,3771.0,23141.0,False
2023-12,标致,4008,10-15万 SUV 其他能源,SHOCK_NONE,257.0,3750.0,False
2023-12,现代,沐飒,10-15万 SUV 其他能源,SHOCK_CANDIDATE,4022.6666666666665,21573.0,False
2023-12,福特,锐际,10-15万 SUV 其他能源,SHOCK_NONE,847.75,11164.0,False
2023-12,红旗,HS3,10-15万 SUV 其他能源,SHOCK_NONE,1788.0,30427.0,False
2023-12,起亚,狮铂拓界,10-15万 SUV 其他能源,SHOCK_NONE,494.3333333333333,10916.0,False
2023-12,长安,UNI-K,10-15万 SUV 其他能源,SHOCK_NONE,758.5,12473.0,False
2023-12,雪铁龙,C5,10-15万 SUV 其他能源,SHOCK_NONE,345.0,6769.0,False
2023-12,马自达,CX-5,10-15万 SUV 其他能源,SHOCK_NONE,1355.0,31308.0,False
2023-12,MG,领航,10-15万 SUV 新能源,SHOCK_NONE,0.0,2.0,False
2023-12,东风风神,SKY EV01,10-15万 SUV 新能源,SHOCK_NONE,487.0,7108.0,False
2023-12,启源,Q05,10-15万 SUV 新能源,SHOCK_NONE,507.0,34862.0,False
2023-12,启辰,VX6,10-15万 SUV 新能源,SHOCK_NONE,643.5,10655.0,False
2023-12,启辰,启辰大V,10-15万 SUV 新能源,SHOCK_NONE,1778.6666666666667,11853.0,False
2023-12,哪吒,哪吒X,10-15万 SUV 新能源,SHOCK_CANDIDATE,2047.3333333333333,15271.0,False
2023-12,奇瑞,瑞虎7,10-15万 SUV 新能源,SHOCK_NONE,269.3333333333333,1643.0,False
2023-12,奇瑞,瑞虎8,10-15万 SUV 新能源,SHOCK_NONE,754.6666666666666,2684.0,False
2023-12,小鹏,G3,10-15万 SUV 新能源,SHOCK_NONE,240.0,191.0,False
2023-12,星途,星途追风,10-15万 SUV 新能源,SHOCK_NONE,158.33333333333334,690.0,False
2023-12,本田,e:NS1,10-15万 SUV 新能源,SHOCK_NONE,467.0,1238.0,False
2023-12,本田,极湃1,10-15万 SUV 新能源,SHOCK_NONE,57.0,1132.0,False
2023-12,比亚迪,宋,10-15万 SUV 新能源,SHOCK_CONFIRMED,21469.666666666668,397197.0,True
2023-12,江淮,江淮QX PHEV,10-15万 SUV 新能源,SHOCK_NONE,189.33333333333334,2486.0,False
2023-12,领克,领克06,10-15万 SUV 新能源,SHOCK_NONE,1293.3333333333333,15426.0,False
2023-12,宝马,1系,10-15万 轿车 其他能源,SHOCK_NONE,470.0,168.0,False
2023-12,日产,天籁,10-15万 轿车 其他能源,SHOCK_NONE,11167.5,78000.0,True
2023-12,现代,索纳塔,10-15万 轿车 其他能源,SHOCK_NONE,195.5,5728.0,False
2023-12,雪铁龙,C5,10-15万 轿车 其他能源,SHOCK_NONE,2398.0,14751.0,False
2023-12,领克,领克02,10-15万 轿车 其他能源,SHOCK_NONE,2.5,0.0,False
2023-12,丰田,bZ3,10-15万 轿车 新能源,SHOCK_CANDIDATE,2922.0,44473.0,False
2023-12,丰田,卡罗拉,10-15万 轿车 新能源,SHOCK_NONE,0.0,0.0,False
2023-12,丰田,雷凌,10-15万 轿车 新能源,SHOCK_NONE,0.0,0.0,False
2023-12,五菱,星光,10-15万 轿车 新能源,SHOCK_CANDIDATE,8076.0,26989.0,False
2023-12,吉利,银河L6,10-15万 轿车 新能源,SHOCK_CANDIDATE,3996.3333333333335,56562.0,True
2023-12,启源,A05,10-15万 轿车 新能源,SHOCK_NONE,1613.6666666666667,2876.0,False
2023-12,宝骏,云朵,10-15万 轿车 新能源,SHOCK_CANDIDATE,2588.6666666666665,15053.0,False
2023-12,广汽传祺,绎乐,10-15万 轿车 新能源,SHOCK_NONE,1.0,2.0,False
2023-12,欧拉,芭蕾猫,10-15万 轿车 新能源,SHOCK_NONE,0.0,451.0,False
2023-12,荣威,D7,10-15万 轿车 新能源,SHOCK_NONE,1804.0,33177.0,False
2023-12,钇为,钇为3,10-15万 轿车 新能源,SHOCK_NONE,1289.0,1517.0,False
2023-12,零跑,零跑C01,10-15万 轿车 新能源,SHOCK_NONE,765.0,20990.0,False
2023-12,荣威,iMAX8,15-20万 MPV 其他能源,SHOCK_NONE,285.0,2481.0,False
2023-12,迈克萨斯,G70,15-20万 MPV 其他能源,SHOCK_NONE,82.0,804.0,False
2023-12,五菱,五菱征程,15-20万 MPV 新能源,SHOCK_NONE,29.0,38.0,False
2023-12,极狐,考拉,15-20万 MPV 新能源,SHOCK_NONE,1113.0,0.0,False
2023-12,DS,DS 7,15-20万 SUV 其他能源,SHOCK_NONE,41.0,89.0,False
2023-12,东风风度,帕拉丁,15-20万 SUV 其他能源,SHOCK_NONE,126.83333333333333,2593.0,False
2023-12,丰田,凌放,15-20万 SUV 其他能源,SHOCK_NONE,1318.3333333333333,7630.0,False
2023-12,五十铃,MU-X,15-20万 SUV 其他能源,SHOCK_NONE,50.125,14.0,False
2023-12,哈弗,哈弗H5,15-20万 SUV 其他能源,SHOCK_NONE,0.0,0.0,False
2023-12,宝马,X2,15-20万 SUV 其他能源,SHOCK_NONE,648.1666666666666,1517.0,False
2023-12,捷途,旅行者,15-20万 SUV 其他能源,SHOCK_CANDIDATE,3973.6666666666665,50512.0,True
2023-12,福特,EVOS,15-20万 SUV 其他能源,SHOCK_NONE,144.0,713.0,False
2023-12,红旗,HS3,15-20万 SUV 其他能源,SHOCK_NONE,0.0,0.0,False
2023-12,荣威,RX9,15-20万 SUV 其他能源,SHOCK_NONE,108.33333333333333,2015.0,False
2023-12,雪佛兰,开拓者,15-20万 SUV 其他能源,SHOCK_NONE,237.5,1383.0,False
2023-12,丰田,铂智4X,15-20万 SUV 新能源,SHOCK_NONE,116.66666666666667,4227.0,False
2023-12,别克,别克E4,15-20万 SUV 新能源,SHOCK_NONE,83.5,1890.0,False
2023-12,别克,别克E5,15-20万 SUV 新能源,SHOCK_NONE,1313.0,21848.0,False
2023-12,吉利,银河L7,15-20万 SUV 新能源,SHOCK_CANDIDATE,7299.0,0.0,False
2023-12,哈弗,哈弗猛龙,15-20万 SUV 新能源,SHOCK_CANDIDATE,4172.333333333333,63146.0,True
2023-12,大众,探岳,15-20万 SUV 新能源,SHOCK_NONE,207.66666666666666,1532.0,False
2023-12,奇瑞,舒享家,15-20万 SUV 新能源,SHOCK_NONE,757.3333333333334,0.0,False
2023-12,奔腾,奔腾E01,15-20万 SUV 新能源,SHOCK_NONE,1.0,1.0,False
2023-12,捷途,山海L9,15-20万 SUV 新能源,SHOCK_NONE,206.5,10993.0,False
2023-12,日产,艾睿雅,15-20万 SUV 新能源,SHOCK_NONE,237.0,2139.0,False
2023-12,极氪,极氪X,15-20万 SUV 新能源,SHOCK_NONE,1379.5,7774.0,False
2023-12,极狐,阿尔法T5,15-20万 SUV 新能源,SHOCK_NONE,67.0,12593.0,False
2023-12,深蓝,S7,15-20万 SUV 新能源,SHOCK_CANDIDATE,4066.1666666666665,28714.0,False
2023-12,起亚,EV5,15-20万 SUV 新能源,SHOCK_NONE,206.0,4671.0,False
2023-12,飞凡,R7,15-20万 SUV 新能源,SHOCK_NONE,694.0,5537.0,False
2023-12,红旗,H6,15-20万 轿车 其他能源,SHOCK_NONE,1220.0,13531.0,False
2023-12,英菲尼迪,Q50L,15-20万 轿车 其他能源,SHOCK_NONE,141.0,57.0,False
2023-12,启源,A07,15-20万 轿车 新能源,SHOCK_NONE,1497.6666666666667,9930.0,False
2023-12,哪吒,哪吒S,15-20万 轿车 新能源,SHOCK_NONE,524.8888888888889,4551.0,False
2023-12,大众,帕萨特,15-20万 轿车 新能源,SHOCK_NONE,1017.0,6719.0,False
2023-12,比亚迪,汉,15-20万 轿车 新能源,SHOCK_CANDIDATE,9772.0,215548.0,True
2023-12,比亚迪,海豹,15-20万 轿车 新能源,SHOCK_CANDIDATE,4385.4,58769.0,True
2023-12,荣威,D7,15-20万 轿车 新能源,SHOCK_NONE,427.0,0.0,False
2023-12,广汽传祺,E8,20-25万 MPV 新能源,SHOCK_CANDIDATE,2016.5,32961.0,False
2023-12,迈克萨斯,G50,20-25万 MPV 新能源,SHOCK_NONE,129.0,596.0,False
2023-12,别克,昂科旗,20-25万 SUV 其他能源,SHOCK_NONE,415.0,2550.0,False
2023-12,斯巴鲁,旭豹,20-25万 SUV 其他能源,SHOCK_NONE,127.66666666666667,91.0,False
2023-12,迈克萨斯,领地,20-25万 SUV 其他能源,SHOCK_NONE,14.75,347.0,False
2023-12,马自达,CX-50行也,20-25万 SUV 其他能源,SHOCK_NONE,28.5,185.0,False
2023-12,smart,精灵#3,20-25万 SUV 新能源,SHOCK_NONE,431.1666666666667,3520.0,False
2023-12,别克,别克E4,20-25万 SUV 新能源,SHOCK_NONE,92.25,0.0,False
2023-12,埃安,AION LX,20-25万 SUV 新能源,SHOCK_NONE,69.66666666666667,668.0,False
2023-12,奔驰,EQA,20-25万 SUV 新能源,SHOCK_NONE,170.16666666666666,768.0,False
2023-12,奔驰,EQB,20-25万 SUV 新能源,SHOCK_NONE,261.5,2807.0,False
2023-12,奥迪,Q4,20-25万 SUV 新能源,SHOCK_NONE,1011.3333333333334,15557.0,False
2023-12,小鹏,G6,20-25万 SUV 新能源,SHOCK_CANDIDATE,3886.6666666666665,24017.0,False
2023-12,广汽传祺,ES9,20-25万 SUV 新能源,SHOCK_CANDIDATE,2179.5,7172.0,False
2023-12,昊铂,昊铂HT,20-25万 SUV 新能源,SHOCK_NONE,795.0,10177.0,False
2023-12,智己,智己LS6,20-25万 SUV 新能源,SHOCK_CANDIDATE,3843.0,33719.0,False
2023-12,极氪,极氪X,20-25万 SUV 新能源,SHOCK_NONE,876.5,644.0,False
2023-12,极越,极越01,20-25万 SUV 新能源,SHOCK_NONE,340.75,9761.0,False
2023-12,比亚迪,宋L,20-25万 SUV 新能源,SHOCK_NONE,1011.0,27041.0,False
2023-12,迈克萨斯,D60,20-25万 SUV 新能源,SHOCK_NONE,1.0,5.0,False
2023-12,领克,领克08,20-25万 SUV 新能源,SHOCK_CANDIDATE,4375.0,58738.0,True
2023-12,飞凡,R7,20-25万 SUV 新能源,SHOCK_NONE,28.5,0.0,False
2023-12,魏牌,摩卡,20-25万 SUV 新能源,SHOCK_NONE,154.83333333333334,2983.0,False
2023-12,DS,DS 9,20-25万 轿车 其他能源,SHOCK_NONE,9.0,18.0,False
2023-12,奥迪,A4,20-25万 轿车 其他能源,SHOCK_NONE,6270.333333333333,109990.0,True
2023-12,宝马,2系,20-25万 轿车 其他能源,SHOCK_NONE,454.25,5781.0,False
2023-12,大众,ID.7 VIZZION,20-25万 轿车 新能源,SHOCK_NONE,497.0,6882.0,False
2023-12,昊铂,昊铂GT,20-25万 轿车 新能源,SHOCK_NONE,412.0,3556.0,False
2023-12,本田,英仕派,20-25万 轿车 新能源,SHOCK_NONE,205.66666666666666,0.0,False
2023-12,本田,雅阁,20-25万 轿车 新能源,SHOCK_NONE,772.6666666666666,2162.0,False
2023-12,极狐,阿尔法S,20-25万 轿车 新能源,SHOCK_NONE,544.1666666666666,6440.0,False
2023-12,飞凡,F7,20-25万 轿车 新能源,SHOCK_NONE,310.6666666666667,1633.0,False
2023-12,大众,威然,25-30万 MPV 其他能源,SHOCK_NONE,1616.5,9509.0,False
2023-12,起亚,嘉华,25-30万 MPV 其他能源,SHOCK_NONE,178.66666666666666,1820.0,False
2023-12,迈克萨斯,大家7,25-30万 MPV 新能源,SHOCK_NONE,42.666666666666664,353.0,False
2023-12,丰田,皇冠陆放,25-30万 SUV 其他能源,SHOCK_NONE,1401.5714285714287,51975.0,True
2023-12,大众,揽境,25-30万 SUV 其他能源,SHOCK_NONE,1688.0,20151.0,False
2023-12,宝马,X1,25-30万 SUV 其他能源,SHOCK_NONE,0.0,0.0,False
2023-12,AITO,问界M7,25-30万 SUV 新能源,SHOCK_CANDIDATE,7755.833333333333,197379.0,True
2023-12,坦克,坦克400,25-30万 SUV 新能源,SHOCK_CANDIDATE,3103.0,44382.0,False
2023-12,奥迪,Q5 e-tron,25-30万 SUV 新能源,SHOCK_NONE,313.0,5727.0,False
2023-12,宝马,iX1,25-30万 SUV 新能源,SHOCK_NONE,460.0,381.0,False
2023-12,宝马,iX3,25-30万 SUV 新能源,SHOCK_CANDIDATE,4177.0,27341.0,False
2023-12,小鹏,G9,25-30万 SUV 新能源,SHOCK_CANDIDATE,2237.0,21377.0,False
2023-12,广汽传祺,ES9,25-30万 SUV 新能源,SHOCK_NONE,33.0,1348.0,False
2023-12,捷尼赛思,GV60,25-30万 SUV 新能源,SHOCK_NONE,10.666666666666666,55.0,False
2023-12,智己,智己LS6,25-30万 SUV 新能源,SHOCK_NONE,481.5,0.0,False
2023-12,路虎,揽胜极光,25-30万 SUV 新能源,SHOCK_NONE,54.0,73.0,False
2023-12,阿维塔,阿维塔11,25-30万 SUV 新能源,SHOCK_NONE,887.0,5991.0,False
2023-12,魏牌,蓝山,25-30万 SUV 新能源,SHOCK_NONE,1238.6666666666667,42498.0,False
2023-12,福特,Mustang,25-30万 跑车 其他能源,SHOCK_NONE,62.5,0.0,False
2023-12,DS,DS 4,25-30万 轿车 其他能源,SHOCK_NONE,1.0,4.0,False
2023-12,大众,Arteon,25-30万 轿车 其他能源,SHOCK_NONE,1.0,0.0,False
2023-12,捷豹,XFL,25-30万 轿车 其他能源,SHOCK_NONE,539.5,9009.0,False
2023-12,现代,伊兰特,25-30万 轿车 其他能源,SHOCK_NONE,164.0,358.0,False
2023-12,DS,DS 9,25-30万 轿车 新能源,SHOCK_NONE,5.0,12.0,False
2023-12,岚图,岚图追光,25-30万 轿车 新能源,SHOCK_NONE,724.0,1610.0,False
2023-12,星途,星纪元ES,25-30万 轿车 新能源,SHOCK_NONE,56.5,995.0,False
2023-12,极氪,极氪007,25-30万 轿车 新能源,SHOCK_NONE,279.0,0.0,False
2023-12,蔚来,蔚来ET5,25-30万 轿车 新能源,SHOCK_CANDIDATE,2460.0,78953.0,True
2023-12,丰田,格瑞维亚,30-35万 MPV 其他能源,SHOCK_NONE,4341.0,16496.0,False
2023-12,丰田,赛那,30-35万 MPV 其他能源,SHOCK_NONE,6628.0,87858.0,True
2023-12,宝马,X3,30-35万 SUV 其他能源,SHOCK_NONE,11426.0,110830.0,True
2023-12,英菲尼迪,QX55,30-35万 SUV 其他能源,SHOCK_NONE,23.0,335.0,False
2023-12,阿尔法·罗密欧,托纳利,30-35万 SUV 其他能源,SHOCK_NONE,6.0,2.0,False
2023-12,Polestar,Polestar 4,30-35万 SUV 新能源,SHOCK_NONE,20.5,2013.0,False
2023-12,凯迪拉克,IQ锐歌,30-35万 SUV 新能源,SHOCK_NONE,282.25,1343.0,False
2023-12,坦克,坦克500,30-35万 SUV 新能源,SHOCK_CANDIDATE,4240.666666666667,43311.0,False
2023-12,奔驰,EQC,30-35万 SUV 新能源,SHOCK_NONE,11.0,0.0,False
2023-12,宝马,iX1,30-35万 SUV 新能源,SHOCK_NONE,0.0,0.0,False
2023-12,方程豹,豹5,30-35万 SUV 新能源,SHOCK_CANDIDATE,2441.0,18339.0,False
2023-12,智己,智己LS7,30-35万 SUV 新能源,SHOCK_NONE,357.6666666666667,392.0,False
2023-12,理想,理想L8,30-35万 SUV 新能源,SHOCK_CONFIRMED,13239.333333333334,79064.0,True
2023-12,腾势,腾势N7,30-35万 SUV 新能源,SHOCK_NONE,337.3333333333333,337.0,False
2023-12,腾势,腾势N8,30-35万 SUV 新能源,SHOCK_NONE,295.3333333333333,483.0,False
2023-12,蔚来,蔚来ES6,30-35万 SUV 新能源,SHOCK_CANDIDATE,5850.0,76637.0,True
2023-12,起亚,EV6,30-35万 SUV 新能源,SHOCK_NONE,5.5,60.0,False
2023-12,高合,HiPhi Y,30-35万 SUV 新能源,SHOCK_NONE,232.5,224.0,False
2023-12,丰田,86,30-35万 跑车 其他能源,SHOCK_NONE,1.6666666666666667,4.0,False
2023-12,MG,Cyberster,30-35万 跑车 新能源,SHOCK_NONE,124.25,671.0,False
2023-12,丰田,皇冠,30-35万 轿车 其他能源,SHOCK_NONE,51.5,971.0,False
2023-12,奔驰,C级,30-35万 轿车 新能源,SHOCK_NONE,575.0,1793.0,False
2023-12,智己,智己L7,30-35万 轿车 新能源,SHOCK_NONE,73.75,883.0,False
2023-12,智界,智界S7,30-35万 轿车 新能源,SHOCK_NONE,305.0,777.0,False
2023-12,阿维塔,阿维塔12,30-35万 轿车 新能源,SHOCK_NONE,814.75,10804.0,False
2023-12,合创,合创V09,35-40万 MPV 新能源,SHOCK_NONE,276.3333333333333,716.0,False
2023-12,魏牌,高山,35-40万 MPV 新能源,SHOCK_NONE,583.6666666666666,3484.0,False
2023-12,奔驰,AMG GLB,35-40万 SUV 其他能源,SHOCK_NONE,239.66666666666666,694.0,False
2023-12,奔驰,GLA级 AMG,35-40万 SUV 其他能源,SHOCK_NONE,30.333333333333332,96.0,False
2023-12,英菲尼迪,QX60,35-40万 SUV 其他能源,SHOCK_NONE,65.5,946.0,False
2023-12,凯迪拉克,IQ锐歌,35-40万 SUV 新能源,SHOCK_NONE,86.5,0.0,False
2023-12,奔驰,EQE SUV,35-40万 SUV 新能源,SHOCK_NONE,1050.0,2178.0,False
2023-12,奥迪,e-tron,35-40万 SUV 新能源,SHOCK_NONE,161.33333333333334,146.0,False
2023-12,起亚,EV6,35-40万 SUV 新能源,SHOCK_NONE,4.5,8.0,False
2023-12,高合,HiPhi Y,35-40万 SUV 新能源,SHOCK_NONE,378.0,0.0,False
2023-12,丰田,皇冠,35-40万 轿车 其他能源,SHOCK_NONE,31.75,0.0,False
2023-12,宝马,5系,35-40万 轿车 其他能源,SHOCK_NONE,4876.888888888889,74468.0,True
2023-12,沃尔沃,V90,35-40万 轿车 其他能源,SHOCK_NONE,0.0,966.0,False
2023-12,奔驰,EQE,35-40万 轿车 新能源,SHOCK_NONE,853.3333333333334,972.0,False
2023-12,奔驰,EQE SUV,40-45万 SUV 新能源,SHOCK_NONE,919.0,0.0,False
2023-12,奥迪,e-tron,40-45万 SUV 新能源,SHOCK_NONE,0.0,4.0,False
2023-12,理想,理想L9,40-45万 SUV 新能源,SHOCK_CONFIRMED,13338.333333333334,86093.0,True
2023-12,蔚来,蔚来ES7,40-45万 SUV 新能源,SHOCK_NONE,126.0,1187.0,False
2023-12,起亚,EV6,40-45万 SUV 新能源,SHOCK_NONE,6.0,0.0,False
2023-12,高合,HiPhi Y,40-45万 SUV 新能源,SHOCK_NONE,0.0,0.0,False
2023-12,丰田,皇冠,40-45万 轿车 其他能源,SHOCK_NONE,0.0,0.0,False
2023-12,宝马,i4,40-45万 轿车 新能源,SHOCK_NONE,96.0,0.0,False
2023-12,捷尼赛思,G80,40-45万 轿车 新能源,SHOCK_NONE,9.666666666666666,50.0,False
2023-12,蔚来,蔚来ET7,40-45万 轿车 新能源,SHOCK_NONE,347.6666666666667,7220.0,False
2023-12,奔驰,V级,45-50万 MPV 其他能源,SHOCK_NONE,955.0,5755.0,False
2023-12,保时捷,Macan,45-50万 SUV 其他能源,SHOCK_NONE,1477.0,9491.0,False
2023-12,奔驰,EQE SUV,45-50万 SUV 新能源,SHOCK_NONE,0.0,0.0,False
2023-12,蔚来,蔚来EC7,45-50万 SUV 新能源,SHOCK_NONE,296.3333333333333,1635.0,False
2023-12,雪佛兰,沃兰多,5-10万 MPV 其他能源,SHOCK_NONE,29.333333333333332,1.0,False
2023-12,MG,MG ONE,5-10万 SUV 其他能源,SHOCK_NONE,510.0,2343.0,False
2023-12,东风风神,皓瀚,5-10万 SUV 其他能源,SHOCK_NONE,907.0,5359.0,False
2023-12,北京汽车,魔方,5-10万 SUV 其他能源,SHOCK_NONE,736.0,4708.0,False
2023-12,北京越野,BJ30,5-10万 SUV 其他能源,SHOCK_NONE,2.5,1.0,False
2023-12,启辰,启辰大V,5-10万 SUV 其他能源,SHOCK_NONE,1219.0,7239.0,False
2023-12,奇瑞,瑞虎8,5-10万 SUV 其他能源,SHOCK_NONE,2772.3333333333335,31498.0,False
2023-12,奔腾,奔腾T90,5-10万 SUV 其他能源,SHOCK_NONE,1514.0,6103.0,False
2023-12,日产,劲客,5-10万 SUV 其他能源,SHOCK_NONE,1384.6666666666667,9310.0,False
2023-12,本田,缤智,5-10万 SUV 其他能源,SHOCK_NONE,5568.0,10118.0,False
2023-12,福特,领界,5-10万 SUV 其他能源,SHOCK_NONE,52.666666666666664,82.0,False
2023-12,起亚,赛图斯,5-10万 SUV 其他能源,SHOCK_NONE,851.0,5529.0,False
2023-12,哪吒,哪吒AYA,5-10万 SUV 新能源,SHOCK_CANDIDATE,2766.3333333333335,2592.0,False
2023-12,MG,MG6,5-10万 轿车 其他能源,SHOCK_NONE,491.3333333333333,1100.0,False
2023-12,凯翼,轩度,5-10万 轿车 其他能源,SHOCK_NONE,52.0,328.0,False
2023-12,日产,骐达,5-10万 轿车 其他能源,SHOCK_NONE,2237.6666666666665,15280.0,False
2023-12,标致,408,5-10万 轿车 其他能源,SHOCK_NONE,1405.5,19262.0,False
2023-12,江淮,江淮A5 PLUS,5-10万 轿车 其他能源,SHOCK_NONE,299.3333333333333,1314.0,False
2023-12,别克,微蓝6,5-10万 轿车 新能源,SHOCK_CANDIDATE,9117.5,49768.0,False
2023-12,大众,途锐,50-55万 SUV 其他能源,SHOCK_NONE,0.0,3588.0,False
2023-12,奥迪,SQ5,50-55万 SUV 其他能源,SHOCK_NONE,46.333333333333336,126.0,False
2023-12,林肯,飞行家,50-55万 SUV 其他能源,SHOCK_NONE,288.6666666666667,2515.0,False
2023-12,奔驰,EQE SUV,50-55万 SUV 新能源,SHOCK_NONE,0.0,0.0,False
2023-12,保时捷,718,50-55万 跑车 其他能源,SHOCK_NONE,162.5,3293.0,False
2023-12,奥迪,A7,50-55万 轿车 其他能源,SHOCK_NONE,219.25,3343.0,False
2023-12,宝马,6系,50-55万 轿车 其他能源,SHOCK_NONE,921.0,2100.0,False
2023-12,宝马,X3,55-60万 SUV 其他能源,SHOCK_NONE,25.0,23.0,False
2023-12,宝马,iX,55-60万 SUV 新能源,SHOCK_NONE,398.6666666666667,0.0,False
2023-12,高合,HiPhi Z,55-60万 轿车 新能源,SHOCK_NONE,88.33333333333333,8.0,False
2023-12,五菱,五菱NanoEV,5万以下 轿车 新能源,SHOCK_NONE,186.66666666666666,534.0,False
2023-12,JEEP,大切诺基,60万以上 SUV 新能源,SHOCK_NONE,1.0,0.0,False
2023-12,JEEP,牧马人,60万以上 SUV 新能源,SHOCK_NONE,45.0,135.0,False
2023-12,仰望,U8,60万以上 SUV 新能源,SHOCK_NONE,655.0,7172.0,False
2023-12,奔驰,SL级AMG,60万以上 跑车 其他能源,SHOCK_NONE,3.6666666666666665,41.0,False
2023-12,昊铂,昊铂SSR,60万以上 跑车 新能源,SHOCK_NONE,5.0,51.0,False
2023-12,捷尼赛思,G90,60万以上 轿车 其他能源,SHOCK_NONE,5.666666666666667,57.0,False
2023-12,奔驰,S级,60万以上 轿车 新能源,SHOCK_NONE,173.33333333333334,1121.0,False
2023-12,宝马,7系,60万以上 轿车 新能源,SHOCK_NONE,1.0,18.0,False
2024-06,瑞风,瑞风M3,10-15万 MPV 其他能源,SHOCK_NONE,42.0,333.0,False
2024-06,比亚迪,宋MAX,10-15万 MPV 新能源,SHOCK_NONE,25.666666666666668,29.0,False
2024-06,东风风光,风光,10-15万 SUV 其他能源,SHOCK_NONE,0.0,0.0,False
2024-06,丰田,RAV4荣放,10-15万 SUV 其他能源,SHOCK_NONE,8100.4,197481.0,True
2024-06,丰田,威兰达,10-15万 SUV 其他能源,SHOCK_NONE,6218.0,121455.0,True
2024-06,标致,4008,10-15万 SUV 其他能源,SHOCK_NONE,433.3333333333333,3574.0,False
2024-06,江淮,江淮X8,10-15万 SUV 其他能源,SHOCK_NONE,36.5,387.0,False
2024-06,iCAR,iCAR 03,10-15万 SUV 新能源,SHOCK_CANDIDATE,2418.2,37351.0,False
2024-06,东风风神,风神L7,10-15万 SUV 新能源,SHOCK_NONE,683.3333333333334,17235.0,False
2024-06,东风风行,风行雷霆,10-15万 SUV 新能源,SHOCK_NONE,351.0,929.0,False
2024-06,吉利,几何M6,10-15万 SUV 新能源,SHOCK_NONE,39.0,0.0,False
2024-06,吉利,银河L7,10-15万 SUV 新能源,SHOCK_CANDIDATE,5918.333333333333,45410.0,False
2024-06,启源,Q05,10-15万 SUV 新能源,SHOCK_CANDIDATE,3557.6666666666665,17146.0,False
2024-06,哈弗,哈弗枭龙MAX,10-15万 SUV 新能源,SHOCK_NONE,604.0,2424.0,False
2024-06,哪吒,哪吒L,10-15万 SUV 新能源,SHOCK_NONE,983.0,3605.0,False
2024-06,埃安,AION V,10-15万 SUV 新能源,SHOCK_NONE,1581.0,27038.0,False
2024-06,大众,ID.4 CROZZ,10-15万 SUV 新能源,SHOCK_NONE,0.0,21678.0,False
2024-06,大众,ID.4 X,10-15万 SUV 新能源,SHOCK_NONE,1485.0,31410.0,False
2024-06,奇瑞,舒享家,10-15万 SUV 新能源,SHOCK_NONE,614.3333333333334,3663.0,False
2024-06,奇瑞,风云T6,10-15万 SUV 新能源,SHOCK_NONE,689.0,4870.0,False
2024-06,小鹏,G3,10-15万 SUV 新能源,SHOCK_NONE,0.0,0.0,False
2024-06,本田,e:NS1,10-15万 SUV 新能源,SHOCK_NONE,95.0,1363.0,False
2024-06,荣威,D5X,10-15万 SUV 新能源,SHOCK_NONE,448.5,5210.0,False
2024-06,蓝电,蓝电E3,10-15万 SUV 新能源,SHOCK_NONE,41.0,673.0,False
2024-06,长安,UNI-Z,10-15万 SUV 新能源,SHOCK_CANDIDATE,4716.333333333333,48151.0,False
2024-06,零跑,零跑C10,10-15万 SUV 新能源,SHOCK_CANDIDATE,2770.8,98180.0,True
2024-06,零跑,零跑C11,10-15万 SUV 新能源,SHOCK_NONE,1678.0,67765.0,True
2024-06,本田,英仕派,10-15万 轿车 其他能源,SHOCK_NONE,3472.5,40240.0,False
2024-06,雪铁龙,C5,10-15万 轿车 其他能源,SHOCK_NONE,772.6666666666666,15923.0,False
2024-06,东风奕派,eπ007,10-15万 轿车 新能源,SHOCK_NONE,1516.4,27685.0,False
2024-06,五菱,星光,10-15万 轿车 新能源,SHOCK_CANDIDATE,2154.0,13577.0,False
2024-06,合创,合创A06,10-15万 轿车 新能源,SHOCK_NONE,330.0,417.0,False
2024-06,吉利,几何G6,10-15万 轿车 新能源,SHOCK_NONE,380.0,0.0,False
2024-06,启源,A07,10-15万 轿车 新能源,SHOCK_CANDIDATE,2271.8,58330.0,True
2024-06,奇瑞,风云A8,10-15万 轿车 新能源,SHOCK_CANDIDATE,2482.0,25783.0,False
2024-06,比亚迪,海豹06,10-15万 轿车 新能源,SHOCK_CANDIDATE,3624.5,324412.0,True
2024-06,红旗,E-QM5,10-15万 轿车 新能源,SHOCK_CANDIDATE,6882.0,67836.0,True
2024-06,零跑,零跑C01,10-15万 轿车 新能源,SHOCK_NONE,635.0,17611.0,False
2024-06,瑞风,瑞风RF8,15-20万 MPV 其他能源,SHOCK_NONE,89.0,633.0,False
2024-06,大运汽车,远志M1,15-20万 MPV 新能源,SHOCK_NONE,153.0,315.0,False
2024-06,瑞风,瑞风M4,15-20万 MPV 新能源,SHOCK_NONE,4.4,329.0,False
2024-06,DS,DS 7,15-20万 SUV 其他能源,SHOCK_NONE,26.5,35.0,False
2024-06,凯迪拉克,GT4,15-20万 SUV 其他能源,SHOCK_NONE,153.5,2883.0,False
2024-06,奥迪,Q3,15-20万 SUV 其他能源,SHOCK_NONE,1550.0,33965.0,False
2024-06,捷豹,E-pace,15-20万 SUV 其他能源,SHOCK_NONE,86.0,430.0,False
2024-06,斯巴鲁,旭豹,15-20万 SUV 其他能源,SHOCK_NONE,47.75,301.0,False
2024-06,smart,精灵#1,15-20万 SUV 新能源,SHOCK_NONE,972.0,23690.0,False
2024-06,东风奕派,eπ008,15-20万 SUV 新能源,SHOCK_NONE,485.5,29198.0,False
2024-06,别克,别克E4,15-20万 SUV 新能源,SHOCK_NONE,168.33333333333334,1302.0,False
2024-06,别克,别克E5,15-20万 SUV 新能源,SHOCK_NONE,744.0,21608.0,False
2024-06,哪吒,哪吒L,15-20万 SUV 新能源,SHOCK_CANDIDATE,3017.0,11437.0,False
2024-06,大众,途观,15-20万 SUV 新能源,SHOCK_NONE,0.0,0.0,False
2024-06,奇瑞,风云T9,15-20万 SUV 新能源,SHOCK_CANDIDATE,3309.0,5486.0,False
2024-06,奔驰,EQA,15-20万 SUV 新能源,SHOCK_NONE,489.0,1885.0,False
2024-06,捷途,山海T2,15-20万 SUV 新能源,SHOCK_CANDIDATE,2955.0,44931.0,False
2024-06,日产,艾睿雅,15-20万 SUV 新能源,SHOCK_NONE,214.8,298.0,False
2024-06,星途,星途瑶光,15-20万 SUV 新能源,SHOCK_NONE,704.5,11875.0,False
2024-06,本田,CR-V,15-20万 SUV 新能源,SHOCK_NONE,444.6666666666667,1441.0,False
2024-06,本田,极湃2,15-20万 SUV 新能源,SHOCK_NONE,220.5,1089.0,False
2024-06,极狐,阿尔法T5,15-20万 SUV 新能源,SHOCK_CANDIDATE,2567.0,3003.0,False
2024-06,比亚迪,唐,15-20万 SUV 新能源,SHOCK_CONFIRMED,10541.333333333334,107873.0,True
2024-06,比亚迪,护卫舰07,15-20万 SUV 新能源,SHOCK_NONE,1385.3333333333333,4442.0,False
2024-06,深蓝,S07,15-20万 SUV 新能源,SHOCK_CANDIDATE,3423.5,71810.0,True
2024-06,雪佛兰,探界者,15-20万 SUV 新能源,SHOCK_NONE,101.0,2200.0,False
2024-06,零跑,零跑C10,15-20万 SUV 新能源,SHOCK_NONE,1211.0,0.0,False
2024-06,零跑,零跑C16,15-20万 SUV 新能源,SHOCK_NONE,456.0,63578.0,True
2024-06,领克,领克05,15-20万 SUV 新能源,SHOCK_NONE,2.0,3.0,False
2024-06,哪吒,哪吒GT,15-20万 跑车 新能源,SHOCK_NONE,8.6,63.0,False
2024-06,DS,DS 4,15-20万 轿车 其他能源,SHOCK_NONE,23.0,69.0,False
2024-06,DS,DS 9,15-20万 轿车 其他能源,SHOCK_NONE,5.0,6.0,False
2024-06,东风奕派,eπ007,15-20万 轿车 新能源,SHOCK_NONE,0.0,1.0,False
2024-06,吉利,银河E8,15-20万 轿车 新能源,SHOCK_CANDIDATE,2288.0,13619.0,False
2024-06,昊铂,昊铂GT,15-20万 轿车 新能源,SHOCK_NONE,423.3333333333333,2411.0,False
2024-06,本田,英仕派,15-20万 轿车 新能源,SHOCK_NONE,109.33333333333333,749.0,False
2024-06,本田,雅阁,15-20万 轿车 新能源,SHOCK_NONE,652.0,7133.0,False
2024-06,极狐,阿尔法S5,15-20万 轿车 新能源,SHOCK_NONE,546.0,9196.0,False
2024-06,比亚迪,汉,15-20万 轿车 新能源,SHOCK_CANDIDATE,5401.5,206306.0,True
2024-06,钇为,爱跑,15-20万 轿车 新能源,SHOCK_NONE,91.0,551.0,False
2024-06,领克,领克07,15-20万 轿车 新能源,SHOCK_CANDIDATE,3169.0,38723.0,False
2024-06,飞凡,F7,15-20万 轿车 新能源,SHOCK_NONE,237.33333333333334,2775.0,False
2024-06,瑞风,瑞风RF8,20-25万 MPV 其他能源,SHOCK_NONE,0.0,0.0,False
2024-06,东风风行,星海V9,20-25万 MPV 新能源,SHOCK_NONE,603.0,4265.0,False
2024-06,瑞风,瑞风RF8,20-25万 MPV 新能源,SHOCK_NONE,210.33333333333334,1887.0,False
2024-06,迈克萨斯,大家7,20-25万 MPV 新能源,SHOCK_NONE,19.0,1320.0,False
2024-06,凯迪拉克,XT5,20-25万 SUV 其他能源,SHOCK_CANDIDATE,2782.0,2088.0,False
2024-06,奔驰,GLB级,20-25万 SUV 其他能源,SHOCK_NONE,0.0,34754.0,False
2024-06,英菲尼迪,QX50,20-25万 SUV 其他能源,SHOCK_NONE,17.0,464.0,False
2024-06,领克,领克09,20-25万 SUV 其他能源,SHOCK_NONE,266.75,10810.0,False
2024-06,丰田,威兰达,20-25万 SUV 新能源,SHOCK_NONE,16.333333333333332,455.0,False
2024-06,凯迪拉克,IQ傲歌,20-25万 SUV 新能源,SHOCK_NONE,192.0,1463.0,False
2024-06,宝马,iX1,20-25万 SUV 新能源,SHOCK_NONE,708.25,8399.0,False
2024-06,岚图,岚图FREE,20-25万 SUV 新能源,SHOCK_NONE,624.2,14246.0,False
2024-06,星途,星纪元ET,20-25万 SUV 新能源,SHOCK_NONE,1440.3333333333333,19787.0,False
2024-06,林肯,冒险家,20-25万 SUV 新能源,SHOCK_NONE,0.0,0.0,False
2024-06,比亚迪,宋L,20-25万 SUV 新能源,SHOCK_CANDIDATE,2177.2,0.0,False
2024-06,比亚迪,海狮07,20-25万 SUV 新能源,SHOCK_NONE,1951.6666666666667,16425.0,False
2024-06,沃尔沃,EX30,20-25万 SUV 新能源,SHOCK_NONE,142.66666666666666,1890.0,False
2024-06,深蓝,G318,20-25万 SUV 新能源,SHOCK_NONE,1647.0,9810.0,False
2024-06,DS,DS 4,20-25万 轿车 其他能源,SHOCK_NONE,19.0,0.0,False
2024-06,雷克萨斯,ES,20-25万 轿车 其他能源,SHOCK_NONE,4335.2,78450.0,True
2024-06,大众,ID.7 VIZZION,20-25万 轿车 新能源,SHOCK_NONE,324.5,3479.0,False
2024-06,岚图,岚图追光,20-25万 轿车 新能源,SHOCK_NONE,270.25,2679.0,False
2024-06,星途,星纪元ES,20-25万 轿车 新能源,SHOCK_NONE,176.0,2685.0,False
2024-06,智己,智己L6,20-25万 轿车 新能源,SHOCK_CANDIDATE,2461.5,22554.0,False
2024-06,极氪,极氪007,20-25万 轿车 新能源,SHOCK_CANDIDATE,2045.5,41983.0,False
2024-06,红旗,EH7,20-25万 轿车 新能源,SHOCK_NONE,278.5,338.0,False
2024-06,丰田,格瑞维亚,25-30万 MPV 其他能源,SHOCK_NONE,6519.5,78232.0,True
2024-06,宝马,X2,25-30万 SUV 其他能源,SHOCK_NONE,314.25,0.0,False
2024-06,日产,探陆,25-30万 SUV 其他能源,SHOCK_NONE,617.1666666666666,864.0,False
2024-06,林肯,航海家,25-30万 SUV 其他能源,SHOCK_NONE,646.0,13638.0,False
2024-06,沃尔沃,XC60,25-30万 SUV 其他能源,SHOCK_NONE,3839.25,63182.0,True
2024-06,阿尔法·罗密欧,托纳利,25-30万 SUV 其他能源,SHOCK_NONE,2.5,3.0,False
2024-06,坦克,坦克300,25-30万 SUV 新能源,SHOCK_NONE,521.6666666666666,1020.0,False
2024-06,宝马,iX3,25-30万 SUV 新能源,SHOCK_CANDIDATE,2109.0,16783.0,False
2024-06,星途,星纪元ET,25-30万 SUV 新能源,SHOCK_NONE,994.0,1627.0,False
2024-06,智己,智己LS7,25-30万 SUV 新能源,SHOCK_NONE,248.8,945.0,False
2024-06,理想,理想L6,25-30万 SUV 新能源,SHOCK_CANDIDATE,9878.25,167293.0,True
2024-06,理想,理想L7,25-30万 SUV 新能源,SHOCK_NONE,0.0,7987.0,False
2024-06,腾势,腾势N7,25-30万 SUV 新能源,SHOCK_NONE,670.2,4609.0,False
2024-06,起亚,EV6,25-30万 SUV 新能源,SHOCK_NONE,6.333333333333333,70.0,False
2024-06,阿维塔,阿维塔11,25-30万 SUV 新能源,SHOCK_NONE,341.1666666666667,1346.0,False
2024-06,领克,领克09,25-30万 SUV 新能源,SHOCK_NONE,1011.0,3227.0,False
2024-06,大众,Arteon,25-30万 轿车 其他能源,SHOCK_NONE,0.0,0.0,False
2024-06,现代,伊兰特,25-30万 轿车 其他能源,SHOCK_NONE,23.75,165.0,False
2024-06,奔驰,C级,25-30万 轿车 新能源,SHOCK_NONE,593.5,3805.0,False
2024-06,奔驰,EQE,25-30万 轿车 新能源,SHOCK_NONE,425.0,295.0,False
2024-06,小米,小米SU7,25-30万 轿车 新能源,SHOCK_CANDIDATE,4587.333333333333,83475.0,True
2024-06,岚图,岚图追光,25-30万 轿车 新能源,SHOCK_NONE,18.333333333333332,65.0,False
2024-06,星途,星纪元ES,25-30万 轿车 新能源,SHOCK_NONE,183.75,0.0,False
2024-06,智界,智界S7,25-30万 轿车 新能源,SHOCK_NONE,1793.1666666666667,12906.0,False
2024-06,极氪,极氪007,25-30万 轿车 新能源,SHOCK_NONE,0.0,0.0,False
2024-06,红旗,EH7,25-30万 轿车 新能源,SHOCK_NONE,71.75,0.0,False
2024-06,阿维塔,阿维塔12,25-30万 轿车 新能源,SHOCK_NONE,1134.0,20368.0,False
2024-06,岚图,梦想家,30-35万 MPV 新能源,SHOCK_NONE,1537.8,12063.0,False
2024-06,广汽传祺,E9,30-35万 MPV 新能源,SHOCK_NONE,1127.6666666666667,5533.0,False
2024-06,奔驰,GLA级 AMG,30-35万 SUV 其他能源,SHOCK_NONE,19.0,298.0,False
2024-06,宝马,X2,30-35万 SUV 其他能源,SHOCK_NONE,69.33333333333333,0.0,False
2024-06,宝马,X3,30-35万 SUV 其他能源,SHOCK_NONE,6696.75,78473.0,True
2024-06,捷豹,F-pace,30-35万 SUV 其他能源,SHOCK_NONE,140.0,909.0,False
2024-06,阿尔法·罗密欧,托纳利,30-35万 SUV 其他能源,SHOCK_NONE,0.0,0.0,False
2024-06,Polestar,Polestar 4,30-35万 SUV 新能源,SHOCK_NONE,110.75,1243.0,False
2024-06,奔驰,EQE SUV,30-35万 SUV 新能源,SHOCK_NONE,981.5,4092.0,False
2024-06,奥迪,e-tron,30-35万 SUV 新能源,SHOCK_NONE,17.0,36.0,False
2024-06,极石,极石01,30-35万 SUV 新能源,SHOCK_NONE,97.5,2963.0,False
2024-06,蔚来,蔚来EC6,30-35万 SUV 新能源,SHOCK_NONE,1780.25,27192.0,False
2024-06,雷克萨斯,RZ,30-35万 SUV 新能源,SHOCK_NONE,181.2,761.0,False
2024-06,高合,HiPhi Y,30-35万 SUV 新能源,SHOCK_NONE,4.0,0.0,False
2024-06,丰田,皇冠,30-35万 轿车 其他能源,SHOCK_NONE,30.5,1111.0,False
2024-06,奔驰,A级AMG,30-35万 轿车 其他能源,SHOCK_NONE,169.5,2334.0,False
2024-06,奥迪,A6,30-35万 轿车 其他能源,SHOCK_NONE,7182.5,185278.0,True
2024-06,沃尔沃,S60,30-35万 轿车 其他能源,SHOCK_NONE,0.0,0.0,False
2024-06,奔驰,EQE,30-35万 轿车 新能源,SHOCK_NONE,1081.5,329.0,False
2024-06,智界,智界S7,30-35万 轿车 新能源,SHOCK_NONE,0.0,0.0,False
2024-06,红旗,EH7,30-35万 轿车 新能源,SHOCK_NONE,0.0,0.0,False
2024-06,红旗,HQ9,35-40万 MPV 其他能源,SHOCK_NONE,68.0,835.0,False
2024-06,小鹏,X9,35-40万 MPV 新能源,SHOCK_NONE,828.0,14352.0,False
2024-06,红旗,HQ9,35-40万 MPV 新能源,SHOCK_NONE,456.0,4375.0,False
2024-06,北京越野,BJ90,35-40万 SUV 其他能源,SHOCK_NONE,104.0,66.0,False
2024-06,福特,烈马,35-40万 SUV 其他能源,SHOCK_NONE,1103.0,10368.0,False
2024-06,奔驰,EQE SUV,35-40万 SUV 新能源,SHOCK_NONE,255.5,0.0,False
2024-06,捷尼赛思,GV70,35-40万 SUV 新能源,SHOCK_NONE,1.6666666666666667,41.0,False
2024-06,沃尔沃,XC60,35-40万 SUV 新能源,SHOCK_NONE,321.75,7821.0,False
2024-06,起亚,EV6,35-40万 SUV 新能源,SHOCK_NONE,0.0,0.0,False
2024-06,宝马,i4,35-40万 轿车 新能源,SHOCK_NONE,114.0,284.0,False
2024-06,宝马,i5,35-40万 轿车 新能源,SHOCK_NONE,1226.5,2433.0,False
2024-06,别克,GL8,40-45万 MPV 新能源,SHOCK_NONE,509.0,15498.0,False
2024-06,福特,烈马,40-45万 SUV 其他能源,SHOCK_NONE,33.0,0.0,False
2024-06,雷克萨斯,RX,40-45万 SUV 其他能源,SHOCK_NONE,1139.5,22773.0,False
2024-06,蔚来,蔚来EC7,40-45万 SUV 新能源,SHOCK_NONE,205.0,601.0,False
2024-06,宝马,Z4,40-45万 跑车 其他能源,SHOCK_NONE,97.5,779.0,False
2024-06,宝马,i5,40-45万 轿车 新能源,SHOCK_NONE,414.0,0.0,False
2024-06,奥迪,SQ5,45-50万 SUV 其他能源,SHOCK_NONE,43.0,319.0,False
2024-06,宝马,X3,45-50万 SUV 其他能源,SHOCK_NONE,67.0,647.0,False
2024-06,林肯,飞行家,45-50万 SUV 其他能源,SHOCK_NONE,115.66666666666667,1943.0,False
2024-06,沃尔沃,XC90,45-50万 SUV 其他能源,SHOCK_NONE,1330.0,11846.0,False
2024-06,坦克,坦克700,45-50万 SUV 新能源,SHOCK_NONE,1064.25,2597.0,False
2024-06,奔驰,CLE,45-50万 轿车 其他能源,SHOCK_NONE,365.5,1603.0,False
2024-06,宝马,6系,45-50万 轿车 其他能源,SHOCK_NONE,632.3333333333334,4460.0,False
2024-06,宝马,i5,45-50万 轿车 新能源,SHOCK_NONE,0.0,0.0,False
2024-06,北汽汽车,王牌M7,5-10万 MPV 其他能源,SHOCK_NONE,261.1666666666667,1991.0,False
2024-06,鑫源,金海狮,5-10万 MPV 其他能源,SHOCK_NONE,0.0,0.0,False
2024-06,东风风光,风光,5-10万 MPV 新能源,SHOCK_NONE,23.666666666666668,300.0,False
2024-06,东风风光,风光,5-10万 SUV 其他能源,SHOCK_NONE,0.0,0.0,False
2024-06,丰田,卡罗拉,5-10万 SUV 其他能源,SHOCK_NONE,7882.25,141526.0,True
2024-06,丰田,锋兰达,5-10万 SUV 其他能源,SHOCK_NONE,14021.666666666666,141774.0,True
2024-06,五菱,星云,5-10万 SUV 其他能源,SHOCK_NONE,150.0,1306.0,False
2024-06,北京汽车,魔方,5-10万 SUV 其他能源,SHOCK_NONE,320.6666666666667,2364.0,False
2024-06,吉利,ICON,5-10万 SUV 其他能源,SHOCK_NONE,923.0,12289.0,False
2024-06,吉利,豪越,5-10万 SUV 其他能源,SHOCK_NONE,712.6666666666666,10066.0,False
2024-06,启辰,启辰大V,5-10万 SUV 其他能源,SHOCK_NONE,430.0,4978.0,False
2024-06,奔腾,奔腾T77,5-10万 SUV 其他能源,SHOCK_NONE,71.66666666666667,4793.0,False
2024-06,奔腾,奔腾T90,5-10万 SUV 其他能源,SHOCK_NONE,653.6666666666666,2006.0,False
2024-06,广汽传祺,GS4,5-10万 SUV 其他能源,SHOCK_NONE,427.5,16684.0,False
2024-06,捷途,捷途大圣,5-10万 SUV 其他能源,SHOCK_NONE,2504.0,39201.0,False
2024-06,日产,逍客,5-10万 SUV 其他能源,SHOCK_NONE,9483.0,66090.0,True
2024-06,星途,星途追风,5-10万 SUV 其他能源,SHOCK_NONE,393.3333333333333,2212.0,False
2024-06,本田,缤智,5-10万 SUV 其他能源,SHOCK_NONE,1433.0,2604.0,False
2024-06,起亚,索奈,5-10万 SUV 其他能源,SHOCK_NONE,35.666666666666664,308.0,False
2024-06,起亚,赛图斯,5-10万 SUV 其他能源,SHOCK_NONE,437.0,5935.0,False
2024-06,长安,长安X5,5-10万 SUV 其他能源,SHOCK_NONE,2596.0,72296.0,True
2024-06,长安,长安X7,5-10万 SUV 其他能源,SHOCK_NONE,1322.25,24374.0,False
2024-06,东风纳米,纳米BOX,5-10万 SUV 新能源,SHOCK_NONE,0.0,0.0,False
2024-06,东风纳米,纳米01,5-10万 轿车 新能源,SHOCK_NONE,1987.3333333333333,45266.0,False
2024-06,五菱,星光,5-10万 轿车 新能源,SHOCK_CANDIDATE,4443.333333333333,31838.0,False
2024-06,吉利,帝豪L,5-10万 轿车 新能源,SHOCK_NONE,1104.6666666666667,1906.0,False
2024-06,启源,A05,5-10万 轿车 新能源,SHOCK_CANDIDATE,3117.3333333333335,25554.0,False
2024-06,欧尚汽车,奔奔E-Star,5-10万 轿车 新能源,SHOCK_NONE,101.5,285.0,False
2024-06,比亚迪,秦,5-10万 轿车 新能源,SHOCK_CONFIRMED,26181.666666666668,291267.0,True
2024-06,比亚迪,驱逐舰05,5-10万 轿车 新能源,SHOCK_CONFIRMED,21553.0,150932.0,True
2024-06,钇为,钇为3,5-10万 轿车 新能源,SHOCK_NONE,958.3333333333334,9751.0,False
2024-06,理想,理想MEGA,50-55万 MPV 新能源,SHOCK_NONE,564.5,11556.0,False
2024-06,奥迪,Q7,50-55万 SUV 其他能源,SHOCK_NONE,1273.0,1348.0,False
2024-06,宝马,X3,50-55万 SUV 其他能源,SHOCK_NONE,15.166666666666666,0.0,False
2024-06,AITO,问界M9,50-55万 SUV 新能源,SHOCK_CANDIDATE,7661.666666666667,116696.0,True
2024-06,JEEP,大切诺基,50-55万 SUV 新能源,SHOCK_NONE,5.666666666666667,34.0,False
2024-06,宝马,iX,50-55万 SUV 新能源,SHOCK_NONE,129.0,1026.0,False
2024-06,红旗,E-HS9,50-55万 SUV 新能源,SHOCK_NONE,9.5,33.0,False
2024-06,丰田,SUPRA,50-55万 跑车 其他能源,SHOCK_NONE,10.0,68.0,False
2024-06,捷豹,F-TYPE,50-55万 跑车 其他能源,SHOCK_NONE,25.75,0.0,False
2024-06,奔驰,CLE,50-55万 轿车 其他能源,SHOCK_NONE,393.0,0.0,False
2024-06,奔驰,C级AMG,50-55万 轿车 其他能源,SHOCK_NONE,12.0,148.0,False
2024-06,奥迪,S5,50-55万 轿车 其他能源,SHOCK_NONE,31.5,225.0,False
2024-06,宝马,M2,50-55万 轿车 其他能源,SHOCK_NONE,117.0,1116.0,False
2024-06,高合,HiPhi Z,50-55万 轿车 新能源,SHOCK_NONE,1.0,0.0,False
2024-06,极氪,极氪009,55-60万 MPV 新能源,SHOCK_NONE,209.16666666666666,0.0,False
2024-06,理想,理想MEGA,55-60万 MPV 新能源,SHOCK_NONE,0.0,0.0,False
2024-06,奔驰,AMG GLC,55-60万 SUV 其他能源,SHOCK_NONE,0.0,503.0,False
2024-06,奔驰,C级AMG,55-60万 轿车 其他能源,SHOCK_NONE,0.0,251.0,False
2024-06,宝马,i5,55-60万 轿车 新能源,SHOCK_NONE,11.333333333333334,104.0,False
2024-06,奔腾,奔腾小马,5万以下 轿车 新能源,SHOCK_NONE,1552.0,98369.0,True
2024-06,沃尔沃,EM90,60万以上 MPV 新能源,SHOCK_NONE,246.66666666666666,850.0,False
2024-06,奥迪,SQ7,60万以上 SUV 其他能源,SHOCK_NONE,19.0,275.0,False
2024-06,法拉利,Purosangue,60万以上 SUV 其他能源,SHOCK_NONE,17.666666666666668,235.0,False
2024-06,雷克萨斯,GX,60万以上 SUV 其他能源,SHOCK_NONE,245.66666666666666,3141.0,False
2024-06,JEEP,牧马人,60万以上 SUV 新能源,SHOCK_NONE,2.0,10.0,False
2024-06,梅赛德斯-迈巴赫,EQS SUV,60万以上 SUV 新能源,SHOCK_NONE,3.0,26.0,False
2024-06,玛莎拉蒂,GranTurismo,60万以上 跑车 其他能源,SHOCK_NONE,0.0,44.0,False
2024-06,福特,Mustang,60万以上 跑车 其他能源,SHOCK_NONE,61.666666666666664,85.0,False
2024-06,奔驰,CLE AMG,60万以上 轿车 其他能源,SHOCK_NONE,14.0,663.0,False
2024-06,奔驰,C级AMG,60万以上 轿车 新能源,SHOCK_NONE,4.0,17.0,False
2024-06,奥迪,e-tron GT,60万以上 轿车 新能源,SHOCK_NONE,1.0,1.0,False
2024-06,宝马,i5,60万以上 轿车 新能源,SHOCK_NONE,0.0,0.0,False
2024-06,路特斯,EMEYA,60万以上 轿车 新能源,SHOCK_NONE,70.0,533.0,False
2024-12,五菱,五菱征程,10-15万 MPV 新能源,SHOCK_NONE,2.0,0.0,False
2024-12,瑞风,瑞风M3,10-15万 MPV 新能源,SHOCK_NONE,27.0,817.0,False
2024-12,北京汽车制造厂,勇士,10-15万 SUV 其他能源,SHOCK_NONE,1.0,11.0,False
2024-12,奇瑞,瑞虎9,10-15万 SUV 其他能源,SHOCK_NONE,0.0,25285.0,False
2024-12,捷途,旅行者,10-15万 SUV 其他能源,SHOCK_NONE,4442.666666666667,20392.0,False
2024-12,星途,星途瑶光,10-15万 SUV 其他能源,SHOCK_NONE,448.5,4146.0,False
2024-12,长安,UNI-Z,10-15万 SUV 其他能源,SHOCK_NONE,3875.0,15323.0,False
2024-12,领克,领克01,10-15万 SUV 其他能源,SHOCK_NONE,389.75,9171.0,False
2024-12,MG,MG ES5,10-15万 SUV 新能源,SHOCK_NONE,721.5,5267.0,False
2024-12,iCAR,iCAR V23,10-15万 SUV 新能源,SHOCK_NONE,1613.5,65750.0,True
2024-12,五菱,星光S,10-15万 SUV 新能源,SHOCK_CANDIDATE,3649.6666666666665,19956.0,False
2024-12,吉利,银河E5,10-15万 SUV 新能源,SHOCK_CONFIRMED,15342.666666666666,5836.0,False
2024-12,吉利,银河星舰7,10-15万 SUV 新能源,SHOCK_CANDIDATE,17108.0,15339.0,False
2024-12,埃安,AION V,10-15万 SUV 新能源,SHOCK_NONE,5233.0,39628.0,False
2024-12,大众,ID.4 X,10-15万 SUV 新能源,SHOCK_NONE,1849.0,15470.0,False
2024-12,奇瑞,探索06,10-15万 SUV 新能源,SHOCK_NONE,0.0,0.0,False
2024-12,奇瑞,风云T6,10-15万 SUV 新能源,SHOCK_NONE,567.3333333333334,944.0,False
2024-12,奇瑞,风云T9,10-15万 SUV 新能源,SHOCK_CANDIDATE,8192.666666666666,30293.0,False
2024-12,宝骏,云海,10-15万 SUV 新能源,SHOCK_NONE,1418.8333333333333,13143.0,False
2024-12,捷途,山海L6,10-15万 SUV 新能源,SHOCK_NONE,788.0,3811.0,False
2024-12,捷途,山海L7,10-15万 SUV 新能源,SHOCK_NONE,1904.0,31987.0,False
2024-12,捷途,捷途大圣,10-15万 SUV 新能源,SHOCK_NONE,9.333333333333334,6.0,False
2024-12,本田,极湃2,10-15万 SUV 新能源,SHOCK_NONE,365.0,2410.0,False
2024-12,极狐,阿尔法T5,10-15万 SUV 新能源,SHOCK_NONE,3786.3333333333335,40047.0,False
2024-12,比亚迪,海狮05,10-15万 SUV 新能源,SHOCK_NONE,4779.0,119656.0,True
2024-12,江淮,江淮X8,10-15万 SUV 新能源,SHOCK_NONE,51.333333333333336,330.0,False
2024-12,深蓝,S05,10-15万 SUV 新能源,SHOCK_CANDIDATE,3445.6666666666665,97557.0,True
2024-12,红旗,HS3,10-15万 SUV 新能源,SHOCK_NONE,1710.0,31905.0,False
2024-12,领克,领克Z20,10-15万 SUV 新能源,SHOCK_NONE,1389.0,38093.0,False
2024-12,丰田,凯美瑞,10-15万 轿车 其他能源,SHOCK_NONE,4045.0,40912.0,False
2024-12,捷达,捷达VA7,10-15万 轿车 其他能源,SHOCK_NONE,15.0,1149.0,False
2024-12,深蓝,SL03,10-15万 轿车 其他能源,SHOCK_NONE,2.0,0.0,False
2024-12,东风风行,星海S7,10-15万 轿车 新能源,SHOCK_NONE,1158.0,12114.0,False
2024-12,合创,合创A06,10-15万 轿车 新能源,SHOCK_NONE,22.0,2.0,False
2024-12,哪吒,哪吒S,10-15万 轿车 新能源,SHOCK_NONE,114.0,66.0,False
2024-12,埃安,AION RT,10-15万 轿车 新能源,SHOCK_CANDIDATE,7362.5,54513.0,True
2024-12,小鹏,MONA M03,10-15万 轿车 新能源,SHOCK_CONFIRMED,12657.666666666666,175211.0,True
2024-12,极狐,阿尔法S5,10-15万 轿车 新能源,SHOCK_NONE,1825.25,31467.0,False
2024-12,灵悉,灵悉L,10-15万 轿车 新能源,SHOCK_NONE,85.33333333333333,493.0,False
2024-12,广汽传祺,E8,15-20万 MPV 其他能源,SHOCK_NONE,2426.6666666666665,15260.0,False
2024-12,大运汽车,远志M1,15-20万 MPV 新能源,SHOCK_NONE,19.333333333333332,1.0,False
2024-12,凯迪拉克,XT4,15-20万 SUV 其他能源,SHOCK_NONE,660.25,10464.0,False
2024-12,奥迪,Q3,15-20万 SUV 其他能源,SHOCK_NONE,1767.6666666666667,33092.0,False
2024-12,MINI,MINI ACEMAN,15-20万 SUV 新能源,SHOCK_NONE,621.3333333333334,3219.0,False
2024-12,smart,精灵#3,15-20万 SUV 新能源,SHOCK_NONE,527.8333333333334,4420.0,False
2024-12,东风奕派,eπ008,15-20万 SUV 新能源,SHOCK_NONE,1416.0,24624.0,False
2024-12,东风风神,SKY EV01,15-20万 SUV 新能源,SHOCK_NONE,1719.6666666666667,29304.0,False
2024-12,哪吒,哪吒L,15-20万 SUV 新能源,SHOCK_NONE,178.33333333333334,12.0,False
2024-12,大众,ID.与众,15-20万 SUV 新能源,SHOCK_NONE,338.25,2033.0,False
2024-12,奇瑞,瑞虎9,15-20万 SUV 新能源,SHOCK_NONE,1613.6666666666667,8391.0,False
2024-12,奇瑞,风云T10,15-20万 SUV 新能源,SHOCK_NONE,553.6,1736.0,False
2024-12,小鹏,G6,15-20万 SUV 新能源,SHOCK_CANDIDATE,2254.8333333333335,47438.0,False
2024-12,岚图,岚图知音,15-20万 SUV 新能源,SHOCK_NONE,489.75,6536.0,False
2024-12,捷途,山海T1,15-20万 SUV 新能源,SHOCK_NONE,1757.3333333333333,24385.0,False
2024-12,本田,e:NS2猎光,15-20万 SUV 新能源,SHOCK_NONE,15.666666666666666,338.0,False
2024-12,极狐,阿尔法T,15-20万 SUV 新能源,SHOCK_NONE,165.0,1006.0,False
2024-12,比亚迪,宋L,15-20万 SUV 新能源,SHOCK_CANDIDATE,8702.222222222223,24226.0,False
2024-12,比亚迪,海狮07,15-20万 SUV 新能源,SHOCK_CANDIDATE,2819.5,28751.0,False
2024-12,深蓝,S07,15-20万 SUV 新能源,SHOCK_CANDIDATE,5409.833333333333,33437.0,False
2024-12,福特,Mustang,15-20万 SUV 新能源,SHOCK_NONE,24.833333333333332,11.0,False
2024-12,福特,领睿,15-20万 SUV 新能源,SHOCK_NONE,62.5,824.0,False
2024-12,零跑,零跑C16,15-20万 SUV 新能源,SHOCK_CANDIDATE,3863.6666666666665,66120.0,True
2024-12,领克,领克08,15-20万 SUV 新能源,SHOCK_CANDIDATE,3690.25,50463.0,True
2024-12,DS,DS 4,15-20万 轿车 其他能源,SHOCK_NONE,2.0,0.0,False
2024-12,DS,DS 9,15-20万 轿车 其他能源,SHOCK_NONE,1.0,0.0,False
2024-12,大众,CC,15-20万 轿车 其他能源,SHOCK_NONE,2420.0,16264.0,False
2024-12,捷豹,XEL,15-20万 轿车 其他能源,SHOCK_NONE,699.0,6505.0,False
2024-12,MINI,MINI COOPER,15-20万 轿车 新能源,SHOCK_NONE,1554.6666666666667,12140.0,False
2024-12,小鹏,P7+,15-20万 轿车 新能源,SHOCK_CANDIDATE,8423.5,75110.0,True
2024-12,极狐,阿尔法S,15-20万 轿车 新能源,SHOCK_NONE,316.5,390.0,False
2024-12,极狐,阿尔法S5,15-20万 轿车 新能源,SHOCK_NONE,1651.5,0.0,False
2024-12,比亚迪,海豹07,15-20万 轿车 新能源,SHOCK_CANDIDATE,5255.666666666667,12873.0,False
2024-12,深蓝,L07,15-20万 轿车 新能源,SHOCK_NONE,1789.0,0.0,False
2024-12,红旗,EH7,15-20万 轿车 新能源,SHOCK_NONE,310.5,2106.0,False
2024-12,马自达,EZ-6,15-20万 轿车 新能源,SHOCK_NONE,394.8333333333333,6463.0,False
2024-12,别克,GL8,20-25万 MPV 其他能源,SHOCK_NONE,4559.0,0.0,False
2024-12,大众,威然,20-25万 MPV 其他能源,SHOCK_NONE,1420.0,3379.0,False
2024-12,海马,7X,20-25万 MPV 其他能源,SHOCK_NONE,0.0,0.0,False
2024-12,东风风行,星海V9,20-25万 MPV 新能源,SHOCK_NONE,447.0,3943.0,False
2024-12,荣威,iMAX8,20-25万 MPV 新能源,SHOCK_NONE,455.5,2247.0,False
2024-12,迈克萨斯,大家7,20-25万 MPV 新能源,SHOCK_NONE,106.16666666666667,860.0,False
2024-12,丰田,皇冠陆放,20-25万 SUV 其他能源,SHOCK_NONE,349.0,3311.0,False
2024-12,大众,揽巡,20-25万 SUV 其他能源,SHOCK_NONE,1777.0,24973.0,False
2024-12,日产,探陆,20-25万 SUV 其他能源,SHOCK_NONE,609.3333333333334,6860.0,False
2024-12,英菲尼迪,QX50,20-25万 SUV 其他能源,SHOCK_NONE,26.666666666666668,448.0,False
2024-12,路虎,揽胜极光,20-25万 SUV 其他能源,SHOCK_NONE,642.6666666666666,7218.0,False
2024-12,阿尔法·罗密欧,托纳利,20-25万 SUV 其他能源,SHOCK_NONE,2.0,98.0,False
2024-12,MINI,MINI ACEMAN,20-25万 SUV 新能源,SHOCK_NONE,0.0,0.0,False
2024-12,乐道,乐道L60,20-25万 SUV 新能源,SHOCK_CANDIDATE,3319.6666666666665,21542.0,False
2024-12,大众,ID.与众,20-25万 SUV 新能源,SHOCK_NONE,308.0,0.0,False
2024-12,岚图,岚图知音,20-25万 SUV 新能源,SHOCK_NONE,656.5,9353.0,False
2024-12,极氪,极氪7X,20-25万 SUV 新能源,SHOCK_CANDIDATE,5578.0,60755.0,True
2024-12,深蓝,G318,20-25万 SUV 新能源,SHOCK_NONE,605.3333333333334,522.0,False
2024-12,特斯拉,MODEL Y,20-25万 SUV 新能源,SHOCK_CANDIDATE,26466.0,25730.0,False
2024-12,福特,领裕,20-25万 SUV 新能源,SHOCK_NONE,72.5,142.0,False
2024-12,阿维塔,阿维塔07,20-25万 SUV 新能源,SHOCK_NONE,1602.5,49355.0,False
2024-12,奔驰,CLA级,20-25万 轿车 其他能源,SHOCK_NONE,260.0,3843.0,False
2024-12,MINI,MINI COOPER,20-25万 轿车 新能源,SHOCK_NONE,0.0,0.0,False
2024-12,小米,小米SU7,20-25万 轿车 新能源,SHOCK_CANDIDATE,12880.0,223739.0,True
2024-12,极越,极越07,20-25万 轿车 新能源,SHOCK_NONE,514.6666666666666,0.0,False
2024-12,红旗,EH7,20-25万 轿车 新能源,SHOCK_NONE,0.0,123.0,False
2024-12,领克,领克Z10,20-25万 轿车 新能源,SHOCK_NONE,625.3333333333334,2913.0,False
2024-12,极氪,极氪MIX,25-30万 MPV 新能源,SHOCK_NONE,543.6666666666666,1281.0,False
2024-12,奥迪,Q5,25-30万 SUV 其他能源,SHOCK_NONE,14627.0,132633.0,True
2024-12,林肯,航海家,25-30万 SUV 其他能源,SHOCK_NONE,1360.6666666666667,10893.0,False
2024-12,Polestar,Polestar 4,25-30万 SUV 新能源,SHOCK_NONE,26.5,140.0,False
2024-12,smart,精灵#5,25-30万 SUV 新能源,SHOCK_NONE,271.4,473.0,False
2024-12,凯迪拉克,IQ锐歌,25-30万 SUV 新能源,SHOCK_NONE,32.25,793.0,False
2024-12,北京越野,BJ60,25-30万 SUV 新能源,SHOCK_NONE,394.6666666666667,1795.0,False
2024-12,启源,E07,25-30万 SUV 新能源,SHOCK_NONE,32.142857142857146,618.0,False
2024-12,方程豹,豹5,25-30万 SUV 新能源,SHOCK_CANDIDATE,5803.0,13594.0,False
2024-12,星途,星纪元ET,25-30万 SUV 新能源,SHOCK_NONE,155.5,0.0,False
2024-12,智界,智界R7,25-30万 SUV 新能源,SHOCK_NONE,59.0,60322.0,True
2024-12,极氪,极氪7X,25-30万 SUV 新能源,SHOCK_NONE,0.0,0.0,False
2024-12,红旗,HS7,25-30万 SUV 新能源,SHOCK_NONE,972.3333333333334,7661.0,False
2024-12,腾势,腾势N8,25-30万 SUV 新能源,SHOCK_NONE,7.0,0.0,False
2024-12,雷克萨斯,RZ,25-30万 SUV 新能源,SHOCK_NONE,47.166666666666664,236.0,False
2024-12,奔驰,EQE,25-30万 轿车 新能源,SHOCK_NONE,41.0,0.0,False
2024-12,合创,合创V09,30-35万 MPV 新能源,SHOCK_NONE,42.666666666666664,21.0,False
2024-12,腾势,腾势D9,30-35万 MPV 新能源,SHOCK_CANDIDATE,2197.5,47001.0,False
2024-12,魏牌,高山,30-35万 MPV 新能源,SHOCK_NONE,212.66666666666666,61700.0,True
2024-12,奔驰,AMG GLB,30-35万 SUV 其他能源,SHOCK_NONE,143.66666666666666,1570.0,False
2024-12,奔驰,GLA级 AMG,30-35万 SUV 其他能源,SHOCK_NONE,30.666666666666668,175.0,False
2024-12,英菲尼迪,QX60,30-35万 SUV 其他能源,SHOCK_NONE,93.33333333333333,1025.0,False
2024-12,雷克萨斯,RX,30-35万 SUV 其他能源,SHOCK_NONE,855.6666666666666,18031.0,False
2024-12,智界,智界R7,30-35万 SUV 新能源,SHOCK_CANDIDATE,4724.5,20187.0,False
2024-12,奥迪,A6,30-35万 轿车 其他能源,SHOCK_NONE,8074.5,201244.0,True
2024-12,捷尼赛思,G80,30-35万 轿车 其他能源,SHOCK_NONE,38.25,682.0,False
2024-12,宝马,i4,30-35万 轿车 新能源,SHOCK_NONE,86.16666666666667,1486.0,False
2024-12,宝马,i5,30-35万 轿车 新能源,SHOCK_NONE,702.6666666666666,6655.0,False
2024-12,别克,GL8,35-40万 MPV 新能源,SHOCK_CANDIDATE,3646.0,4919.0,False
2024-12,奥迪,Q6,35-40万 SUV 其他能源,SHOCK_NONE,471.3333333333333,2102.0,False
2024-12,宝马,X4,35-40万 SUV 其他能源,SHOCK_NONE,416.6,2805.0,False
2024-12,捷尼赛思,GV70,35-40万 SUV 其他能源,SHOCK_NONE,0.0,0.0,False
2024-12,方程豹,豹8,35-40万 SUV 新能源,SHOCK_CANDIDATE,3531.5,18108.0,False
2024-12,现代,IONIQ 5,35-40万 SUV 新能源,SHOCK_NONE,23.666666666666668,91.0,False
2024-12,蔚来,蔚来ES7,35-40万 SUV 新能源,SHOCK_NONE,0.0,0.0,False
2024-12,腾势,腾势Z9,35-40万 轿车 新能源,SHOCK_NONE,454.6666666666667,1320.0,False
2024-12,腾势,腾势Z9GT,35-40万 轿车 新能源,SHOCK_NONE,1336.5,3374.0,False
2024-12,别克,GL8,40-45万 MPV 新能源,SHOCK_CANDIDATE,2974.0,0.0,False
2024-12,翼真,L380,40-45万 MPV 新能源,SHOCK_NONE,109.5,90.0,False
2024-12,JEEP,大切诺基,40-45万 SUV 新能源,SHOCK_NONE,10.0,0.0,False
2024-12,坦克,坦克700,40-45万 SUV 新能源,SHOCK_NONE,983.3333333333334,4818.0,False
2024-12,捷豹,F-TYPE,40-45万 跑车 其他能源,SHOCK_NONE,9.0,5.0,False
2024-12,福特,Mustang,40-45万 跑车 其他能源,SHOCK_NONE,28.5,91.0,False
2024-12,奔驰,CLE,40-45万 轿车 其他能源,SHOCK_NONE,303.0,2111.0,False
2024-12,享界,享界S9,40-45万 轿车 新能源,SHOCK_NONE,696.8333333333334,4174.0,False
2024-12,别克,世纪,45-50万 MPV 其他能源,SHOCK_NONE,250.0,0.0,False
2024-12,极氪,极氪009,45-50万 MPV 新能源,SHOCK_NONE,1620.6666666666667,17823.0,False
2024-12,翼真,L380,45-50万 MPV 新能源,SHOCK_NONE,89.75,0.0,False
2024-12,大众,途锐,45-50万 SUV 其他能源,SHOCK_NONE,642.6666666666666,3539.0,False
2024-12,奥迪,SQ5,45-50万 SUV 其他能源,SHOCK_NONE,22.666666666666668,176.0,False
2024-12,宝马,X3,45-50万 SUV 其他能源,SHOCK_NONE,22.714285714285715,550.0,False
2024-12,林肯,飞行家,45-50万 SUV 其他能源,SHOCK_NONE,0.0,1839.0,False
2024-12,沃尔沃,XC90,45-50万 SUV 其他能源,SHOCK_NONE,1283.0,7415.0,False
2024-12,AITO,问界M9,45-50万 SUV 新能源,SHOCK_CANDIDATE,14719.0,27532.0,False
2024-12,奔驰,GLC级,45-50万 SUV 新能源,SHOCK_NONE,12.0,172.0,False
2024-12,捷豹,F-TYPE,45-50万 跑车 其他能源,SHOCK_NONE,8.333333333333334,9.0,False
2024-12,北京汽车制造厂,王牌M7,5-10万 MPV 其他能源,SHOCK_NONE,839.0,12201.0,False
2024-12,五菱,五菱宏光,5-10万 MPV 新能源,SHOCK_NONE,28.0,0.0,False
2024-12,东风风神,皓极,5-10万 SUV 其他能源,SHOCK_NONE,545.3333333333334,2688.0,False
2024-12,北京汽车制造厂,212,5-10万 SUV 其他能源,SHOCK_NONE,1221.3333333333333,4720.0,False
2024-12,大众,途岳,5-10万 SUV 其他能源,SHOCK_NONE,11463.666666666666,115419.0,True
2024-12,大众,途铠,5-10万 SUV 其他能源,SHOCK_NONE,210.0,0.0,False
2024-12,日产,逍客,5-10万 SUV 其他能源,SHOCK_NONE,9975.333333333334,46443.0,False
2024-12,欧尚汽车,欧尚Z6,5-10万 SUV 其他能源,SHOCK_NONE,2079.3333333333335,3334.0,False
2024-12,启源,Q05,5-10万 SUV 新能源,SHOCK_CANDIDATE,3376.0,17230.0,False
2024-12,荣威,RX5,5-10万 SUV 新能源,SHOCK_NONE,0.0,553.0,False
2024-12,丰田,亚洲狮,5-10万 轿车 其他能源,SHOCK_NONE,41.5,1737.0,False
2024-12,MG,MG4 EV,5-10万 轿车 新能源,SHOCK_NONE,848.75,49223.0,False
2024-12,吉利,星愿,5-10万 轿车 新能源,SHOCK_CONFIRMED,17398.0,22280.0,False
2024-12,钇为,花仙子,5-10万 轿车 新能源,SHOCK_NONE,518.0,1344.0,False
2024-12,奔驰,AMG GLC,50-55万 SUV 其他能源,SHOCK_NONE,132.0,1061.0,False
2024-12,奥迪,Q7,50-55万 SUV 其他能源,SHOCK_NONE,0.0,3548.0,False
2024-12,福特,Mustang,50-55万 跑车 其他能源,SHOCK_NONE,29.0,0.0,False
2024-12,奔驰,C级AMG,50-55万 轿车 其他能源,SHOCK_NONE,3.0,142.0,False
2024-12,宝马,M2,50-55万 轿车 其他能源,SHOCK_NONE,103.0,956.0,False
2024-12,宝马,i5,50-55万 轿车 新能源,SHOCK_NONE,21.0,129.0,False
2024-12,宝马,X5,55-60万 SUV 其他能源,SHOCK_NONE,7938.0,61404.0,True
2024-12,玛莎拉蒂,Grecale,55-60万 SUV 其他能源,SHOCK_NONE,34.333333333333336,824.0,False
2024-12,路虎,发现,55-60万 SUV 其他能源,SHOCK_NONE,0.0,695.0,False
2024-12,福特,Mustang,55-60万 跑车 其他能源,SHOCK_NONE,41.0,0.0,False
2024-12,东风纳米,纳米BOX,5万以下 SUV 新能源,SHOCK_NONE,274.5,0.0,False
2024-12,奔腾,奔腾小马,5万以下 轿车 新能源,SHOCK_CONFIRMED,12476.333333333334,105352.0,True
2024-12,保时捷,Macan,60万以上 SUV 新能源,SHOCK_NONE,56.333333333333336,137.0,False
2024-12,奔驰,G级,60万以上 SUV 新能源,SHOCK_NONE,20.0,153.0,False
2024-12,梅赛德斯-迈巴赫,EQS SUV,60万以上 SUV 新能源,SHOCK_NONE,2.6666666666666665,166.0,False
2024-12,莲花跑车,ELETRE,60万以上 SUV 新能源,SHOCK_NONE,136.0,735.0,False
2024-12,玛莎拉蒂,GranCabrio,60万以上 跑车 其他能源,SHOCK_NONE,0.0,1.0,False
2024-12,莲花跑车,EMIRA,60万以上 跑车 其他能源,SHOCK_NONE,47.0,224.0,False
2024-12,阿斯顿马丁,DB12,60万以上 跑车 其他能源,SHOCK_NONE,6.4,54.0,False
2024-12,阿斯顿马丁,Vanquish,60万以上 跑车 其他能源,SHOCK_NONE,1.0,25.0,False
2024-12,仰望,U9,60万以上 跑车 新能源,SHOCK_NONE,22.333333333333332,108.0,False
2024-12,奔驰,CLE AMG,60万以上 轿车 其他能源,SHOCK_NONE,62.333333333333336,897.0,False
2024-12,红旗,红旗国雅,60万以上 轿车 其他能源,SHOCK_NONE,19.5,174.0,False
2024-12,阿尔法·罗密欧,朱丽叶,60万以上 轿车 其他能源,SHOCK_NONE,0.0,0.0,False
2024-12,奔驰,C级AMG,60万以上 轿车 新能源,SHOCK_NONE,1.0,10.0,False
2024-12,奔驰,S级AMG,60万以上 轿车 新能源,SHOCK_NONE,6.0,61.0,False
2024-12,宝马,M5,60万以上 轿车 新能源,SHOCK_NONE,8.0,120.0,False
2024-12,莲花跑车,EMEYA,60万以上 轿车 新能源,SHOCK_NONE,227.0,439.0,False
2024-12,蔚来,蔚来ET9,60万以上 轿车 新能源,SHOCK_NONE,4.0,2934.0,False
2025-06,现代,库斯途,10-15万 MPV 其他能源,SHOCK_NONE,1811.5,17856.0,False
2025-06,北京汽车制造厂,勇士,10-15万 SUV 其他能源,SHOCK_NONE,4.0,0.0,False
2025-06,大众,探岳,10-15万 SUV 其他能源,SHOCK_NONE,7768.5,148771.0,True
2025-06,奥迪,Q2L,10-15万 SUV 其他能源,SHOCK_NONE,453.5,3066.0,False
2025-06,捷途,自由者,10-15万 SUV 其他能源,SHOCK_NONE,2423.8333333333335,38860.0,False
2025-06,斯柯达,柯迪亚克,10-15万 SUV 其他能源,SHOCK_NONE,34.5,313.0,False
2025-06,本田,皓影,10-15万 SUV 其他能源,SHOCK_NONE,5607.0,89652.0,True
2025-06,红旗,HS5,10-15万 SUV 其他能源,SHOCK_NONE,3392.0,62847.0,True
2025-06,iCAR,iCAR V23,10-15万 SUV 新能源,SHOCK_NONE,2239.8333333333335,50101.0,True
2025-06,丰田,铂智3X,10-15万 SUV 新能源,SHOCK_NONE,5642.333333333333,91061.0,True
2025-06,吉利,银河星舰7,10-15万 SUV 新能源,SHOCK_NONE,0.0,0.0,False
2025-06,吉利银河,银河E5,10-15万 SUV 新能源,SHOCK_CANDIDATE,8764.0,85937.0,True
2025-06,吉利银河,银河L7,10-15万 SUV 新能源,SHOCK_NONE,3678.6666666666665,17575.0,False
2025-06,吉利银河,银河星舰7,10-15万 SUV 新能源,SHOCK_CANDIDATE,7763.333333333333,66837.0,True
2025-06,奇瑞,风云T8,10-15万 SUV 新能源,SHOCK_NONE,1369.0,1500.0,False
2025-06,奔腾,悦意03,10-15万 SUV 新能源,SHOCK_NONE,761.0,0.0,False
2025-06,奔腾,悦意07,10-15万 SUV 新能源,SHOCK_NONE,317.0,3463.0,False
2025-06,本田,e:NS2猎光,10-15万 SUV 新能源,SHOCK_NONE,140.0,1127.0,False
2025-06,极狐,考拉,10-15万 SUV 新能源,SHOCK_NONE,2041.6666666666667,12621.0,False
2025-06,比亚迪,宋L,10-15万 SUV 新能源,SHOCK_CONFIRMED,15979.0,89661.0,True
2025-06,深蓝,S07,10-15万 SUV 新能源,SHOCK_NONE,3477.5,15365.0,False
2025-06,零跑,零跑B10,10-15万 SUV 新能源,SHOCK_CANDIDATE,7369.666666666667,74341.0,True
2025-06,零跑,零跑C16,10-15万 SUV 新能源,SHOCK_NONE,2754.0,0.0,False
2025-06,领克,领克Z20,10-15万 SUV 新能源,SHOCK_NONE,2994.6666666666665,20849.0,False
2025-06,哪吒,哪吒GT,10-15万 跑车 新能源,SHOCK_NONE,1.0,0.0,False
2025-06,丰田,亚洲龙,10-15万 轿车 其他能源,SHOCK_NONE,3485.5,45927.0,False
2025-06,捷达,捷达VA7,10-15万 轿车 其他能源,SHOCK_NONE,0.0,0.0,False
2025-06,吉利银河,银河L6,10-15万 轿车 新能源,SHOCK_NONE,0.0,0.0,False
2025-06,吉利银河,银河星耀8,10-15万 轿车 新能源,SHOCK_CANDIDATE,9367.0,60042.0,True
2025-06,宝骏,享境,10-15万 轿车 新能源,SHOCK_NONE,153.83333333333334,2433.0,False
2025-06,日产,N7,10-15万 轿车 新能源,SHOCK_CANDIDATE,3385.3333333333335,42581.0,False
2025-06,易至,羿驰05,10-15万 轿车 新能源,SHOCK_NONE,101.33333333333333,1447.0,False
2025-06,比亚迪,海豹07,10-15万 轿车 新能源,SHOCK_CANDIDATE,4200.0,5165.0,False
2025-06,深蓝,L07,10-15万 轿车 新能源,SHOCK_NONE,1297.5,14241.0,False
2025-06,萤火虫,萤火虫,10-15万 轿车 新能源,SHOCK_CANDIDATE,2269.0,60773.0,True
2025-06,雷诺江铃,羿驰05,10-15万 轿车 新能源,SHOCK_NONE,0.0,0.0,False
2025-06,212,T01,15-20万 SUV 其他能源,SHOCK_NONE,1517.0,10892.0,False
2025-06,哈弗,哈弗猛龙,15-20万 SUV 其他能源,SHOCK_NONE,1901.5,2384.0,False
2025-06,宝马,X1,15-20万 SUV 其他能源,SHOCK_NONE,2175.5,45048.0,False
2025-06,林肯,冒险家,15-20万 SUV 其他能源,SHOCK_NONE,246.5,2205.0,False
2025-06,丰田,bZ5,15-20万 SUV 新能源,SHOCK_NONE,1365.0,1425.0,False
2025-06,乐道,乐道L60,15-20万 SUV 新能源,SHOCK_CANDIDATE,3047.25,43812.0,False
2025-06,北京越野,BJ40,15-20万 SUV 新能源,SHOCK_CANDIDATE,3536.6666666666665,42742.0,False
2025-06,启源,Q07,15-20万 SUV 新能源,SHOCK_CANDIDATE,6364.0,16789.0,False
2025-06,大众,与众06,15-20万 SUV 新能源,SHOCK_NONE,402.8333333333333,4961.0,False
2025-06,奥迪,Q4,15-20万 SUV 新能源,SHOCK_NONE,305.75,3252.0,False
2025-06,宝马,iX1,15-20万 SUV 新能源,SHOCK_NONE,503.5,10831.0,False
2025-06,广汽昊铂,昊铂HT,15-20万 SUV 新能源,SHOCK_NONE,1072.0,2942.0,False
2025-06,方程豹,钛3,15-20万 SUV 新能源,SHOCK_CANDIDATE,3975.6,42906.0,False
2025-06,深蓝,G318,15-20万 SUV 新能源,SHOCK_NONE,650.3333333333334,3867.0,False
2025-06,福特,领裕,15-20万 SUV 新能源,SHOCK_NONE,134.0,658.0,False
2025-06,红旗,天工06,15-20万 SUV 新能源,SHOCK_NONE,40.0,1122.0,False
2025-06,魏牌,摩卡,15-20万 SUV 新能源,SHOCK_NONE,109.0,1057.0,False
2025-06,林肯,林肯Z,15-20万 轿车 其他能源,SHOCK_NONE,518.0,12505.0,False
2025-06,吉利银河,银河E8,15-20万 轿车 新能源,SHOCK_NONE,927.6666666666666,6259.0,False
2025-06,吉利银河,银河星耀8,15-20万 轿车 新能源,SHOCK_CANDIDATE,5359.0,0.0,False
2025-06,大众,ID.7 VIZZION,15-20万 轿车 新能源,SHOCK_NONE,230.0,1132.0,False
2025-06,广汽昊铂,昊铂GT,15-20万 轿车 新能源,SHOCK_NONE,114.5,976.0,False
2025-06,星途,星纪元ES,15-20万 轿车 新能源,SHOCK_NONE,757.0,5259.0,False
2025-06,极氪,极氪007,15-20万 轿车 新能源,SHOCK_NONE,102.5,26188.0,False
2025-06,红旗,H5,15-20万 轿车 新能源,SHOCK_NONE,808.6666666666666,15273.0,False
2025-06,红旗,天工05,15-20万 轿车 新能源,SHOCK_NONE,210.66666666666666,2430.0,False
2025-06,大众,威然,20-25万 MPV 其他能源,SHOCK_NONE,815.0,2865.0,False
2025-06,丰田,汉兰达,20-25万 SUV 其他能源,SHOCK_NONE,2825.1666666666665,62176.0,True
2025-06,坦克,坦克400,20-25万 SUV 其他能源,SHOCK_NONE,516.0,5330.0,False
2025-06,大众,途昂,20-25万 SUV 其他能源,SHOCK_NONE,494.0,6283.0,False
2025-06,阿尔法·罗密欧,托纳利,20-25万 SUV 其他能源,SHOCK_NONE,7.0,41.0,False
2025-06,AITO,问界M5,20-25万 SUV 新能源,SHOCK_NONE,1126.4166666666667,22964.0,False
2025-06,smart,精灵#5,20-25万 SUV 新能源,SHOCK_NONE,155.66666666666666,3196.0,False
2025-06,启源,E07,20-25万 SUV 新能源,SHOCK_NONE,2.6666666666666665,52.0,False
2025-06,坦克,坦克300,20-25万 SUV 新能源,SHOCK_CANDIDATE,2739.3333333333335,23006.0,False
2025-06,奥迪,Q5 e-tron,20-25万 SUV 新能源,SHOCK_NONE,183.66666666666666,629.0,False
2025-06,宝马,iX3,20-25万 SUV 新能源,SHOCK_NONE,1043.5,426.0,False
2025-06,小鹏,G9,20-25万 SUV 新能源,SHOCK_NONE,0.0,5024.0,False
2025-06,广汽传祺,向往S7,20-25万 SUV 新能源,SHOCK_NONE,734.0,6634.0,False
2025-06,广汽昊铂,昊铂HT,20-25万 SUV 新能源,SHOCK_NONE,785.0,2891.0,False
2025-06,捷途,山海T2,20-25万 SUV 新能源,SHOCK_NONE,1507.0,2672.0,False
2025-06,方程豹,豹5,20-25万 SUV 新能源,SHOCK_CANDIDATE,4786.0,15582.0,False
2025-06,星途,星途揽月,20-25万 SUV 新能源,SHOCK_NONE,423.6666666666667,1894.0,False
2025-06,本田,P7,20-25万 SUV 新能源,SHOCK_NONE,124.33333333333333,803.0,False
2025-06,本田,S7,20-25万 SUV 新能源,SHOCK_NONE,27.0,132.0,False
2025-06,比亚迪,唐L,20-25万 SUV 新能源,SHOCK_NONE,1585.2857142857142,23389.0,False
2025-06,理想,理想L6,20-25万 SUV 新能源,SHOCK_CONFIRMED,17709.0,97018.0,True
2025-06,红旗,天工06,20-25万 SUV 新能源,SHOCK_NONE,63.5,0.0,False
2025-06,红旗,天工08,20-25万 SUV 新能源,SHOCK_NONE,88.0,2244.0,False
2025-06,奔驰,CLA级,20-25万 轿车 其他能源,SHOCK_NONE,221.5,1566.0,False
2025-06,奔驰,C级,20-25万 轿车 其他能源,SHOCK_NONE,5755.166666666667,67051.0,True
2025-06,宝马,3系,20-25万 轿车 其他能源,SHOCK_NONE,10165.666666666666,142369.0,True
2025-06,捷豹,XFL,20-25万 轿车 其他能源,SHOCK_NONE,285.0,7524.0,False
2025-06,现代,伊兰特,20-25万 轿车 其他能源,SHOCK_NONE,17.666666666666668,51.0,False
2025-06,小米,小米SU7,20-25万 轿车 新能源,SHOCK_CONFIRMED,12145.833333333334,147241.0,True
2025-06,比亚迪,汉L,20-25万 轿车 新能源,SHOCK_NONE,1094.8181818181818,14250.0,False
2025-06,阿维塔,阿维塔06,20-25万 轿车 新能源,SHOCK_NONE,1378.4444444444443,29077.0,False
2025-06,丰田,赛那,25-30万 MPV 其他能源,SHOCK_NONE,4291.833333333333,87709.0,True
2025-06,别克,GL8,25-30万 MPV 新能源,SHOCK_CANDIDATE,6716.0,31063.0,False
2025-06,比亚迪,夏,25-30万 MPV 新能源,SHOCK_CANDIDATE,2959.0,2955.0,False
2025-06,阿尔法·罗密欧,斯坦维,25-30万 SUV 其他能源,SHOCK_NONE,16.666666666666668,95.0,False
2025-06,Polestar,Polestar 4,25-30万 SUV 新能源,SHOCK_NONE,10.166666666666666,0.0,False
2025-06,小米,YU7,25-30万 SUV 新能源,SHOCK_NONE,1115.0,255086.0,True
2025-06,智界,智界R7,25-30万 SUV 新能源,SHOCK_NONE,1114.5,47288.0,False
2025-06,本田,S7,25-30万 SUV 新能源,SHOCK_NONE,0.0,0.0,False
2025-06,比亚迪,唐L,25-30万 SUV 新能源,SHOCK_NONE,1056.25,0.0,False
2025-06,深蓝,S09,25-30万 SUV 新能源,SHOCK_NONE,1215.0,8655.0,False
2025-06,红旗,天工08,25-30万 SUV 新能源,SHOCK_NONE,0.0,0.0,False
2025-06,蔚来,蔚来ES6,25-30万 SUV 新能源,SHOCK_CANDIDATE,6922.0,0.0,False
2025-06,奥迪,A7L,25-30万 轿车 其他能源,SHOCK_NONE,918.0,0.0,False
2025-06,别克,GL8,30-35万 MPV 新能源,SHOCK_CANDIDATE,4009.0,17026.0,False
2025-06,小鹏,X9,30-35万 MPV 新能源,SHOCK_NONE,797.5,23426.0,False
2025-06,腾势,腾势D9,30-35万 MPV 新能源,SHOCK_CANDIDATE,4077.0,61119.0,True
2025-06,北京越野,BJ90,30-35万 SUV 其他能源,SHOCK_NONE,1.5,0.0,False
2025-06,奥迪,Q6,30-35万 SUV 其他能源,SHOCK_NONE,942.5,4537.0,False
2025-06,广汽昊铂,昊铂HL,30-35万 SUV 新能源,SHOCK_NONE,246.75,760.0,False
2025-06,昊铂,昊铂HL,30-35万 SUV 新能源,SHOCK_NONE,168.5,0.0,False
2025-06,沃尔沃,XC60,30-35万 SUV 新能源,SHOCK_NONE,577.0,1574.0,False
2025-06,领克,领克900,30-35万 SUV 新能源,SHOCK_CANDIDATE,3716.3333333333335,40030.0,False
2025-06,奥迪,A7L,30-35万 轿车 其他能源,SHOCK_NONE,850.5,8342.0,False
2025-06,宝马,5系,30-35万 轿车 其他能源,SHOCK_NONE,693.0,75603.0,True
2025-06,享界,享界S9,30-35万 轿车 新能源,SHOCK_CANDIDATE,2165.0,12439.0,False
2025-06,广汽传祺,向往M8,35-40万 MPV 新能源,SHOCK_NONE,352.0,3290.0,False
2025-06,MINI,MINI COUNTRYMAN,35-40万 SUV 其他能源,SHOCK_NONE,60.0,121.0,False
2025-06,JEEP,大切诺基,35-40万 SUV 新能源,SHOCK_NONE,29.0,77.0,False
2025-06,坦克,坦克500,35-40万 SUV 新能源,SHOCK_NONE,1697.6666666666667,21187.0,False
2025-06,理想,理想L9,35-40万 SUV 新能源,SHOCK_CANDIDATE,3743.0,10239.0,False
2025-06,雷克萨斯,NX,35-40万 SUV 新能源,SHOCK_NONE,5.333333333333333,10.0,False
2025-06,MG,Cyberster,35-40万 跑车 新能源,SHOCK_NONE,8.0,0.0,False
2025-06,奔驰,CLE,35-40万 轿车 其他能源,SHOCK_NONE,310.0,5366.0,False
2025-06,奥迪,S4,35-40万 轿车 其他能源,SHOCK_NONE,150.5,119.0,False
2025-06,本田,思域,35-40万 轿车 其他能源,SHOCK_NONE,36.666666666666664,199.0,False
2025-06,蔚来,蔚来ET7,35-40万 轿车 新能源,SHOCK_NONE,295.6666666666667,972.0,False
2025-06,吉利银河,翼真L380,40-45万 MPV 新能源,SHOCK_NONE,48.333333333333336,504.0,False
2025-06,AITO,问界M8,40-45万 SUV 新能源,SHOCK_CONFIRMED,11630.333333333334,39818.0,False
2025-06,JEEP,大切诺基,40-45万 SUV 新能源,SHOCK_NONE,0.0,0.0,False
2025-06,奔驰,GLC级,40-45万 SUV 新能源,SHOCK_NONE,126.33333333333333,108.0,False
2025-06,腾势,腾势N9,40-45万 SUV 新能源,SHOCK_CANDIDATE,3419.6666666666665,11902.0,False
2025-06,福特,Mustang,40-45万 跑车 其他能源,SHOCK_NONE,7.0,26.0,False
2025-06,AITO,问界M9,45-50万 SUV 新能源,SHOCK_CONFIRMED,11280.5,14521.0,False
2025-06,JEEP,牧马人,45-50万 SUV 新能源,SHOCK_NONE,4.333333333333333,16.0,False
2025-06,奔驰,GLC级,45-50万 SUV 新能源,SHOCK_NONE,0.0,0.0,False
2025-06,宝马,iX,45-50万 SUV 新能源,SHOCK_NONE,77.33333333333333,458.0,False
2025-06,雷克萨斯,RX,45-50万 SUV 新能源,SHOCK_NONE,43.666666666666664,175.0,False
2025-06,奔驰,CLE,45-50万 跑车 其他能源,SHOCK_NONE,100.33333333333333,1027.0,False
2025-06,福特,Mustang,45-50万 跑车 其他能源,SHOCK_NONE,0.0,0.0,False
2025-06,阿尔法·罗密欧,朱丽叶,45-50万 轿车 其他能源,SHOCK_NONE,0.0,0.0,False
2025-06,五菱,五菱宏光,5-10万 MPV 新能源,SHOCK_NONE,0.0,0.0,False
2025-06,极狐,考拉,5-10万 MPV 新能源,SHOCK_NONE,208.0,79.0,False
2025-06,吉利,牛仔,5-10万 SUV 其他能源,SHOCK_NONE,1028.0,6063.0,False
2025-06,捷达,捷达VS7,5-10万 SUV 其他能源,SHOCK_NONE,0.0,9700.0,False
2025-06,长安,UNI-Z,5-10万 SUV 其他能源,SHOCK_NONE,2211.6666666666665,16890.0,False
2025-06,雪佛兰,星迈罗,5-10万 SUV 其他能源,SHOCK_NONE,4.0,15.0,False
2025-06,东风纳米,纳米06,5-10万 SUV 新能源,SHOCK_NONE,1009.0,5819.0,False
2025-06,吉利银河,几何E,5-10万 SUV 新能源,SHOCK_NONE,19.333333333333332,24.0,False
2025-06,哪吒,哪吒X,5-10万 SUV 新能源,SHOCK_NONE,8.5,0.0,False
2025-06,奔腾,悦意03,5-10万 SUV 新能源,SHOCK_CANDIDATE,3152.5,31797.0,False
2025-06,奇瑞,艾瑞泽8,5-10万 轿车 其他能源,SHOCK_NONE,3910.5,52385.0,True
2025-06,捷达,捷达VA7,5-10万 轿车 其他能源,SHOCK_NONE,440.6666666666667,3487.0,False
2025-06,长安,UNI-V,5-10万 轿车 其他能源,SHOCK_NONE,3697.0,17813.0,False
2025-06,吉利银河,星愿,5-10万 轿车 新能源,SHOCK_CONFIRMED,39005.666666666664,425736.0,True
2025-06,吉利银河,银河L6,5-10万 轿车 新能源,SHOCK_CANDIDATE,5283.666666666667,16542.0,False
2025-06,埃安,AION UT,5-10万 轿车 新能源,SHOCK_CANDIDATE,4337.333333333333,35649.0,False
2025-06,奇瑞,多米,5-10万 轿车 新能源,SHOCK_NONE,588.0,4166.0,False
2025-06,奇瑞,风云A8,5-10万 轿车 新能源,SHOCK_NONE,681.5,167.0,False
2025-06,比亚迪,海豚,5-10万 轿车 新能源,SHOCK_CONFIRMED,15802.5,166541.0,True
2025-06,比亚迪,海豹05,5-10万 轿车 新能源,SHOCK_CANDIDATE,7193.0,113293.0,True
2025-06,荣威,D6,5-10万 轿车 新能源,SHOCK_NONE,1633.0,24707.0,False
2025-06,长安,逸动,5-10万 轿车 新能源,SHOCK_NONE,312.3333333333333,2520.0,False
2025-06,奔驰,AMG GLC,50-55万 SUV 其他能源,SHOCK_NONE,109.33333333333333,1034.0,False
2025-06,奔驰,CLE,50-55万 跑车 其他能源,SHOCK_NONE,0.0,0.0,False
2025-06,宝马,i5,50-55万 轿车 新能源,SHOCK_NONE,23.333333333333332,0.0,False
2025-06,小米,小米SU7,50-55万 轿车 新能源,SHOCK_CANDIDATE,2293.0,5876.0,False
2025-06,保时捷,Macan,55-60万 SUV 新能源,SHOCK_NONE,77.16666666666667,0.0,False
2025-06,莲花跑车,ELETRE,55-60万 SUV 新能源,SHOCK_NONE,172.0,475.0,False
2025-06,莲花跑车,EMEYA,55-60万 轿车 新能源,SHOCK_NONE,99.0,738.0,False
2025-06,奇瑞,瑞虎3x,5万以下 SUV 其他能源,SHOCK_NONE,2200.0,14673.0,False
2025-06,吉利银河,熊猫mini,5万以下 轿车 新能源,SHOCK_CONFIRMED,12183.333333333334,111060.0,True
2025-06,启源,Lumin,5万以下 轿车 新能源,SHOCK_CANDIDATE,15114.5,98810.0,True
2025-06,莲花跑车,ELETRE,60万以上 SUV 新能源,SHOCK_NONE,149.5,353.0,False
2025-06,莲花跑车,EMIRA,60万以上 跑车 其他能源,SHOCK_NONE,17.666666666666668,101.0,False
2025-06,奔驰,AMG GT,60万以上 跑车 新能源,SHOCK_NONE,1.3333333333333333,10.0,False
2025-06,广汽昊铂,昊铂SSR,60万以上 跑车 新能源,SHOCK_NONE,2.0,1.0,False
2025-06,仰望,U7,60万以上 轿车 新能源,SHOCK_NONE,55.0,2333.0,False
2025-06,尊界,尊界S800,60万以上 轿车 新能源,SHOCK_NONE,159.0,18733.0,False
2025-06,莲花跑车,EMEYA,60万以上 轿车 新能源,SHOCK_NONE,101.0,31.0,False
2025-06,蔚来,蔚来ET9,60万以上 轿车 新能源,SHOCK_NONE,598.3333333333334,1538.0,False
