freeze,price_bucket,body_type,fuel_type_group,brand,model,first_active,first3_avg,tail3_avg,ramp,top10_hit,tier,val_12m,is_breakout
2023-03,10-15万,MPV,其他能源,东风风行,风行游艇,2022-07,1016.0,584.5,0.5752952755905512,False,None,5266.0,False
2023-03,10-15万,MPV,其他能源,迈克萨斯,G10,2022-12,246.0,189.75,0.7713414634146342,False,None,1779.0,False
2023-03,10-15万,MPV,新能源,东风风光,风光,2022-11,30.0,27.5,0.9166666666666666,True,None,331.0,False
2023-03,10-15万,SUV,其他能源,三菱,欧蓝德,2022-07,1275.6666666666667,0.0,0.0,False,None,0.0,False
2023-03,10-15万,SUV,其他能源,东南,DX8,2022-10,234.0,647.0,2.764957264957265,False,None,3143.0,False
2023-03,10-15万,SUV,其他能源,东风风神,皓极,2022-07,910.3333333333334,953.75,1.0476931526913218,False,None,8315.0,False
2023-03,10-15万,SUV,其他能源,五菱,星辰,2022-08,1885.0,1221.0,0.6477453580901856,False,None,3820.0,False
2023-03,10-15万,SUV,其他能源,别克,昂扬,2022-12,580.0,384.5,0.6629310344827586,False,None,2885.0,False
2023-03,10-15万,SUV,其他能源,北京汽车,魔方,2022-07,628.0,474.5,0.7555732484076433,False,None,5254.0,False
2023-03,10-15万,SUV,其他能源,哈弗,哈弗二代大狗,2023-03,106.5,106.5,1.0,False,None,46015.0,False
2023-03,10-15万,SUV,其他能源,哈弗,哈弗酷狗,2022-08,778.6666666666666,338.5,0.4347174657534247,False,None,3258.0,False
2023-03,10-15万,SUV,其他能源,大众,途岳,2022-09,4115.333333333333,3203.5,0.7784302608132189,False,None,63465.0,True
2023-03,10-15万,SUV,其他能源,奇瑞,欧萌达,2022-07,1008.3333333333334,537.0,0.5325619834710743,False,None,0.0,False
2023-03,10-15万,SUV,其他能源,广汽传祺,影酷,2022-09,1387.3333333333333,1039.0,0.748918789043729,False,None,34646.0,False
2023-03,10-15万,SUV,其他能源,思皓,思皓X6,2022-06,176.0,0.0,0.0,False,None,0.0,False
2023-03,10-15万,SUV,其他能源,捷途,捷途大圣,2022-09,2326.3333333333335,1476.0,0.634474853130821,False,None,37602.0,False
2023-03,10-15万,SUV,其他能源,斯威,斯威G05,2023-03,34.0,34.0,1.0,False,None,376.0,False
2023-03,10-15万,SUV,其他能源,欧尚汽车,欧尚X5,2022-12,4039.6666666666665,2830.0,0.7005528508952884,False,None,0.0,False
2023-03,10-15万,SUV,其他能源,欧尚汽车,欧尚Z6,2022-06,5718.666666666667,4887.5,0.8546572627652133,False,None,78332.0,True
2023-03,10-15万,SUV,其他能源,荣威,RX8,2023-02,206.33333333333334,281.75,1.365508885298869,False,None,536.0,False
2023-03,10-15万,SUV,其他能源,雪佛兰,星迈罗,2022-10,602.0,557.0,0.925249169435216,False,None,4091.0,False
2023-03,10-15万,SUV,新能源,马自达,CX-30,2023-03,17.0,17.0,1.0,True,None,297.0,False
2023-03,10-15万,轿车,其他能源,MG,MG5,2022-04,1072.3333333333333,473.5,0.4415604600559528,False,None,800.0,False
2023-03,10-15万,轿车,其他能源,吉利,新帝豪,2022-07,43.0,100.0,2.3255813953488373,False,None,1574.0,False
2023-03,10-15万,轿车,其他能源,奇瑞,艾瑞泽5,2022-09,252.33333333333334,0.0,0.0,False,None,0.0,False
2023-03,10-15万,轿车,其他能源,奇瑞,艾瑞泽8,2022-09,3419.0,2549.5,0.7456858730622989,False,None,99725.0,True
2023-03,10-15万,轿车,新能源,MG,MG4 EV,2022-10,357.0,253.0,0.7086834733893558,False,None,8966.0,False
2023-03,10-15万,轿车,新能源,吉利,帝豪L,2022-06,1858.6666666666667,1760.5,0.9471843615494978,True,None,9210.0,False
2023-03,10-15万,轿车,新能源,大众,ID.3,2023-02,1927.0,1927.0,1.0,True,None,88269.0,True
2023-03,10-15万,轿车,新能源,威马,E.5,2022-08,1622.6666666666667,67.0,0.041290057518488084,False,None,129.0,False
2023-03,10-15万,轿车,新能源,深蓝,SL03,2023-03,6067.0,6067.0,1.0,True,Candidate,41258.0,False
2023-03,10-15万,轿车,新能源,长安,UNI-V,2023-02,949.5,949.5,1.0,False,None,20484.0,False
2023-03,15-20万,MPV,其他能源,广汽传祺,M8,2023-03,3706.0,3706.0,1.0,False,None,28288.0,False
2023-03,15-20万,MPV,其他能源,欧尚汽车,科尚,2022-12,5.333333333333333,11.5,2.15625,False,None,69.0,False
2023-03,15-20万,MPV,其他能源,现代,库斯途,2022-08,1407.0,674.5,0.47938877043354655,False,None,13147.0,False
2023-03,15-20万,MPV,其他能源,迈克萨斯,G20,2022-09,67.5,0.0,0.0,False,None,5573.0,False
2023-03,15-20万,MPV,新能源,瑞风,瑞风M3,2022-10,74.66666666666667,23.5,0.31473214285714285,True,None,780.0,False
2023-03,15-20万,SUV,其他能源,JEEP,指南者,2022-07,15.0,0.0,0.0,False,None,0.0,False
2023-03,15-20万,SUV,其他能源,别克,昂扬,2022-09,455.0,0.0,0.0,False,None,0.0,False
2023-03,15-20万,SUV,其他能源,吉利,博越,2022-11,133.0,44.0,0.3308270676691729,False,None,0.0,False
2023-03,15-20万,SUV,其他能源,哈弗,哈弗神兽,2022-06,472.0,0.0,0.0,False,None,0.0,False
2023-03,15-20万,SUV,其他能源,广汽传祺,影酷,2022-10,518.3333333333334,0.0,0.0,False,None,0.0,False
2023-03,15-20万,SUV,其他能源,捷途,捷途X95,2022-12,27.666666666666668,68.0,2.4578313253012047,False,None,72.0,False
2023-03,15-20万,SUV,其他能源,星途,星途瑶光,2023-02,435.0,421.5,0.9689655172413794,False,None,20284.0,False
2023-03,15-20万,SUV,其他能源,本田,致在,2022-08,565.6666666666666,620.0,1.0960518562168533,False,None,1011.0,False
2023-03,15-20万,SUV,其他能源,福特,领睿,2022-05,2134.6666666666665,0.0,0.0,False,None,0.0,False
2023-03,15-20万,SUV,其他能源,福特,领裕,2022-07,684.6666666666666,527.5,0.770447906523856,False,None,6120.0,False
2023-03,15-20万,SUV,其他能源,起亚,狮铂拓界,2022-12,132.33333333333334,130.0,0.9823677581863979,False,None,5081.0,False
2023-03,15-20万,SUV,其他能源,雪佛兰,星迈罗,2022-09,400.0,0.0,0.0,False,None,0.0,False
2023-03,15-20万,SUV,其他能源,领克,领克02,2022-09,225.5,0.0,0.0,False,None,0.0,False
2023-03,15-20万,SUV,新能源,东风风行,风行雷霆,2023-03,18.0,18.0,1.0,False,None,2471.0,False
2023-03,15-20万,SUV,新能源,丰田,bZ4X,2023-02,226.0,469.0,2.075221238938053,True,None,4355.0,False
2023-03,15-20万,SUV,新能源,创维汽车,HT-i,2022-09,51.333333333333336,166.0,3.2337662337662336,False,None,4158.0,False
2023-03,15-20万,SUV,新能源,合创,合创Z03,2022-07,1125.3333333333333,1894.0,1.6830568720379149,True,None,11825.0,False
2023-03,15-20万,SUV,新能源,哈弗,哈弗H6,2022-10,841.0,697.0,0.8287752675386445,True,None,712.0,False
2023-03,15-20万,SUV,新能源,哈弗,哈弗二代大狗,2023-02,1093.0,1093.0,1.0,True,None,19112.0,False
2023-03,15-20万,SUV,新能源,埃安,AION Y,2022-04,6901.666666666667,0.0,0.0,False,None,0.0,False
2023-03,15-20万,SUV,新能源,大众,ID.4 X,2023-03,901.5,901.5,1.0,True,None,24123.0,False
2023-03,15-20万,SUV,新能源,天际,天际ME7,2023-02,24.5,24.5,1.0,False,None,50.0,False
2023-03,15-20万,SUV,新能源,奇瑞,瑞虎7,2023-03,3.0,3.0,1.0,False,None,40.0,False
2023-03,15-20万,SUV,新能源,捷途,捷途大圣,2022-12,108.0,156.0,1.4444444444444444,False,None,3562.0,False
2023-03,15-20万,SUV,新能源,本田,e:NS1,2022-04,236.66666666666666,609.5,2.5753521126760566,True,None,3047.0,False
2023-03,15-20万,SUV,新能源,本田,极湃1,2022-09,437.0,140.5,0.32151029748283755,False,None,3373.0,False
2023-03,15-20万,SUV,新能源,欧尚汽车,欧尚Z6,2022-07,348.0,697.5,2.0043103448275863,True,None,856.0,False
2023-03,15-20万,轿车,其他能源,MG,MG7,2023-03,152.0,152.0,1.0,False,None,2848.0,False
2023-03,15-20万,轿车,其他能源,丰田,亚洲龙,2022-09,6017.0,3276.0,0.5444573707827821,False,None,70882.0,True
2023-03,15-20万,轿车,其他能源,奔驰,A级,2023-02,5204.0,5204.0,1.0,False,None,26727.0,False
2023-03,15-20万,轿车,新能源,MG,MG4 EV,2022-09,130.66666666666666,133.0,1.017857142857143,True,None,0.0,False
2023-03,15-20万,轿车,新能源,合创,合创A06,2022-12,118.33333333333333,99.0,0.8366197183098592,False,None,1566.0,False
2023-03,15-20万,轿车,新能源,大众,迈腾,2023-03,779.0,779.0,1.0,True,None,10372.0,False
2023-03,15-20万,轿车,新能源,威马,E.5,2022-04,2034.3333333333333,0.0,0.0,False,None,0.0,False
2023-03,15-20万,轿车,新能源,欧拉,芭蕾猫,2022-12,362.3333333333333,453.5,1.251609935602576,True,None,2794.0,False
2023-03,15-20万,轿车,新能源,欧拉,闪电猫,2023-01,288.6666666666667,393.0,1.361431870669746,True,None,9299.0,False
2023-03,15-20万,轿车,新能源,深蓝,SL03,2022-07,184.33333333333334,1414.6666666666667,7.674502712477396,True,None,22909.0,False
2023-03,15-20万,轿车,新能源,荣威,荣威Ei5,2023-01,458.0,652.0,1.4235807860262009,True,None,2600.0,False
2023-03,15-20万,轿车,新能源,荣威,荣威i6,2022-07,1351.6666666666667,956.5,0.7076448828606658,True,None,0.0,False
2023-03,15-20万,轿车,新能源,零跑,零跑C01,2023-02,136.66666666666666,107.75,0.7884146341463415,False,None,20842.0,False
2023-03,20-25万,MPV,其他能源,迈克萨斯,G90,2022-05,84.5,0.0,0.0,False,None,0.0,False
2023-03,20-25万,MPV,新能源,海马,7X,2022-11,45.666666666666664,55.5,1.2153284671532847,True,None,76.0,False
2023-03,20-25万,MPV,新能源,瑞风,瑞风M3,2022-06,26.0,0.0,0.0,False,None,0.0,False
2023-03,20-25万,SUV,其他能源,JEEP,大指挥官,2022-07,176.66666666666666,0.0,0.0,False,None,0.0,False
2023-03,20-25万,SUV,其他能源,北京越野,BJ60,2022-11,1.0,0.0,0.0,False,None,6758.0,False
2023-03,20-25万,SUV,其他能源,本田,致在,2023-02,165.0,165.0,1.0,False,None,132.0,False
2023-03,20-25万,SUV,其他能源,林肯,冒险家,2022-11,1698.3333333333333,1136.5,0.6691854759568204,False,None,26030.0,False
2023-03,20-25万,SUV,其他能源,荣威,RX9,2023-03,192.0,192.0,1.0,False,None,609.0,False
2023-03,20-25万,SUV,其他能源,起亚,狮铂拓界,2022-11,180.33333333333334,0.0,0.0,False,None,0.0,False
2023-03,20-25万,SUV,其他能源,路虎,发现运动版,2023-03,1572.0,1572.0,1.0,False,None,5316.0,False
2023-03,20-25万,SUV,新能源,smart,精灵#1,2022-09,210.0,2340.75,11.146428571428572,True,Strong,23314.0,False
2023-03,20-25万,SUV,新能源,丰田,bZ4X,2023-01,105.5,0.0,0.0,False,None,0.0,False
2023-03,20-25万,SUV,新能源,丰田,铂智4X,2022-11,336.3333333333333,238.0,0.7076313181367692,True,None,1830.0,False
2023-03,20-25万,SUV,新能源,创维汽车,EV6,2023-02,217.0,217.0,1.0,False,None,4133.0,False
2023-03,20-25万,SUV,新能源,吉利,星越,2022-11,310.6666666666667,182.0,0.5858369098712446,False,None,2577.0,False
2023-03,20-25万,SUV,新能源,埃安,AION V,2022-04,2281.0,0.0,0.0,False,None,0.0,False
2023-03,20-25万,SUV,新能源,大众,ID.6 X,2023-03,246.5,246.5,1.0,False,None,5660.0,False
2023-03,20-25万,SUV,新能源,天际,天际ME7,2022-06,29.333333333333332,0.0,0.0,False,None,0.0,False
2023-03,20-25万,SUV,新能源,日产,艾睿雅,2023-02,28.333333333333332,75.75,2.673529411764706,False,None,2067.0,False
2023-03,20-25万,SUV,新能源,本田,e:NS1,2022-07,219.0,0.0,0.0,False,None,0.0,False
2023-03,20-25万,SUV,新能源,本田,极湃1,2022-06,214.0,0.0,0.0,False,None,0.0,False
2023-03,20-25万,SUV,新能源,本田,皓影,2022-04,398.0,562.5,1.4133165829145728,True,None,4688.0,False
2023-03,20-25万,SUV,新能源,比亚迪,护卫舰07,2022-12,1097.6666666666667,3671.6666666666665,3.3449741876708163,True,Strong,32959.0,False
2023-03,20-25万,SUV,新能源,爱驰,U6,2022-11,20.0,4.5,0.225,False,None,1.0,False
2023-03,20-25万,SUV,新能源,福特,Mustang,2023-03,154.5,154.5,1.0,False,None,1805.0,False
2023-03,20-25万,SUV,新能源,腾势,腾势X,2022-05,14.333333333333334,0.0,0.0,False,None,0.0,False
2023-03,20-25万,SUV,新能源,魏牌,拿铁,2022-07,515.6666666666666,345.75,0.67049127343245,True,None,907.0,False
2023-03,20-25万,轿车,其他能源,红旗,H5,2022-07,147.66666666666666,0.0,0.0,False,None,0.0,False
2023-03,20-25万,轿车,新能源,哪吒,哪吒S,2022-12,815.3333333333334,1433.5,1.758176614881439,True,None,5554.0,False
2023-03,20-25万,轿车,新能源,小鹏,P7,2022-12,988.3333333333334,1334.5,1.3502529510961214,True,None,18466.0,False
2023-03,20-25万,轿车,新能源,欧拉,芭蕾猫,2022-07,455.0,0.0,0.0,False,None,0.0,False
2023-03,20-25万,轿车,新能源,欧拉,闪电猫,2022-11,1618.0,0.0,0.0,False,None,0.0,False
2023-03,20-25万,轿车,新能源,比亚迪,海豹,2022-09,1862.3333333333333,2462.5,1.3222659745838554,True,Candidate,34585.0,False
2023-03,20-25万,轿车,新能源,零跑,零跑C01,2022-09,218.33333333333334,0.0,0.0,False,None,0.0,False
2023-03,25-30万,MPV,其他能源,广汽传祺,M8,2022-11,1471.3333333333333,1498.5,1.0184639782510196,False,None,35572.0,False
2023-03,25-30万,MPV,其他能源,迈克萨斯,G90,2022-07,346.0,167.5,0.4841040462427746,False,None,1915.0,False
2023-03,25-30万,MPV,新能源,海马,7X,2022-10,1.0,0.0,0.0,False,None,0.0,False
2023-03,25-30万,MPV,新能源,荣威,iMAX8,2022-08,148.5,0.0,0.0,False,None,2215.0,False
2023-03,25-30万,SUV,其他能源,北京越野,BJ60,2022-12,652.6666666666666,639.0,0.9790602655771196,False,None,1476.0,False
2023-03,25-30万,SUV,其他能源,北京越野,BJ80,2022-10,144.0,154.0,1.0694444444444444,False,None,0.0,False
2023-03,25-30万,SUV,其他能源,大众,揽巡,2023-01,312.6666666666667,790.5,2.5282515991471213,False,None,34883.0,False
2023-03,25-30万,SUV,其他能源,路虎,揽胜极光,2023-03,1485.0,1485.0,1.0,False,None,14772.0,False
2023-03,25-30万,SUV,其他能源,迈克萨斯,领地,2022-11,27.0,35.5,1.3148148148148149,False,None,398.0,False
2023-03,25-30万,SUV,新能源,DS,DS 3,2022-08,1.3333333333333333,2.0,1.5,False,None,0.0,False
2023-03,25-30万,SUV,新能源,丰田,bZ4X,2022-11,212.33333333333334,0.0,0.0,False,None,0.0,False
2023-03,25-30万,SUV,新能源,奔驰,EQA,2022-05,102.66666666666667,87.66666666666667,0.8538961038961039,True,None,724.0,False
2023-03,25-30万,SUV,新能源,奔驰,EQB,2023-03,129.0,129.0,1.0,True,None,6620.0,False
2023-03,25-30万,SUV,新能源,奥迪,Q4,2023-03,846.5,846.5,1.0,True,None,7129.0,False
2023-03,25-30万,SUV,新能源,日产,艾睿雅,2022-10,267.6666666666667,0.0,0.0,False,None,0.0,False
2023-03,25-30万,SUV,新能源,林肯,冒险家,2023-03,2.0,2.0,1.0,False,None,1.0,False
2023-03,25-30万,SUV,新能源,比亚迪,护卫舰07,2023-03,464.0,464.0,1.0,True,None,1431.0,False
2023-03,25-30万,SUV,新能源,沃尔沃,C40,2022-07,55.0,43.25,0.7863636363636364,False,None,943.0,False
2023-03,25-30万,SUV,新能源,理想,理想ONE,2023-02,1114.0,1114.0,1.0,True,None,6732.0,False
2023-03,25-30万,SUV,新能源,福特,Mustang,2022-11,256.6666666666667,41.5,0.1616883116883117,True,None,195.0,False
2023-03,25-30万,SUV,新能源,雷克萨斯,UX,2022-11,183.0,105.5,0.5765027322404371,True,None,62.0,False
2023-03,25-30万,SUV,新能源,飞凡,MARVEL R,2022-05,89.0,0.0,0.0,False,None,0.0,False
2023-03,25-30万,SUV,新能源,飞凡,R7,2023-03,249.0,249.0,1.0,True,None,717.0,False
2023-03,25-30万,轿车,其他能源,林肯,林肯Z,2022-04,1194.6666666666667,912.0,0.7633928571428571,False,None,322.0,False
2023-03,25-30万,轿车,其他能源,红旗,H9,2022-12,1283.0,1113.5,0.8678877630553391,False,None,12576.0,False
2023-03,25-30万,轿车,新能源,哪吒,哪吒S,2022-10,46.0,394.0,8.565217391304348,True,None,673.0,False
2023-03,25-30万,轿车,新能源,比亚迪,海豹,2022-08,21.0,0.0,0.0,False,None,0.0,False
2023-03,25-30万,轿车,新能源,飞凡,F7,2023-03,66.0,66.0,1.0,True,None,3255.0,False
2023-03,30-35万,MPV,其他能源,广汽传祺,M8,2022-11,2042.3333333333333,2284.5,1.1185735270115882,False,None,14998.0,False
2023-03,30-35万,MPV,其他能源,迈克萨斯,G20,2022-08,66.33333333333333,0.0,0.0,False,None,300.0,False
2023-03,30-35万,MPV,新能源,荣威,iMAX8,2022-09,331.6666666666667,222.5,0.6708542713567839,True,None,657.0,False
2023-03,30-35万,MPV,新能源,迈克萨斯,大家9,2022-06,51.0,140.5,2.7549019607843137,True,None,1491.0,False
2023-03,30-35万,SUV,其他能源,凯迪拉克,XT5,2022-10,1650.5,0.0,0.0,False,None,0.0,False
2023-03,30-35万,SUV,其他能源,大众,揽巡,2022-11,525.6666666666666,0.0,0.0,False,None,0.0,False
2023-03,30-35万,SUV,新能源,AITO,问界M7,2022-08,1411.3333333333333,661.0,0.46835144071799717,True,None,4970.0,False
2023-03,30-35万,SUV,新能源,奔驰,EQB,2022-05,168.66666666666666,89.0,0.5276679841897234,True,None,0.0,False
2023-03,30-35万,SUV,新能源,奥迪,Q4,2022-08,202.33333333333334,253.0,1.2504118616144975,True,None,0.0,False
2023-03,30-35万,SUV,新能源,宝马,iX3,2022-12,2673.0,3515.5,1.3151889263000374,True,Candidate,26029.0,False
2023-03,30-35万,SUV,新能源,小鹏,G9,2022-10,194.33333333333334,0.0,0.0,False,None,1299.0,False
2023-03,30-35万,SUV,新能源,沃尔沃,C40,2022-10,10.666666666666666,0.0,0.0,False,None,0.0,False
2023-03,30-35万,SUV,新能源,沃尔沃,XC40,2022-05,42.0,0.0,0.0,False,None,0.0,False
2023-03,30-35万,SUV,新能源,路虎,发现运动版,2022-04,142.0,113.0,0.795774647887324,True,None,0.0,False
2023-03,30-35万,SUV,新能源,路虎,揽胜极光,2022-11,92.0,118.5,1.2880434782608696,True,None,280.0,False
2023-03,30-35万,SUV,新能源,飞凡,R7,2022-10,267.6666666666667,95.5,0.35678704856787047,True,None,0.0,False
2023-03,30-35万,SUV,新能源,魏牌,摩卡,2022-04,177.66666666666666,49.0,0.275797373358349,True,None,0.0,False
2023-03,30-35万,轿车,其他能源,大众,Arteon,2023-01,7.0,8.5,1.2142857142857142,False,None,35.0,False
2023-03,30-35万,轿车,新能源,DS,DS 9,2022-11,3.3333333333333335,7.0,2.1,True,None,10.0,False
2023-03,30-35万,轿车,新能源,哪吒,哪吒S,2022-09,6.0,0.0,0.0,False,None,0.0,False
2023-03,30-35万,轿车,新能源,宝马,i3,2022-05,821.0,0.0,0.0,False,None,0.0,False
2023-03,30-35万,轿车,新能源,比亚迪,汉,2022-08,30.666666666666668,67.0,2.184782608695652,True,None,0.0,False
2023-03,30-35万,轿车,新能源,蔚来,蔚来ET5,2022-10,3428.0,6436.0,1.8774795799299884,True,Candidate,7658.0,False
2023-03,35-40万,MPV,其他能源,丰田,格瑞维亚,2022-12,1884.0,3917.0,2.079087048832272,False,Candidate,11688.0,False
2023-03,35-40万,MPV,新能源,岚图,梦想家,2022-07,694.6666666666666,967.0,1.392034548944338,True,None,23858.0,False
2023-03,35-40万,MPV,新能源,腾势,腾势D9,2022-11,609.5,0.0,0.0,False,None,19784.0,False
2023-03,35-40万,SUV,其他能源,JEEP,大切诺基,2022-07,622.6666666666666,145.0,0.2328693790149893,False,None,109.0,False
2023-03,35-40万,SUV,其他能源,英菲尼迪,QX55,2023-02,2.6666666666666665,5.5,2.0625,False,None,36.0,False
2023-03,35-40万,SUV,新能源,埃安,AION LX,2022-04,142.33333333333334,57.0,0.40046838407494145,True,None,0.0,False
2023-03,35-40万,SUV,新能源,奔驰,EQC,2023-03,57.0,57.0,1.0,False,None,261.0,False
2023-03,35-40万,SUV,新能源,小鹏,G9,2023-01,827.3333333333334,467.25,0.5647663174858985,True,None,4392.0,False
2023-03,35-40万,SUV,新能源,岚图,岚图FREE,2022-04,112.33333333333333,13.5,0.1201780415430267,True,None,0.0,False
2023-03,35-40万,SUV,新能源,智己,智己LS7,2023-02,169.33333333333334,497.25,2.936515748031496,True,None,3183.0,False
2023-03,35-40万,SUV,新能源,理想,理想L7,2023-03,8009.0,8009.0,1.0,True,Candidate,0.0,False
2023-03,35-40万,SUV,新能源,理想,理想L8,2022-11,7440.0,7375.0,0.991263440860215,True,Candidate,46588.0,False
2023-03,35-40万,SUV,新能源,阿维塔,阿维塔11,2022-12,698.3333333333334,1172.6666666666667,1.679236276849642,True,None,0.0,False
2023-03,35-40万,SUV,新能源,雷克萨斯,RZ,2023-02,241.5,241.5,1.0,True,None,5659.0,False
2023-03,35-40万,SUV,新能源,领克,领克09,2023-01,673.3333333333334,708.0,1.0514851485148515,True,None,807.0,False
2023-03,35-40万,跑车,其他能源,丰田,86,2022-10,47.333333333333336,45.0,0.9507042253521126,False,None,104.0,False
2023-03,35-40万,轿车,新能源,奔驰,C级,2022-10,344.3333333333333,358.0,1.0396902226524687,True,None,613.0,False
2023-03,35-40万,轿车,新能源,智己,智己L7,2022-08,639.0,62.333333333333336,0.09754825247782994,True,None,368.0,False
2023-03,35-40万,轿车,新能源,蔚来,蔚来ET5,2022-09,116.0,0.0,0.0,False,None,0.0,False
2023-03,40-45万,MPV,其他能源,红旗,HQ9,2023-03,848.0,848.0,1.0,False,None,6476.0,False
2023-03,40-45万,MPV,新能源,岚图,梦想家,2022-08,603.3333333333334,256.3333333333333,0.42486187845303863,True,None,0.0,False
2023-03,40-45万,MPV,新能源,腾势,腾势D9,2022-09,12.0,1970.5,164.20833333333334,True,None,85910.0,True
2023-03,40-45万,SUV,其他能源,路虎,揽胜星脉,2023-02,479.5,479.5,1.0,False,None,243.0,False
2023-03,40-45万,SUV,新能源,凯迪拉克,IQ锐歌,2022-07,71.0,0.0,0.0,False,None,0.0,False
2023-03,40-45万,SUV,新能源,捷尼赛思,GV70,2023-01,14.0,20.0,1.4285714285714286,True,None,47.0,False
2023-03,40-45万,轿车,其他能源,奥迪,A7L,2022-12,154.33333333333334,196.0,1.2699784017278617,False,None,1037.0,False
2023-03,40-45万,轿车,新能源,奔驰,C级,2022-09,238.0,0.0,0.0,False,None,0.0,False
2023-03,45-50万,MPV,其他能源,红旗,HQ9,2022-10,1101.6666666666667,709.0,0.6435703479576399,False,None,0.0,False
2023-03,45-50万,SUV,其他能源,英菲尼迪,QX55,2022-10,2.0,0.0,0.0,False,None,0.0,False
2023-03,45-50万,SUV,其他能源,路虎,揽胜星脉,2022-10,630.3333333333334,0.0,0.0,False,None,2525.0,False
2023-03,45-50万,SUV,新能源,凯迪拉克,IQ锐歌,2022-06,11.666666666666666,104.0,8.914285714285715,True,None,194.0,False
2023-03,45-50万,SUV,新能源,理想,理想L9,2022-08,6544.333333333333,6560.0,1.0023939285896195,True,Candidate,30342.0,False
2023-03,45-50万,SUV,新能源,红旗,E-HS9,2023-01,75.0,0.0,0.0,False,None,0.0,False
2023-03,45-50万,SUV,新能源,蔚来,蔚来ES7,2022-11,3440.3333333333335,1087.5,0.31610309078577653,True,None,2089.0,False
2023-03,45-50万,SUV,新能源,雷克萨斯,NX,2023-02,399.0,399.0,1.0,True,None,1725.0,False
2023-03,45-50万,轿车,其他能源,奥迪,A7L,2022-11,125.5,0.0,0.0,False,None,0.0,False
2023-03,45-50万,轿车,新能源,奔驰,EQE,2022-11,290.3333333333333,369.0,1.2709529276693456,True,None,0.0,False
2023-03,45-50万,轿车,新能源,捷尼赛思,G80,2022-11,6.0,7.5,1.25,True,None,49.0,False
2023-03,5-10万,MPV,其他能源,东风风光,风光,2022-06,297.0,253.0,0.8518518518518519,False,None,1402.0,False
2023-03,5-10万,MPV,其他能源,五菱,佳辰,2022-06,4547.666666666667,3719.0,0.8177820127537931,False,None,43609.0,False
2023-03,5-10万,MPV,其他能源,迈克萨斯,G50,2022-09,83.66666666666667,209.0,2.49800796812749,False,None,6510.0,False
2023-03,5-10万,SUV,其他能源,东南,DX8,2022-11,173.33333333333334,179.0,1.0326923076923076,False,None,413.0,False
2023-03,5-10万,SUV,其他能源,东风风光,风光ix5,2022-06,19.0,0.0,0.0,False,None,0.0,False
2023-03,5-10万,SUV,其他能源,五菱,星驰,2022-09,1658.3333333333333,2777.0,1.674572864321608,False,None,41696.0,False
2023-03,5-10万,SUV,其他能源,别克,昂科拉,2022-09,334.6666666666667,127.0,0.3794820717131474,False,None,362.0,False
2023-03,5-10万,SUV,其他能源,北汽瑞翔,瑞翔X3,2022-04,25.333333333333332,71.0,2.8026315789473686,False,None,414.0,False
2023-03,5-10万,SUV,其他能源,哈弗,哈弗赤兔,2022-12,1529.0,888.5,0.5810987573577502,False,None,4667.0,False
2023-03,5-10万,SUV,其他能源,奇瑞,欧萌达,2023-03,763.0,763.0,1.0,False,None,4998.0,False
2023-03,5-10万,SUV,其他能源,奔腾,奔腾T55,2022-05,662.3333333333334,467.0,0.7050830397584298,False,None,10551.0,False
2023-03,5-10万,SUV,其他能源,思皓,思皓X6,2022-08,219.66666666666666,184.5,0.8399089529590289,False,None,590.0,False
2023-03,5-10万,SUV,其他能源,斯威,斯威大虎,2022-08,26.666666666666668,61.5,2.30625,False,None,956.0,False
2023-03,5-10万,SUV,新能源,云度,云度π1,2022-09,223.33333333333334,111.0,0.4970149253731343,True,None,620.0,False
2023-03,5-10万,SUV,新能源,北京汽车,EX3,2022-05,50.0,0.0,0.0,False,None,0.0,False
2023-03,5-10万,SUV,新能源,吉利,几何E,2022-06,2116.3333333333335,1449.0,0.6846747519294376,True,None,32993.0,False
2023-03,5-10万,轿车,其他能源,丰田,卡罗拉,2022-12,16470.0,9285.0,0.563752276867031,False,None,88611.0,True
2023-03,5-10万,轿车,其他能源,丰田,雷凌,2022-09,10162.333333333334,6042.0,0.5945484960802965,False,None,62867.0,True
2023-03,5-10万,轿车,其他能源,奔腾,奔腾B70,2022-11,2137.6666666666665,2069.5,0.9681116482145642,False,None,46161.0,False
2023-03,5-10万,轿车,其他能源,昌河,北斗星 X5,2022-10,69.0,139.5,2.0217391304347827,False,None,0.0,False
2023-03,5-10万,轿车,其他能源,现代,伊兰特,2023-02,6119.5,6119.5,1.0,False,None,110722.0,True
2023-03,5-10万,轿车,其他能源,长安,逸达,2023-03,2338.0,2338.0,1.0,False,None,52591.0,True
2023-03,5-10万,轿车,新能源,五菱,五菱缤果,2023-03,3244.0,3244.0,1.0,True,Candidate,197024.0,True
2023-03,5-10万,轿车,新能源,五菱,晴空,2022-12,1204.0,724.0,0.6013289036544851,True,None,6318.0,False
2023-03,5-10万,轿车,新能源,凌宝汽车,凌宝BOX,2022-05,1539.6666666666667,579.0,0.3760554232517861,True,None,3490.0,False
2023-03,5-10万,轿车,新能源,吉利,熊猫mini,2023-02,7385.5,7385.5,1.0,True,Candidate,5900.0,False
2023-03,5-10万,轿车,新能源,奇瑞,无界PRO,2022-11,387.3333333333333,305.5,0.7887263339070568,False,None,1949.0,False
2023-03,5-10万,轿车,新能源,长安,Lumin,2022-07,7911.333333333333,10086.5,1.274943119575293,True,Candidate,7762.0,False
2023-03,5-10万,轿车,新能源,雷诺江铃,小麒麟,2022-11,52.333333333333336,89.5,1.7101910828025477,False,None,72.0,False
2023-03,50-55万,MPV,其他能源,红旗,HQ9,2022-09,82.0,0.0,0.0,False,None,0.0,False
2023-03,50-55万,MPV,新能源,极氪,极氪009,2023-01,981.0,1375.0,1.401630988786952,True,None,17313.0,False
2023-03,50-55万,SUV,其他能源,奥迪,Q6,2022-11,262.6666666666667,161.0,0.6129441624365481,False,None,0.0,False
2023-03,50-55万,SUV,其他能源,英菲尼迪,QX60,2022-04,45.0,0.0,0.0,False,None,0.0,False
2023-03,50-55万,SUV,其他能源,阿尔法·罗密欧,斯坦维,2023-01,10.0,10.0,1.0,False,None,0.0,False
2023-03,50-55万,SUV,新能源,蔚来,蔚来ES7,2022-08,1572.3333333333333,0.0,0.0,False,None,0.0,False
2023-03,50-55万,轿车,其他能源,奥迪,A7L,2022-05,319.0,0.0,0.0,False,None,0.0,False
2023-03,50-55万,轿车,其他能源,阿尔法·罗密欧,朱丽叶,2023-01,23.0,0.0,0.0,False,None,0.0,False
2023-03,50-55万,轿车,新能源,奔驰,EQE,2022-10,395.0,0.0,0.0,False,None,0.0,False
2023-03,55-60万,MPV,其他能源,别克,世纪,2022-12,1234.3333333333333,1353.0,1.0961382662705914,False,None,1379.0,False
2023-03,55-60万,SUV,其他能源,奥迪,Q6,2022-09,70.5,0.0,0.0,False,None,0.0,False
2023-03,55-60万,SUV,其他能源,奥迪,SQ5,2022-05,37.0,71.5,1.9324324324324325,False,None,117.0,False
2023-03,55-60万,SUV,其他能源,捷尼赛思,GV80,2022-08,55.333333333333336,31.5,0.5692771084337349,False,None,245.0,False
2023-03,55-60万,SUV,新能源,蔚来,蔚来ES8,2022-08,1519.0,0.0,0.0,False,None,0.0,False
2023-03,55-60万,轿车,其他能源,宝马,M2,2023-03,2.0,2.0,1.0,False,None,1410.0,False
2023-03,55-60万,轿车,新能源,奔驰,EQE,2022-08,349.5,0.0,0.0,False,None,0.0,False
2023-03,5万以下,轿车,新能源,凌宝汽车,凌宝uni,2022-05,64.0,249.0,3.890625,True,None,2274.0,False
2023-03,60万以上,MPV,其他能源,别克,世纪,2022-11,562.0,1119.0,1.991103202846975,False,None,0.0,False
2023-03,60万以上,SUV,其他能源,宝马,X3,2022-05,14.0,226.5,16.178571428571427,False,None,450.0,False
2023-03,60万以上,SUV,其他能源,玛莎拉蒂,Grecale,2023-03,193.0,193.0,1.0,False,None,1847.0,False
2023-03,60万以上,SUV,其他能源,红旗,红旗LS7,2023-01,26.333333333333332,28.5,1.0822784810126582,False,None,173.0,False
2023-03,60万以上,SUV,其他能源,红旗,红旗国耀,2022-08,12.0,0.0,0.0,False,None,0.0,False
2023-03,60万以上,SUV,新能源,奔驰,EQS SUV,2023-02,62.0,46.75,0.7540322580645161,True,None,1010.0,False
2023-03,60万以上,SUV,新能源,宝马,XM,2023-03,6.0,6.0,1.0,True,None,191.0,False
2023-03,60万以上,SUV,新能源,路特斯,ELETRE,2023-01,66.33333333333333,94.5,1.4246231155778895,True,None,2941.0,False
2023-03,60万以上,跑车,其他能源,路特斯,EMIRA,2022-12,9.0,8.0,0.8888888888888888,False,None,695.0,False
2023-03,60万以上,轿车,新能源,宝马,i7,2023-01,21.666666666666668,26.0,1.2,True,None,1487.0,False
2023-03,60万以上,轿车,新能源,高合,HiPhi Z,2022-10,57.0,354.0,6.2105263157894735,True,None,1226.0,False
2024-03,10-15万,MPV,其他能源,五菱,佳辰,2023-07,124.66666666666667,54.0,0.43315508021390375,False,None,0.0,False
2024-03,10-15万,MPV,其他能源,瑞风,瑞风M3,2024-01,42.0,36.666666666666664,0.8730158730158729,False,None,452.0,False
2024-03,10-15万,MPV,新能源,极狐,考拉,2023-09,663.3333333333334,314.5,0.47412060301507536,True,None,20092.0,False
2024-03,10-15万,MPV,新能源,比亚迪,宋MAX,2023-12,186.66666666666666,55.5,0.29732142857142857,True,None,106.0,False
2024-03,10-15万,SUV,其他能源,东风风光,风光,2024-01,2.0,0.0,0.0,False,None,0.0,False
2024-03,10-15万,SUV,其他能源,东风风神,皓瀚,2023-08,906.0,865.5,0.9552980132450332,False,None,4649.0,False
2024-03,10-15万,SUV,其他能源,丰田,威兰达,2024-02,3115.6666666666665,3618.0,1.1612282015619986,False,None,125384.0,True
2024-03,10-15万,SUV,其他能源,五菱,星云,2023-09,806.6666666666666,0.0,0.0,False,None,0.0,False
2024-03,10-15万,SUV,其他能源,凯翼,昆仑,2023-06,440.3333333333333,289.5,0.6574564723694172,False,None,3014.0,False
2024-03,10-15万,SUV,其他能源,北汽汽车,212,2023-08,168.0,0.0,0.0,False,None,0.0,False
2024-03,10-15万,SUV,其他能源,奇瑞,探索06,2023-08,787.0,1063.75,1.3516518424396442,False,None,19105.0,False
2024-03,10-15万,SUV,其他能源,奇瑞,瑞虎7,2023-07,1881.6666666666667,0.0,0.0,False,None,6013.0,False
2024-03,10-15万,SUV,其他能源,奔腾,奔腾T90,2023-06,333.3333333333333,0.0,0.0,False,None,2898.0,False
2024-03,10-15万,SUV,其他能源,日产,奇骏,2023-09,883.0,2177.0,2.4654586636466593,False,Candidate,23098.0,False
2024-03,10-15万,SUV,其他能源,本田,HR-V,2023-06,2832.0,1734.0,0.6122881355932204,False,None,17638.0,False
2024-03,10-15万,SUV,其他能源,本田,致在,2023-04,1161.3333333333333,568.5,0.48952353616532723,False,None,4180.0,False
2024-03,10-15万,SUV,其他能源,标致,4008,2023-12,159.33333333333334,60.0,0.37656903765690375,False,None,4193.0,False
2024-03,10-15万,SUV,其他能源,江淮,江淮X8,2024-01,429.3333333333333,166.0,0.3866459627329193,False,None,460.0,False
2024-03,10-15万,SUV,其他能源,现代,沐飒,2023-06,1834.0,2009.0,1.0954198473282444,False,None,16208.0,False
2024-03,10-15万,SUV,其他能源,福特,锐际,2023-06,911.3333333333334,446.5,0.48994147768836865,False,None,9467.0,False
2024-03,10-15万,SUV,其他能源,红旗,HS3,2023-09,785.0,1410.0,1.7961783439490446,False,None,26622.0,False
2024-03,10-15万,SUV,其他能源,起亚,狮铂拓界,2023-09,294.3333333333333,319.5,1.0855039637599095,False,None,10457.0,False
2024-03,10-15万,SUV,其他能源,起亚,赛图斯,2023-04,484.0,572.0,1.1818181818181819,False,None,0.0,False
2024-03,10-15万,SUV,其他能源,长安,UNI-K,2023-11,928.6666666666666,524.5,0.5647882268485284,False,None,10393.0,False
2024-03,10-15万,SUV,其他能源,雪铁龙,C5,2023-09,326.0,418.5,1.2837423312883436,False,None,6272.0,False
2024-03,10-15万,SUV,其他能源,马自达,CX-5,2023-09,1068.3333333333333,861.5,0.8063962558502341,False,None,30324.0,False
2024-03,10-15万,SUV,新能源,MG,领航,2023-08,4.0,0.0,0.0,False,None,0.0,False
2024-03,10-15万,SUV,新能源,iCAR,iCAR 03,2024-02,903.3333333333334,935.0,1.0350553505535054,True,None,44590.0,False
2024-03,10-15万,SUV,新能源,东风风神,SKY EV01,2023-11,415.3333333333333,1166.0,2.807383627608347,True,None,4504.0,False
2024-03,10-15万,SUV,新能源,东风风行,风行雷霆,2024-02,183.5,183.5,1.0,False,None,1927.0,False
2024-03,10-15万,SUV,新能源,吉利,几何M6,2024-02,90.0,90.0,1.0,False,None,78.0,False
2024-03,10-15万,SUV,新能源,吉利,银河L7,2024-01,4846.0,3968.5,0.8189228229467602,True,Candidate,63165.0,True
2024-03,10-15万,SUV,新能源,启源,Q05,2023-12,1026.3333333333333,3131.0,3.0506658005846057,True,Strong,27819.0,False
2024-03,10-15万,SUV,新能源,启辰,VX6,2023-11,611.0,347.5,0.5687397708674304,False,None,10832.0,False
2024-03,10-15万,SUV,新能源,启辰,启辰大V,2023-07,1793.3333333333333,825.0,0.4600371747211896,False,None,9781.0,False
2024-03,10-15万,SUV,新能源,哈弗,哈弗H6,2023-05,408.0,68.0,0.16666666666666666,False,None,426.0,False
2024-03,10-15万,SUV,新能源,哈弗,哈弗枭龙,2023-05,168.0,329.5,1.9613095238095237,False,None,1139.0,False
2024-03,10-15万,SUV,新能源,哪吒,哪吒X,2023-10,2047.3333333333333,1123.5,0.5487626180397265,True,None,7993.0,False
2024-03,10-15万,SUV,新能源,大众,ID.4 CROZZ,2024-03,1547.5,1547.5,1.0,True,None,18914.0,False
2024-03,10-15万,SUV,新能源,奇瑞,瑞虎7,2023-06,87.66666666666667,82.0,0.935361216730038,False,None,1982.0,False
2024-03,10-15万,SUV,新能源,奇瑞,瑞虎8,2023-07,324.3333333333333,242.0,0.7461459403905447,False,None,2364.0,False
2024-03,10-15万,SUV,新能源,奇瑞,舒享家,2024-01,307.0,256.5,0.8355048859934854,False,None,4772.0,False
2024-03,10-15万,SUV,新能源,小鹏,G3,2023-12,118.66666666666667,56.5,0.47612359550561795,False,None,0.0,False
2024-03,10-15万,SUV,新能源,星途,星途追风,2023-06,63.0,60.5,0.9603174603174603,False,None,553.0,False
2024-03,10-15万,SUV,新能源,本田,e:NS1,2023-12,289.3333333333333,208.0,0.7188940092165899,False,None,1082.0,False
2024-03,10-15万,SUV,新能源,本田,极湃1,2023-09,132.66666666666666,63.5,0.47864321608040206,False,None,1108.0,False
2024-03,10-15万,SUV,新能源,欧尚汽车,欧尚Z6,2023-05,3273.0,2017.5,0.6164069660861595,True,Candidate,9856.0,False
2024-03,10-15万,SUV,新能源,比亚迪,宋,2023-10,21469.666666666668,19738.666666666668,0.9193746215590989,True,Candidate,424494.0,True
2024-03,10-15万,SUV,新能源,江淮,江淮QX PHEV,2023-09,145.33333333333334,83.5,0.5745412844036697,False,None,2399.0,False
2024-03,10-15万,SUV,新能源,荣威,RX5,2023-05,76.66666666666667,270.0,3.5217391304347823,False,None,2359.0,False
2024-03,10-15万,SUV,新能源,蓝电,蓝电E3,2024-01,7.0,8.0,1.1428571428571428,False,None,796.0,False
2024-03,10-15万,SUV,新能源,蓝电,蓝电E5,2023-04,88.33333333333333,1200.6666666666667,13.59245283018868,True,None,22584.0,False
2024-03,10-15万,SUV,新能源,长安,UNI-Z,2024-03,398.0,398.0,1.0,False,None,53873.0,True
2024-03,10-15万,SUV,新能源,零跑,零跑C10,2024-03,2291.0,2291.0,1.0,True,Candidate,83406.0,True
2024-03,10-15万,SUV,新能源,零跑,零跑C11,2024-03,1566.3333333333333,1566.3333333333333,1.0,True,None,45750.0,False
2024-03,10-15万,SUV,新能源,领克,领克06,2023-07,221.0,928.0,4.199095022624435,True,None,13152.0,False
2024-03,10-15万,轿车,其他能源,MG,MG7,2023-05,2965.0,1908.0,0.6435075885328836,False,None,21773.0,False
2024-03,10-15万,轿车,其他能源,宝马,1系,2023-11,360.3333333333333,27.0,0.07493061979648474,False,None,0.0,False
2024-03,10-15万,轿车,其他能源,日产,天籁,2023-11,11614.333333333334,4540.5,0.3909393565422036,False,None,69360.0,True
2024-03,10-15万,轿车,其他能源,现代,索纳塔,2023-11,182.33333333333334,207.0,1.1352833638025595,False,None,8273.0,False
2024-03,10-15万,轿车,其他能源,雪铁龙,C5,2023-12,2172.6666666666665,3050.0,1.4038048481129182,False,None,15416.0,False
2024-03,10-15万,轿车,其他能源,领克,领克02,2023-11,2.5,0.0,0.0,False,None,0.0,False
2024-03,10-15万,轿车,新能源,丰田,bZ3,2023-08,3299.3333333333335,1791.6666666666667,0.5430389977773288,True,None,45495.0,False
2024-03,10-15万,轿车,新能源,丰田,卡罗拉,2023-08,49.0,0.0,0.0,False,None,0.0,False
2024-03,10-15万,轿车,新能源,丰田,雷凌,2023-06,2.3333333333333335,0.0,0.0,False,None,0.0,False
2024-03,10-15万,轿车,新能源,五菱,星光,2023-12,9150.0,0.0,0.0,False,None,17869.0,False
2024-03,10-15万,轿车,新能源,吉利,几何G6,2024-02,1024.0,1024.0,1.0,False,None,760.0,False
2024-03,10-15万,轿车,新能源,吉利,银河L6,2023-09,2700.6666666666665,2975.5,1.1017649962972107,True,Candidate,48525.0,False
2024-03,10-15万,轿车,新能源,启源,A05,2023-10,1613.6666666666667,0.0,0.0,False,None,0.0,False
2024-03,10-15万,轿车,新能源,启源,A07,2024-03,1159.3333333333333,1159.3333333333333,1.0,True,None,55003.0,True
2024-03,10-15万,轿车,新能源,奇瑞,风云A8,2024-01,952.6666666666666,890.0,0.9342197340797761,False,None,30011.0,False
2024-03,10-15万,轿车,新能源,宝骏,云朵,2023-08,1664.6666666666667,352.0,0.21145374449339205,False,None,12638.0,False
2024-03,10-15万,轿车,新能源,广汽传祺,绎乐,2023-07,1.0,1.0,1.0,False,None,0.0,False
2024-03,10-15万,轿车,新能源,欧拉,芭蕾猫,2023-07,47.0,0.0,0.0,False,None,607.0,False
2024-03,10-15万,轿车,新能源,荣威,D7,2023-11,1804.0,1146.25,0.6353935698447893,True,None,32697.0,False
2024-03,10-15万,轿车,新能源,钇为,钇为3,2023-06,1020.0,404.0,0.396078431372549,False,None,0.0,False
2024-03,10-15万,轿车,新能源,零跑,零跑C01,2023-12,518.3333333333334,424.3333333333333,0.8186495176848874,False,None,20066.0,False
2024-03,15-20万,MPV,其他能源,瑞风,瑞风RF8,2024-02,14.666666666666666,14.666666666666666,1.0,False,None,757.0,False
2024-03,15-20万,MPV,其他能源,荣威,iMAX8,2023-11,340.3333333333333,124.5,0.3658178256611166,False,None,1944.0,False
2024-03,15-20万,MPV,其他能源,迈克萨斯,G70,2023-11,92.33333333333333,49.0,0.5306859205776173,False,None,698.0,False
2024-03,15-20万,MPV,新能源,五菱,五菱征程,2023-09,22.333333333333332,3.5,0.15671641791044777,True,None,8.0,False
2024-03,15-20万,MPV,新能源,极狐,考拉,2023-10,1113.0,0.0,0.0,False,None,0.0,False
2024-03,15-20万,SUV,其他能源,DS,DS 7,2023-12,21.0,0.0,0.0,False,None,88.0,False
2024-03,15-20万,SUV,其他能源,东风风度,帕拉丁,2023-10,72.33333333333333,86.75,1.1993087557603688,False,None,2348.0,False
2024-03,15-20万,SUV,其他能源,丰田,凌放,2023-06,1294.6666666666667,498.0,0.3846549948506694,False,None,7260.0,False
2024-03,15-20万,SUV,其他能源,丰田,威飒,2023-05,629.0,499.5,0.7941176470588235,False,None,9831.0,False
2024-03,15-20万,SUV,其他能源,五十铃,MU-X,2023-10,4.333333333333333,1.5,0.3461538461538462,False,None,0.0,False
2024-03,15-20万,SUV,其他能源,哈弗,哈弗H5,2023-08,403.3333333333333,0.0,0.0,False,None,0.0,False
2024-03,15-20万,SUV,其他能源,大众,探歌,2023-05,2066.0,0.0,0.0,False,None,0.0,False
2024-03,15-20万,SUV,其他能源,奇瑞,瑞虎9,2023-05,2387.6666666666665,1337.75,0.5602750244311043,False,None,43680.0,False
2024-03,15-20万,SUV,其他能源,宝马,X2,2023-07,1073.6666666666667,140.0,0.13039428748835766,False,None,86.0,False
2024-03,15-20万,SUV,其他能源,捷途,旅行者,2023-09,1114.6666666666667,3197.0,2.868122009569378,False,Candidate,35230.0,False
2024-03,15-20万,SUV,其他能源,斯巴鲁,旭豹,2024-02,40.333333333333336,40.333333333333336,1.0,False,None,433.0,False
2024-03,15-20万,SUV,其他能源,本田,HR-V,2023-04,478.0,382.0,0.799163179916318,False,None,2100.0,False
2024-03,15-20万,SUV,其他能源,现代,胜达,2023-05,132.66666666666666,26.25,0.1978643216080402,False,None,511.0,False
2024-03,15-20万,SUV,其他能源,福特,EVOS,2023-11,181.33333333333334,162.0,0.8933823529411764,False,None,313.0,False
2024-03,15-20万,SUV,其他能源,红旗,HS3,2023-07,817.3333333333334,0.0,0.0,False,None,0.0,False
2024-03,15-20万,SUV,其他能源,荣威,RX9,2023-08,48.0,5.75,0.11979166666666667,False,None,1982.0,False
2024-03,15-20万,SUV,其他能源,雪佛兰,开拓者,2023-11,260.0,61.5,0.23653846153846153,False,None,871.0,False
2024-03,15-20万,SUV,其他能源,马自达,CX-50行也,2023-05,1212.3333333333333,495.5,0.4087159747044268,False,None,6434.0,False
2024-03,15-20万,SUV,新能源,丰田,铂智4X,2023-06,690.0,0.0,0.0,False,None,4493.0,False
2024-03,15-20万,SUV,新能源,别克,别克E4,2023-12,56.666666666666664,52.0,0.9176470588235295,False,None,2050.0,False
2024-03,15-20万,SUV,新能源,别克,别克E5,2023-12,1314.3333333333333,261.8,0.19918843520162316,True,None,22577.0,False
2024-03,15-20万,SUV,新能源,吉利,银河L7,2023-06,6497.333333333333,0.0,0.0,False,None,0.0,False
2024-03,15-20万,SUV,新能源,哈弗,哈弗枭龙MAX,2023-05,2867.0,638.5,0.22270666201604464,True,None,675.0,False
2024-03,15-20万,SUV,新能源,哈弗,哈弗猛龙,2023-10,4172.333333333333,1600.6666666666667,0.3836382519773109,True,None,68851.0,True
2024-03,15-20万,SUV,新能源,大众,ID.4 CROZZ,2023-04,1471.0,718.5,0.48844323589394967,True,None,11687.0,False
2024-03,15-20万,SUV,新能源,大众,探岳,2023-06,560.0,59.5,0.10625,False,None,1270.0,False
2024-03,15-20万,SUV,新能源,大众,途观,2024-03,101.0,101.0,1.0,False,None,0.0,False
2024-03,15-20万,SUV,新能源,奇瑞,舒享家,2023-09,798.0,0.0,0.0,False,None,0.0,False
2024-03,15-20万,SUV,新能源,奔腾,奔腾E01,2023-11,1.0,1.0,1.0,False,None,0.0,False
2024-03,15-20万,SUV,新能源,捷途,山海L9,2023-11,401.6666666666667,604.5,1.5049792531120332,True,None,10374.0,False
2024-03,15-20万,SUV,新能源,日产,艾睿雅,2023-12,234.0,134.25,0.5737179487179487,False,None,1372.0,False
2024-03,15-20万,SUV,新能源,星途,星途瑶光,2024-03,637.0,637.0,1.0,False,None,12833.0,False
2024-03,15-20万,SUV,新能源,本田,CR-V,2024-03,398.0,398.0,1.0,False,None,2715.0,False
2024-03,15-20万,SUV,新能源,极氪,极氪X,2023-11,1151.0,137.75,0.11967854039965248,False,None,9005.0,False
2024-03,15-20万,SUV,新能源,极狐,阿尔法T5,2023-12,206.33333333333334,732.5,3.5500807754442647,True,None,10704.0,False
2024-03,15-20万,SUV,新能源,比亚迪,唐,2024-02,5540.5,5540.5,1.0,True,Candidate,120382.0,True
2024-03,15-20万,SUV,新能源,比亚迪,护卫舰07,2024-03,1157.0,1157.0,1.0,True,None,8405.0,False
2024-03,15-20万,SUV,新能源,深蓝,S7,2023-06,2650.3333333333335,2144.0,0.8089548484467363,True,Candidate,11137.0,False
2024-03,15-20万,SUV,新能源,起亚,EV5,2023-11,314.3333333333333,156.66666666666666,0.4984093319194062,False,None,4768.0,False
2024-03,15-20万,SUV,新能源,零跑,零跑C10,2024-03,1566.0,1566.0,1.0,True,None,1211.0,False
2024-03,15-20万,SUV,新能源,领克,领克05,2024-01,3.3333333333333335,2.5,0.75,False,None,5.0,False
2024-03,15-20万,SUV,新能源,飞凡,R7,2023-11,911.3333333333334,200.5,0.2200073152889539,True,None,2992.0,False
2024-03,15-20万,跑车,新能源,哪吒,哪吒GT,2024-02,11.333333333333334,10.75,0.9485294117647058,True,None,106.0,False
2024-03,15-20万,轿车,其他能源,标致,408,2023-04,355.6666666666667,824.0,2.3167760074976567,False,None,263.0,False
2024-03,15-20万,轿车,其他能源,红旗,H6,2023-08,1066.3333333333333,749.5,0.7028758987183495,False,None,14438.0,False
2024-03,15-20万,轿车,其他能源,英菲尼迪,Q50L,2023-06,309.6666666666667,2.0,0.006458557588805166,False,None,5.0,False
2024-03,15-20万,轿车,新能源,东风奕派,eπ007,2024-03,515.5,515.5,1.0,True,None,1.0,False
2024-03,15-20万,轿车,新能源,丰田,bZ3,2023-04,2085.3333333333335,0.0,0.0,False,None,0.0,False
2024-03,15-20万,轿车,新能源,吉利,银河E8,2024-01,1898.6666666666667,1569.5,0.8266327247191011,True,None,20483.0,False
2024-03,15-20万,轿车,新能源,启源,A07,2023-09,854.0,859.0,1.005854800936768,True,None,4374.0,False
2024-03,15-20万,轿车,新能源,哪吒,哪吒S,2023-06,279.6666666666667,372.0,1.3301549463647198,True,None,1547.0,False
2024-03,15-20万,轿车,新能源,大众,帕萨特,2023-07,992.6666666666666,454.0,0.4573539288112828,True,None,5722.0,False
2024-03,15-20万,轿车,新能源,本田,英仕派,2024-01,87.0,66.0,0.7586206896551724,False,None,1004.0,False
2024-03,15-20万,轿车,新能源,比亚迪,汉,2023-12,6255.0,3544.3333333333335,0.5666400213162803,True,Candidate,227191.0,True
2024-03,15-20万,轿车,新能源,比亚迪,海豹,2023-10,6284.333333333333,1160.4285714285713,0.18465420433277008,True,None,45866.0,False
2024-03,15-20万,轿车,新能源,荣威,D7,2023-11,427.0,0.0,0.0,False,None,0.0,False
2024-03,15-20万,轿车,新能源,钇为,爱跑,2024-02,55.0,55.0,1.0,False,None,733.0,False
2024-03,20-25万,MPV,其他能源,奔腾,奔腾M9,2023-04,49.666666666666664,73.0,1.4697986577181208,False,None,438.0,False
2024-03,20-25万,MPV,其他能源,瑞风,瑞风RF8,2024-03,44.0,44.0,1.0,False,None,0.0,False
2024-03,20-25万,MPV,新能源,广汽传祺,E8,2023-11,2770.6666666666665,1616.5,0.5834335899903754,True,None,29216.0,False
2024-03,20-25万,MPV,新能源,瑞风,瑞风RF8,2024-01,88.33333333333333,118.5,1.3415094339622642,True,None,2020.0,False
2024-03,20-25万,MPV,新能源,迈克萨斯,G50,2023-08,96.33333333333333,21.25,0.22058823529411767,True,None,502.0,False
2024-03,20-25万,SUV,其他能源,凯迪拉克,GT4,2023-05,219.0,145.0,0.6621004566210046,False,None,179.0,False
2024-03,20-25万,SUV,其他能源,凯迪拉克,XT5,2024-01,1300.0,761.75,0.5859615384615384,False,None,10434.0,False
2024-03,20-25万,SUV,其他能源,别克,昂科旗,2023-09,494.6666666666667,148.0,0.2991913746630728,False,None,1889.0,False
2024-03,20-25万,SUV,其他能源,奔驰,GLB级,2024-02,1047.5,1047.5,1.0,False,None,24015.0,False
2024-03,20-25万,SUV,其他能源,斯巴鲁,旭豹,2023-06,117.33333333333333,0.0,0.0,False,None,0.0,False
2024-03,20-25万,SUV,其他能源,红旗,HS7,2023-05,334.6666666666667,0.0,0.0,False,None,333.0,False
2024-03,20-25万,SUV,其他能源,迈克萨斯,领地,2023-10,13.0,8.0,0.6153846153846154,False,None,283.0,False
2024-03,20-25万,SUV,其他能源,领克,领克09,2024-01,105.66666666666667,77.5,0.7334384858044164,False,None,9806.0,False
2024-03,20-25万,SUV,其他能源,马自达,CX-50行也,2023-11,26.333333333333332,11.5,0.43670886075949367,False,None,156.0,False
2024-03,20-25万,SUV,新能源,smart,精灵#3,2023-06,1056.0,217.0,0.20549242424242425,True,None,2100.0,False
2024-03,20-25万,SUV,新能源,别克,别克E4,2023-06,253.0,0.0,0.0,False,None,0.0,False
2024-03,20-25万,SUV,新能源,别克,别克E5,2023-04,1367.0,0.0,0.0,False,None,0.0,False
2024-03,20-25万,SUV,新能源,埃安,AION LX,2023-10,84.66666666666667,13.6,0.16062992125984252,False,None,573.0,False
2024-03,20-25万,SUV,新能源,大众,ID.6 CROZZ,2023-05,1225.6666666666667,132.25,0.10790046233342399,False,None,3039.0,False
2024-03,20-25万,SUV,新能源,奔驰,EQA,2023-06,295.0,144.66666666666666,0.49039548022598867,False,None,0.0,False
2024-03,20-25万,SUV,新能源,奔驰,EQB,2023-09,188.33333333333334,0.0,0.0,False,None,3480.0,False
2024-03,20-25万,SUV,新能源,奥迪,Q4,2023-07,1325.6666666666667,505.25,0.38112899170228814,True,None,13910.0,False
2024-03,20-25万,SUV,新能源,宝马,iX1,2024-02,233.0,233.0,1.0,False,None,11232.0,False
2024-03,20-25万,SUV,新能源,小鹏,G6,2023-06,240.33333333333334,799.0,3.3245492371705962,True,None,18570.0,False
2024-03,20-25万,SUV,新能源,岚图,岚图FREE,2024-03,1320.0,1320.0,1.0,True,None,13041.0,False
2024-03,20-25万,SUV,新能源,广汽传祺,ES9,2023-11,1984.3333333333333,470.0,0.23685536704182766,True,None,5320.0,False
2024-03,20-25万,SUV,新能源,昊铂,昊铂HT,2023-11,711.0,329.5,0.46343178621659636,False,None,10822.0,False
2024-03,20-25万,SUV,新能源,智己,智己LS6,2023-11,2469.0,501.25,0.20301741595787767,True,None,33953.0,False
2024-03,20-25万,SUV,新能源,极氪,极氪X,2023-06,1013.6666666666666,0.0,0.0,False,None,644.0,False
2024-03,20-25万,SUV,新能源,极狐,阿尔法T,2023-05,231.0,54.333333333333336,0.23520923520923523,False,None,720.0,False
2024-03,20-25万,SUV,新能源,极越,极越01,2023-11,233.33333333333334,154.75,0.6632142857142856,False,None,8904.0,False
2024-03,20-25万,SUV,新能源,林肯,冒险家,2024-03,73.0,73.0,1.0,False,None,0.0,False
2024-03,20-25万,SUV,新能源,比亚迪,宋L,2023-12,837.6666666666666,2204.0,2.631118185435734,True,Candidate,10886.0,False
2024-03,20-25万,SUV,新能源,迈克萨斯,D60,2023-11,1.6666666666666667,3.0,1.7999999999999998,False,None,1.0,False
2024-03,20-25万,SUV,新能源,领克,领克08,2023-09,1569.3333333333333,1881.25,1.1987574341546305,True,None,43889.0,False
2024-03,20-25万,SUV,新能源,飞凡,R7,2023-08,113.66666666666667,0.0,0.0,False,None,0.0,False
2024-03,20-25万,SUV,新能源,魏牌,摩卡,2023-06,335.6666666666667,165.0,0.4915590863952333,False,None,2237.0,False
2024-03,20-25万,跑车,新能源,哪吒,哪吒GT,2023-04,138.66666666666666,0.0,0.0,False,None,0.0,False
2024-03,20-25万,轿车,其他能源,DS,DS 9,2023-10,9.0,3.0,0.3333333333333333,False,None,9.0,False
2024-03,20-25万,轿车,其他能源,奥迪,A4,2023-09,4554.333333333333,3905.0,0.8574251628485692,False,None,100363.0,True
2024-03,20-25万,轿车,其他能源,宝马,2系,2023-10,399.3333333333333,282.0,0.7061769616026712,False,None,6126.0,False
2024-03,20-25万,轿车,其他能源,林肯,林肯Z,2023-04,1408.6666666666667,410.5,0.29141031708471365,False,None,12238.0,False
2024-03,20-25万,轿车,其他能源,红旗,H6,2023-04,699.3333333333334,0.0,0.0,False,None,0.0,False
2024-03,20-25万,轿车,新能源,大众,ID.7 VIZZION,2023-12,824.6666666666666,580.5,0.7039207760711399,True,None,4336.0,False
2024-03,20-25万,轿车,新能源,岚图,岚图追光,2024-03,452.0,452.0,1.0,True,None,3107.0,False
2024-03,20-25万,轿车,新能源,昊铂,昊铂GT,2023-07,691.3333333333334,565.0,0.8172613307618128,True,None,2043.0,False
2024-03,20-25万,轿车,新能源,星途,星纪元ES,2024-02,112.33333333333333,99.75,0.8879821958456974,True,None,2680.0,False
2024-03,20-25万,轿车,新能源,本田,英仕派,2023-07,203.0,0.0,0.0,False,None,0.0,False
2024-03,20-25万,轿车,新能源,本田,雅阁,2023-06,445.3333333333333,437.5,0.9824101796407186,True,None,577.0,False
2024-03,20-25万,轿车,新能源,极氪,极氪007,2024-01,2003.6666666666667,2238.5,1.1172017967060388,True,Candidate,36638.0,False
2024-03,20-25万,轿车,新能源,极狐,阿尔法S,2023-06,394.3333333333333,295.6,0.7496196111580727,True,None,5065.0,False
2024-03,20-25万,轿车,新能源,飞凡,F7,2023-06,714.3333333333334,232.5,0.3254783014465702,True,None,779.0,False
2024-03,25-30万,MPV,其他能源,大众,威然,2023-07,1908.0,787.0,0.41247379454926625,False,None,7939.0,False
2024-03,25-30万,MPV,其他能源,起亚,嘉华,2023-06,204.66666666666666,97.5,0.47638436482084695,False,None,1760.0,False
2024-03,25-30万,MPV,新能源,迈克萨斯,大家7,2023-09,21.666666666666668,39.5,1.823076923076923,True,None,255.0,False
2024-03,25-30万,MPV,新能源,迈克萨斯,大家9,2023-04,185.66666666666666,108.0,0.5816876122082586,True,None,1095.0,False
2024-03,25-30万,SUV,其他能源,丰田,皇冠陆放,2023-10,246.33333333333334,756.1666666666666,3.069688768606224,False,None,53676.0,True
2024-03,25-30万,SUV,其他能源,大众,揽境,2023-08,1741.0,922.6666666666666,0.5299636224392111,False,None,16471.0,False
2024-03,25-30万,SUV,其他能源,宝马,X1,2023-06,608.6666666666666,0.0,0.0,False,None,0.0,False
2024-03,25-30万,SUV,其他能源,日产,探陆,2024-03,324.3333333333333,324.3333333333333,1.0,False,None,4567.0,False
2024-03,25-30万,SUV,其他能源,沃尔沃,XC60,2024-02,2782.3333333333335,2782.3333333333335,1.0,False,None,59774.0,True
2024-03,25-30万,SUV,其他能源,阿尔法·罗密欧,托纳利,2024-03,1.0,1.0,1.0,False,None,8.0,False
2024-03,25-30万,SUV,新能源,AITO,问界M7,2023-08,954.6666666666666,10913.75,11.432000698324023,True,Strong,142785.0,True
2024-03,25-30万,SUV,新能源,坦克,坦克400,2023-09,1885.0,1698.6666666666667,0.9011494252873563,True,None,42848.0,False
2024-03,25-30万,SUV,新能源,奥迪,Q5 e-tron,2023-11,410.3333333333333,249.75,0.6086515028432169,True,None,4125.0,False
2024-03,25-30万,SUV,新能源,宝马,iX1,2023-10,460.0,0.0,0.0,False,None,0.0,False
2024-03,25-30万,SUV,新能源,宝马,iX3,2023-12,3272.0,2763.0,0.844437652811736,True,Candidate,21891.0,False
2024-03,25-30万,SUV,新能源,小鹏,G9,2023-10,2908.0,386.25,0.1328232462173315,True,None,18153.0,False
2024-03,25-30万,SUV,新能源,岚图,岚图FREE,2023-05,196.33333333333334,632.0,3.219015280135823,True,None,0.0,False
2024-03,25-30万,SUV,新能源,广汽传祺,ES9,2023-10,33.0,0.0,0.0,False,None,1348.0,False
2024-03,25-30万,SUV,新能源,捷尼赛思,GV60,2023-10,10.666666666666666,6.0,0.5625,False,None,50.0,False
2024-03,25-30万,SUV,新能源,智己,智己LS6,2023-10,481.5,0.0,0.0,False,None,0.0,False
2024-03,25-30万,SUV,新能源,智己,智己LS7,2024-01,184.66666666666666,92.5,0.5009025270758123,False,None,2189.0,False
2024-03,25-30万,SUV,新能源,理想,理想L7,2024-02,8644.0,8644.0,1.0,True,Candidate,0.0,False
2024-03,25-30万,SUV,新能源,腾势,腾势N7,2024-02,112.0,101.0,0.9017857142857143,False,None,7441.0,False
2024-03,25-30万,SUV,新能源,路虎,发现运动版,2023-04,80.66666666666667,21.0,0.26033057851239666,False,None,39.0,False
2024-03,25-30万,SUV,新能源,路虎,揽胜极光,2023-08,38.333333333333336,18.5,0.4826086956521739,False,None,35.0,False
2024-03,25-30万,SUV,新能源,阿维塔,阿维塔11,2023-12,1002.3333333333334,465.75,0.4646657798470236,True,None,3122.0,False
2024-03,25-30万,SUV,新能源,魏牌,蓝山,2023-10,1316.0,941.5,0.7154255319148937,True,None,45224.0,False
2024-03,25-30万,跑车,其他能源,福特,Mustang,2023-09,81.33333333333333,0.0,0.0,False,None,0.0,False
2024-03,25-30万,轿车,其他能源,DS,DS 4,2023-07,3.0,0.0,0.0,False,None,4.0,False
2024-03,25-30万,轿车,其他能源,凯迪拉克,CT6,2023-04,1163.0,0.0,0.0,False,None,1700.0,False
2024-03,25-30万,轿车,其他能源,大众,Arteon,2023-12,1.0,0.0,0.0,False,None,0.0,False
2024-03,25-30万,轿车,其他能源,捷豹,XFL,2023-08,326.0,237.25,0.727760736196319,False,None,7508.0,False
2024-03,25-30万,轿车,其他能源,现代,伊兰特,2023-12,101.66666666666667,11.5,0.11311475409836065,False,None,260.0,False
2024-03,25-30万,轿车,其他能源,雷克萨斯,ES,2023-04,5508.333333333333,3818.3333333333335,0.6931921331316189,False,None,5809.0,False
2024-03,25-30万,轿车,新能源,DS,DS 9,2023-07,5.0,0.0,0.0,False,None,12.0,False
2024-03,25-30万,轿车,新能源,小米,小米SU7,2024-03,163.0,163.0,1.0,True,None,110999.0,True
2024-03,25-30万,轿车,新能源,岚图,岚图追光,2023-12,644.6666666666666,376.0,0.5832471561530507,True,None,120.0,False
2024-03,25-30万,轿车,新能源,星途,星纪元ES,2023-12,115.0,0.0,0.0,False,None,735.0,False
2024-03,25-30万,轿车,新能源,智界,智界S7,2024-02,335.3333333333333,321.0,0.9572564612326044,True,None,22050.0,False
2024-03,25-30万,轿车,新能源,极氪,极氪007,2023-12,279.0,0.0,0.0,False,None,0.0,False
2024-03,25-30万,轿车,新能源,蔚来,蔚来ET5,2023-06,2033.0,1888.5,0.9289227742252828,True,None,78406.0,True
2024-03,30-35万,MPV,其他能源,丰田,格瑞维亚,2023-07,4382.333333333333,2983.0,0.680687609340534,False,None,4869.0,False
2024-03,30-35万,MPV,其他能源,丰田,赛那,2023-06,6774.0,4812.0,0.7103631532329495,False,None,77713.0,True
2024-03,30-35万,MPV,新能源,岚图,梦想家,2024-03,2435.0,2435.0,1.0,True,Candidate,12758.0,False
2024-03,30-35万,MPV,新能源,广汽传祺,E9,2024-03,1074.0,1074.0,1.0,True,None,7939.0,False
2024-03,30-35万,SUV,其他能源,凯迪拉克,XT6,2023-05,784.0,209.25,0.2669005102040816,False,None,3825.0,False
2024-03,30-35万,SUV,其他能源,坦克,坦克500,2023-04,652.6666666666666,225.0,0.3447395301327886,False,None,3059.0,False
2024-03,30-35万,SUV,其他能源,宝马,X2,2024-03,142.0,142.0,1.0,False,None,208.0,False
2024-03,30-35万,SUV,其他能源,宝马,X3,2023-12,10486.333333333334,7922.5,0.7555071680600146,False,None,98468.0,True
2024-03,30-35万,SUV,其他能源,捷豹,F-pace,2024-03,176.5,176.5,1.0,False,None,1508.0,False
2024-03,30-35万,SUV,其他能源,英菲尼迪,QX55,2023-06,9.666666666666666,8.75,0.9051724137931035,False,None,279.0,False
2024-03,30-35万,SUV,其他能源,阿尔法·罗密欧,托纳利,2023-12,2.6666666666666665,1.0,0.375,False,None,0.0,False
2024-03,30-35万,SUV,新能源,Polestar,Polestar 4,2023-12,40.0,35.75,0.89375,True,None,1686.0,False
2024-03,30-35万,SUV,新能源,凯迪拉克,IQ锐歌,2023-11,345.0,58.25,0.16884057971014493,True,None,811.0,False
2024-03,30-35万,SUV,新能源,坦克,坦克500,2023-06,1422.0,1751.6666666666667,1.2318330989217066,True,None,43866.0,False
2024-03,30-35万,SUV,新能源,奔驰,EQC,2023-10,11.0,0.0,0.0,False,None,0.0,False
2024-03,30-35万,SUV,新能源,奥迪,Q5 e-tron,2023-04,167.33333333333334,0.0,0.0,False,None,0.0,False
2024-03,30-35万,SUV,新能源,宝马,iX1,2023-09,177.0,0.0,0.0,False,None,0.0,False
2024-03,30-35万,SUV,新能源,捷尼赛思,GV60,2023-04,11.666666666666666,0.0,0.0,False,None,0.0,False
2024-03,30-35万,SUV,新能源,方程豹,豹5,2023-11,3350.6666666666665,1824.6666666666667,0.5445682451253482,True,None,7695.0,False
2024-03,30-35万,SUV,新能源,智己,智己LS7,2023-06,834.3333333333334,0.0,0.0,False,None,817.0,False
2024-03,30-35万,SUV,新能源,极石,极石01,2024-03,202.0,202.0,1.0,True,None,2281.0,False
2024-03,30-35万,SUV,新能源,理想,理想L7,2023-04,11513.0,12301.0,1.0684443672370363,True,Candidate,121993.0,True
2024-03,30-35万,SUV,新能源,理想,理想L8,2023-09,12028.333333333334,6554.0,0.5448801441041984,True,Candidate,69686.0,True
2024-03,30-35万,SUV,新能源,腾势,腾势N7,2023-07,650.3333333333334,0.0,0.0,False,None,0.0,False
2024-03,30-35万,SUV,新能源,腾势,腾势N8,2023-08,484.3333333333333,65.0,0.13420509291121818,True,None,129.0,False
2024-03,30-35万,SUV,新能源,蔚来,蔚来EC6,2024-01,1428.3333333333333,1229.0,0.8604434072345392,True,None,27657.0,False
2024-03,30-35万,SUV,新能源,蔚来,蔚来ES6,2023-06,7731.333333333333,3430.5,0.4437138915236699,True,Candidate,74312.0,True
2024-03,30-35万,SUV,新能源,起亚,EV6,2023-11,5.333333333333333,5.0,0.9375,False,None,55.0,False
2024-03,30-35万,SUV,新能源,阿维塔,阿维塔11,2023-04,619.6666666666666,0.0,0.0,False,None,2338.0,False
2024-03,30-35万,SUV,新能源,高合,HiPhi Y,2023-12,157.0,5.666666666666667,0.036093418259023353,False,None,4.0,False
2024-03,30-35万,SUV,新能源,魏牌,蓝山,2023-04,327.6666666666667,0.0,0.0,False,None,0.0,False
2024-03,30-35万,跑车,其他能源,丰田,86,2023-10,1.6666666666666667,0.0,0.0,False,None,0.0,False
2024-03,30-35万,跑车,新能源,MG,Cyberster,2023-11,122.33333333333333,32.75,0.2677111716621253,True,None,440.0,False
2024-03,30-35万,轿车,其他能源,丰田,皇冠,2023-12,59.666666666666664,38.0,0.6368715083798883,False,None,985.0,False
2024-03,30-35万,轿车,其他能源,奔驰,A级AMG,2024-03,164.0,164.0,1.0,False,None,2323.0,False
2024-03,30-35万,轿车,其他能源,沃尔沃,S60,2024-03,2.0,2.0,1.0,False,None,0.0,False
2024-03,30-35万,轿车,新能源,奔驰,C级,2023-06,389.3333333333333,301.0,0.7731164383561644,True,None,1197.0,False
2024-03,30-35万,轿车,新能源,奔驰,EQE,2024-03,732.5,732.5,1.0,True,None,2347.0,False
2024-03,30-35万,轿车,新能源,岚图,岚图追光,2023-05,321.0,9.0,0.028037383177570093,True,None,344.0,False
2024-03,30-35万,轿车,新能源,智己,智己L7,2023-06,91.33333333333333,21.5,0.23540145985401462,True,None,753.0,False
2024-03,30-35万,轿车,新能源,智界,智界S7,2023-12,360.6666666666667,0.0,0.0,False,None,0.0,False
2024-03,30-35万,轿车,新能源,红旗,EH7,2024-03,62.0,62.0,1.0,True,None,0.0,False
2024-03,30-35万,轿车,新能源,阿维塔,阿维塔12,2023-11,491.3333333333333,1117.75,2.274932157394844,True,None,4194.0,False
2024-03,35-40万,MPV,其他能源,红旗,HQ9,2024-01,118.33333333333333,71.5,0.604225352112676,False,None,701.0,False
2024-03,35-40万,MPV,新能源,合创,合创V09,2023-10,276.3333333333333,71.33333333333333,0.25814234016887816,True,None,209.0,False
2024-03,35-40万,MPV,新能源,小鹏,X9,2024-01,1079.3333333333333,1281.0,1.1868437306979618,True,None,15082.0,False
2024-03,35-40万,MPV,新能源,广汽传祺,E9,2023-05,1641.6666666666667,733.0,0.44649746192893397,True,None,3551.0,False
2024-03,35-40万,MPV,新能源,魏牌,高山,2023-10,583.6666666666666,501.0,0.8583666476299258,True,None,1685.0,False
2024-03,35-40万,SUV,其他能源,北京越野,BJ90,2024-01,144.33333333333334,159.5,1.1050808314087759,False,None,482.0,False
2024-03,35-40万,SUV,其他能源,奔驰,AMG GLB,2023-10,239.66666666666666,51.666666666666664,0.21557719054242003,False,None,416.0,False
2024-03,35-40万,SUV,其他能源,奔驰,GLA级 AMG,2023-10,30.333333333333332,22.0,0.7252747252747253,False,None,0.0,False
2024-03,35-40万,SUV,其他能源,现代,帕里斯帝,2023-04,29.666666666666668,12.666666666666666,0.42696629213483145,False,None,41.0,False
2024-03,35-40万,SUV,其他能源,英菲尼迪,QX60,2023-07,136.66666666666666,36.0,0.2634146341463415,False,None,674.0,False
2024-03,35-40万,SUV,新能源,凯迪拉克,IQ锐歌,2023-07,63.666666666666664,0.0,0.0,False,None,0.0,False
2024-03,35-40万,SUV,新能源,奔驰,EQE SUV,2023-12,782.6666666666666,421.5,0.5385434412265758,True,None,511.0,False
2024-03,35-40万,SUV,新能源,奥迪,e-tron,2023-08,149.33333333333334,23.333333333333332,0.15624999999999997,True,None,8.0,False
2024-03,35-40万,SUV,新能源,捷尼赛思,GV70,2024-01,1.0,1.0,1.0,True,None,43.0,False
2024-03,35-40万,SUV,新能源,沃尔沃,XC60,2024-01,335.3333333333333,265.5,0.7917495029821074,True,None,7751.0,False
2024-03,35-40万,SUV,新能源,起亚,EV6,2023-12,3.6666666666666665,2.0,0.5454545454545455,True,None,0.0,False
2024-03,35-40万,SUV,新能源,高合,HiPhi Y,2023-08,834.6666666666666,0.0,0.0,False,None,0.0,False
2024-03,35-40万,轿车,其他能源,丰田,皇冠,2023-08,23.666666666666668,0.0,0.0,False,None,0.0,False
2024-03,35-40万,轿车,其他能源,奥迪,A7L,2023-04,587.0,827.75,1.410136286201022,False,None,21958.0,False
2024-03,35-40万,轿车,其他能源,宝马,5系,2023-08,4578.666666666667,0.0,0.0,False,None,88842.0,True
2024-03,35-40万,轿车,其他能源,沃尔沃,V90,2023-07,98.66666666666667,70.0,0.7094594594594594,False,None,1141.0,False
2024-03,35-40万,轿车,新能源,奔驰,EQE,2023-08,603.3333333333334,341.0,0.5651933701657458,True,None,385.0,False
2024-03,35-40万,轿车,新能源,宝马,i4,2024-01,85.0,49.5,0.5823529411764706,True,None,968.0,False
2024-03,35-40万,轿车,新能源,岚图,岚图追光,2023-04,143.0,0.0,0.0,False,None,0.0,False
2024-03,40-45万,SUV,其他能源,雷克萨斯,RX,2024-03,1167.0,1167.0,1.0,False,None,21958.0,False
2024-03,40-45万,SUV,新能源,奔驰,EQE SUV,2023-09,913.3333333333334,0.0,0.0,False,None,0.0,False
2024-03,40-45万,SUV,新能源,奥迪,e-tron,2023-07,148.0,0.0,0.0,False,None,4.0,False
2024-03,40-45万,SUV,新能源,理想,理想L9,2023-08,11717.666666666666,7780.5,0.663997382869172,True,Candidate,73917.0,True
2024-03,40-45万,SUV,新能源,蔚来,蔚来EC7,2024-01,181.33333333333334,178.0,0.9816176470588235,True,None,874.0,False
2024-03,40-45万,SUV,新能源,蔚来,蔚来ES7,2023-06,400.6666666666667,107.5,0.26830282861896837,True,None,1230.0,False
2024-03,40-45万,SUV,新能源,起亚,EV6,2023-09,27.666666666666668,0.0,0.0,False,None,0.0,False
2024-03,40-45万,SUV,新能源,高合,HiPhi Y,2023-07,106.0,0.0,0.0,False,None,0.0,False
2024-03,40-45万,跑车,其他能源,宝马,Z4,2024-03,78.0,78.0,1.0,False,None,742.0,False
2024-03,40-45万,轿车,其他能源,丰田,皇冠,2023-07,24.0,0.0,0.0,False,None,0.0,False
2024-03,40-45万,轿车,其他能源,本田,思域,2023-04,158.33333333333334,11.333333333333334,0.07157894736842105,False,None,283.0,False
2024-03,40-45万,轿车,新能源,奔驰,EQE,2023-04,731.3333333333334,0.0,0.0,False,None,0.0,False
2024-03,40-45万,轿车,新能源,奔驰,E级,2023-04,991.0,1.0,0.0010090817356205853,True,None,6348.0,False
2024-03,40-45万,轿车,新能源,宝马,i4,2023-07,107.66666666666667,0.0,0.0,False,None,0.0,False
2024-03,40-45万,轿车,新能源,宝马,i5,2024-03,218.0,218.0,1.0,True,None,414.0,False
2024-03,40-45万,轿车,新能源,捷尼赛思,G80,2023-08,9.0,7.0,0.7777777777777778,True,None,32.0,False
2024-03,40-45万,轿车,新能源,蔚来,蔚来ET7,2023-06,489.6666666666667,246.0,0.5023825731790333,True,None,7395.0,False
2024-03,45-50万,MPV,其他能源,奔驰,V级,2023-11,1006.0,603.0,0.5994035785288271,False,None,3441.0,False
2024-03,45-50万,SUV,其他能源,保时捷,Macan,2023-11,1408.3333333333333,486.0,0.34508875739644973,False,None,7866.0,False
2024-03,45-50万,SUV,其他能源,奥迪,Q6,2023-04,326.6666666666667,280.5,0.858673469387755,False,None,1303.0,False
2024-03,45-50万,SUV,新能源,坦克,坦克700,2024-02,447.6666666666667,447.6666666666667,1.0,True,None,6854.0,False
2024-03,45-50万,SUV,新能源,奔驰,EQE SUV,2023-08,593.0,0.0,0.0,False,None,0.0,False
2024-03,45-50万,SUV,新能源,蔚来,蔚来EC7,2023-06,597.6666666666666,0.0,0.0,False,None,2050.0,False
2024-03,45-50万,轿车,新能源,宝马,i5,2024-01,386.0,571.0,1.4792746113989637,True,None,0.0,False
2024-03,5-10万,MPV,其他能源,北汽汽车,王牌M7,2024-01,225.33333333333334,298.6666666666667,1.3254437869822486,False,None,3558.0,False
2024-03,5-10万,MPV,其他能源,鑫源,金海狮,2024-03,248.0,248.0,1.0,False,None,0.0,False
2024-03,5-10万,MPV,其他能源,雪佛兰,沃兰多,2023-10,29.333333333333332,0.0,0.0,False,None,0.0,False
2024-03,5-10万,MPV,新能源,东风风光,风光,2024-01,39.0,25.0,0.6410256410256411,True,None,351.0,False
2024-03,5-10万,SUV,其他能源,MG,MG ONE,2023-06,495.0,162.5,0.3282828282828283,False,None,1753.0,False
2024-03,5-10万,SUV,其他能源,东风风光,风光,2024-01,171.33333333333334,0.0,0.0,False,None,0.0,False
2024-03,5-10万,SUV,其他能源,东风风神,AX7,2023-04,772.3333333333334,156.0,0.20198532585239534,False,None,0.0,False
2024-03,5-10万,SUV,其他能源,东风风神,皓瀚,2023-09,914.3333333333334,487.5,0.533175355450237,False,None,3914.0,False
2024-03,5-10万,SUV,其他能源,五菱,星云,2024-01,345.6666666666667,173.0,0.5004821600771456,False,None,1756.0,False
2024-03,5-10万,SUV,其他能源,北京汽车,魔方,2023-12,664.0,443.5,0.6679216867469879,False,None,3278.0,False
2024-03,5-10万,SUV,其他能源,北京越野,BJ30,2023-10,2.5,0.0,0.0,False,None,1.0,False
2024-03,5-10万,SUV,其他能源,吉利,豪越,2024-02,493.3333333333333,493.3333333333333,1.0,False,None,11071.0,False
2024-03,5-10万,SUV,其他能源,启辰,启辰大V,2023-12,1143.3333333333333,639.0,0.5588921282798834,False,None,5501.0,False
2024-03,5-10万,SUV,其他能源,奇瑞,瑞虎8,2023-10,2772.3333333333335,3067.5,1.1064686786100757,False,None,23593.0,False
2024-03,5-10万,SUV,其他能源,奔腾,奔腾T77,2024-02,132.0,132.0,1.0,False,None,4858.0,False
2024-03,5-10万,SUV,其他能源,奔腾,奔腾T90,2023-12,1178.6666666666667,624.5,0.5298359728506787,False,None,3529.0,False
2024-03,5-10万,SUV,其他能源,日产,劲客,2023-08,901.3333333333334,784.5,0.8703772189349112,False,None,5347.0,False
2024-03,5-10万,SUV,其他能源,本田,缤智,2023-12,4594.0,0.0,0.0,False,None,6498.0,False
2024-03,5-10万,SUV,其他能源,福特,领界,2023-07,160.33333333333334,18.0,0.11226611226611226,False,None,10.0,False
2024-03,5-10万,SUV,其他能源,起亚,KX3,2023-04,898.0,0.0,0.0,False,None,0.0,False
2024-03,5-10万,SUV,其他能源,起亚,赛图斯,2023-12,745.6666666666666,466.0,0.6249441215914171,False,None,5969.0,False
2024-03,5-10万,SUV,其他能源,长安,长安X5,2024-02,3028.6666666666665,3028.6666666666665,1.0,False,None,64793.0,True
2024-03,5-10万,SUV,其他能源,长安,长安X7,2024-02,1335.3333333333333,1335.3333333333333,1.0,False,None,25405.0,False
2024-03,5-10万,SUV,新能源,东风纳米,纳米BOX,2024-01,688.6666666666666,623.5,0.9053727008712489,True,None,0.0,False
2024-03,5-10万,SUV,新能源,云度,云兔,2023-04,103.66666666666667,56.333333333333336,0.5434083601286174,True,None,734.0,False
2024-03,5-10万,SUV,新能源,哪吒,哪吒AYA,2023-08,2678.3333333333335,330.6666666666667,0.12345986309894212,True,None,1341.0,False
2024-03,5-10万,SUV,新能源,宝骏,悦也,2023-05,2047.0,755.5,0.36907669760625306,True,None,14755.0,False
2024-03,5-10万,轿车,其他能源,MG,MG6,2023-09,459.3333333333333,44.0,0.09579100145137881,False,None,966.0,False
2024-03,5-10万,轿车,其他能源,凯翼,轩度,2023-06,94.0,55.0,0.5851063829787234,False,None,169.0,False
2024-03,5-10万,轿车,其他能源,日产,骐达,2023-08,1872.6666666666667,1502.5,0.8023317906728373,False,None,11522.0,False
2024-03,5-10万,轿车,其他能源,标致,408,2023-11,1715.0,1329.0,0.7749271137026239,False,None,18945.0,False
2024-03,5-10万,轿车,其他能源,江淮,江淮A5 PLUS,2023-06,240.0,44.0,0.18333333333333332,False,None,1407.0,False
2024-03,5-10万,轿车,新能源,东风纳米,纳米01,2024-01,652.3333333333334,623.0,0.9550332141032192,True,None,39832.0,False
2024-03,5-10万,轿车,新能源,五菱,星光,2024-02,5570.5,5570.5,1.0,True,Candidate,41012.0,False
2024-03,5-10万,轿车,新能源,别克,微蓝6,2023-11,7809.666666666667,5376.0,0.6883776516283239,True,Candidate,35997.0,False
2024-03,5-10万,轿车,新能源,吉利,帝豪L,2024-01,636.6666666666666,601.5,0.9447643979057592,False,None,5063.0,False
2024-03,5-10万,轿车,新能源,启源,A05,2024-02,3913.5,3913.5,1.0,True,Candidate,30286.0,False
2024-03,5-10万,轿车,新能源,欧尚汽车,奔奔E-Star,2024-03,77.0,77.0,1.0,False,None,485.0,False
2024-03,5-10万,轿车,新能源,比亚迪,海鸥,2023-04,8420.0,13259.666666666666,1.574782264449723,True,Candidate,455309.0,True
2024-03,5-10万,轿车,新能源,比亚迪,秦,2024-01,24484.666666666668,26293.5,1.0738761673972825,True,Candidate,269268.0,True
2024-03,5-10万,轿车,新能源,比亚迪,驱逐舰05,2024-01,10738.666666666666,12875.5,1.1989849764092377,True,Candidate,206851.0,True
2024-03,50-55万,MPV,其他能源,别克,世纪,2023-05,1380.0,913.0,0.6615942028985508,False,None,9380.0,False
2024-03,50-55万,SUV,其他能源,大众,途锐,2023-07,507.0,311.5,0.6143984220907298,False,None,2965.0,False
2024-03,50-55万,SUV,其他能源,奥迪,SQ5,2023-06,77.66666666666667,24.333333333333332,0.31330472103004287,False,None,0.0,False
2024-03,50-55万,SUV,其他能源,宝马,X3,2024-02,15.0,15.0,1.0,False,None,91.0,False
2024-03,50-55万,SUV,其他能源,林肯,飞行家,2023-11,288.6666666666667,178.0,0.6166281755196305,False,None,1474.0,False
2024-03,50-55万,SUV,新能源,AITO,问界M9,2024-02,837.0,1475.8,1.7632019115890083,True,None,146048.0,True
2024-03,50-55万,SUV,新能源,奔驰,EQE SUV,2023-06,417.0,0.0,0.0,False,None,0.0,False
2024-03,50-55万,SUV,新能源,宝马,iX,2024-01,146.66666666666666,132.0,0.9,True,None,1542.0,False
2024-03,50-55万,SUV,新能源,红旗,E-HS9,2024-01,18.0,8.0,0.4444444444444444,True,None,52.0,False
2024-03,50-55万,SUV,新能源,蔚来,蔚来EC7,2023-04,334.0,0.0,0.0,False,None,0.0,False
2024-03,50-55万,SUV,新能源,雷克萨斯,RX,2023-04,279.3333333333333,142.5,0.5101431980906922,True,None,2004.0,False
2024-03,50-55万,跑车,其他能源,丰田,SUPRA,2024-01,12.5,10.0,0.8,False,None,78.0,False
2024-03,50-55万,跑车,其他能源,保时捷,718,2023-07,2.3333333333333335,206.5,88.5,False,None,2869.0,False
2024-03,50-55万,轿车,其他能源,奔驰,CLE,2024-03,8.0,8.0,1.0,False,None,393.0,False
2024-03,50-55万,轿车,其他能源,奥迪,A7,2023-11,285.3333333333333,110.8,0.3883177570093458,False,None,2607.0,False
2024-03,50-55万,轿车,其他能源,宝马,6系,2023-06,597.3333333333334,459.0,0.7684151785714285,False,None,0.0,False
2024-03,50-55万,轿车,新能源,高合,HiPhi Z,2024-01,79.0,0.0,0.0,False,None,2.0,False
2024-03,55-60万,MPV,新能源,理想,理想MEGA,2024-03,3544.0,3544.0,1.0,True,Candidate,0.0,False
2024-03,55-60万,SUV,其他能源,奔驰,AMG GLC,2024-03,75.0,75.0,1.0,False,None,503.0,False
2024-03,55-60万,SUV,其他能源,宝马,X3,2023-08,21.0,0.0,0.0,False,None,0.0,False
2024-03,55-60万,SUV,新能源,宝马,iX,2023-07,344.3333333333333,0.0,0.0,False,None,0.0,False
2024-03,55-60万,SUV,新能源,红旗,E-HS9,2023-05,190.66666666666666,8.5,0.044580419580419584,True,None,73.0,False
2024-03,55-60万,跑车,其他能源,丰田,SUPRA,2023-05,17.666666666666668,5.0,0.2830188679245283,False,None,0.0,False
2024-03,55-60万,轿车,其他能源,奔驰,C级AMG,2024-03,42.0,42.0,1.0,False,None,170.0,False
2024-03,55-60万,轿车,新能源,宝马,i5,2024-03,10.0,10.0,1.0,True,None,138.0,False
2024-03,55-60万,轿车,新能源,高合,HiPhi Z,2023-10,88.33333333333333,8.0,0.09056603773584906,True,None,0.0,False
2024-03,5万以下,轿车,新能源,五菱,五菱NanoEV,2023-10,186.66666666666666,77.0,0.41250000000000003,True,None,211.0,False
2024-03,5万以下,轿车,新能源,吉利,熊猫mini,2023-05,7140.333333333333,7036.0,0.9853881704869054,True,Candidate,125559.0,True
2024-03,5万以下,轿车,新能源,长安,Lumin,2023-05,11941.0,8304.5,0.6954610166652709,True,Candidate,149022.0,True
2024-03,5万以下,轿车,新能源,雷诺江铃,小麒麟,2023-05,198.66666666666666,401.5,2.0209731543624163,True,None,20027.0,False
2024-03,60万以上,MPV,新能源,沃尔沃,EM90,2024-03,247.0,247.0,1.0,True,None,1512.0,False
2024-03,60万以上,SUV,其他能源,奥迪,SQ7,2024-01,45.0,36.0,0.8,False,None,239.0,False
2024-03,60万以上,SUV,其他能源,法拉利,Purosangue,2024-03,4.0,4.0,1.0,False,None,237.0,False
2024-03,60万以上,SUV,其他能源,雷克萨斯,GX,2024-03,3.0,3.0,1.0,False,None,3011.0,False
2024-03,60万以上,SUV,新能源,JEEP,大切诺基,2023-07,1.0,0.0,0.0,False,None,0.0,False
2024-03,60万以上,SUV,新能源,JEEP,牧马人,2023-12,52.333333333333336,14.5,0.2770700636942675,True,None,16.0,False
2024-03,60万以上,SUV,新能源,仰望,U8,2023-10,655.0,916.5,1.3992366412213741,True,None,4156.0,False
2024-03,60万以上,跑车,其他能源,奔驰,SL级AMG,2023-11,3.6666666666666665,1.5,0.4090909090909091,False,None,44.0,False
2024-03,60万以上,跑车,其他能源,玛莎拉蒂,GranTurismo,2024-01,2.0,0.0,0.0,False,None,42.0,False
2024-03,60万以上,跑车,其他能源,福特,Mustang,2024-02,4.0,4.0,1.0,False,None,270.0,False
2024-03,60万以上,跑车,新能源,昊铂,昊铂SSR,2023-11,5.0,2.5,0.5,True,None,42.0,False
2024-03,60万以上,轿车,其他能源,捷尼赛思,G90,2023-09,6.0,3.6666666666666665,0.611111111111111,False,None,47.0,False
2024-03,60万以上,轿车,新能源,奔驰,EQE AMG,2023-05,13.666666666666666,8.0,0.5853658536585367,True,None,122.0,False
2024-03,60万以上,轿车,新能源,奔驰,S级,2023-09,129.66666666666666,24.0,0.18508997429305915,True,None,1103.0,False
2024-03,60万以上,轿车,新能源,宝马,7系,2023-11,1.0,1.0,1.0,True,None,16.0,False
2024-03,60万以上,轿车,新能源,宝马,i5,2024-01,4.0,2.0,0.5,True,None,0.0,False
2024-03,60万以上,轿车,新能源,梅赛德斯-迈巴赫,S级,2023-04,2.0,23.0,11.5,True,None,483.0,False
2024-03,60万以上,轿车,新能源,路特斯,EMEYA,2024-02,59.333333333333336,59.333333333333336,1.0,True,None,813.0,False
2025-03,10-15万,MPV,新能源,五菱,五菱征程,2024-07,3.3333333333333335,0.0,0.0,False,None,0.0,False
2025-03,10-15万,MPV,新能源,瑞风,瑞风M3,2024-11,30.0,66.5,2.216666666666667,True,None,707.0,False
2025-03,10-15万,SUV,其他能源,丰田,RAV4荣放,2024-04,8322.333333333334,6633.25,0.7970420955661472,False,None,156483.0,True
2025-03,10-15万,SUV,其他能源,北京汽车制造厂,勇士,2024-12,2.3333333333333335,2.0,0.8571428571428571,False,None,4.0,False
2025-03,10-15万,SUV,其他能源,奇瑞,瑞虎9,2024-08,2856.3333333333335,0.0,0.0,False,None,30348.0,False
2025-03,10-15万,SUV,其他能源,捷途,旅行者,2024-07,5046.666666666667,0.0,0.0,False,None,25736.0,False
2025-03,10-15万,SUV,其他能源,捷途,自由者,2025-03,2216.5,2216.5,1.0,False,None,46184.0,False
2025-03,10-15万,SUV,其他能源,斯柯达,柯迪亚克,2025-03,27.5,27.5,1.0,False,None,506.0,False
2025-03,10-15万,SUV,其他能源,星途,星途瑶光,2024-07,531.6666666666666,164.5,0.3094043887147336,False,None,3235.0,False
2025-03,10-15万,SUV,其他能源,长安,UNI-Z,2024-08,2449.6666666666665,2023.0,0.8258266430806913,False,None,6394.0,False
2025-03,10-15万,SUV,其他能源,领克,领克01,2024-11,505.3333333333333,211.5,0.41853562005277045,False,None,9884.0,False
2025-03,10-15万,SUV,新能源,MG,MG ES5,2024-11,569.0,553.5,0.9727592267135325,False,None,4112.0,False
2025-03,10-15万,SUV,新能源,iCAR,iCAR V23,2024-12,2028.3333333333333,2131.0,1.0506162695152013,True,Candidate,55920.0,True
2025-03,10-15万,SUV,新能源,东风风神,风神L7,2024-04,683.3333333333334,403.75,0.5908536585365853,False,None,13124.0,False
2025-03,10-15万,SUV,新能源,丰田,铂智3X,2025-03,2518.0,2518.0,1.0,False,None,84054.0,True
2025-03,10-15万,SUV,新能源,五菱,星光S,2024-08,2057.0,1321.0,0.6421973748176957,False,None,12380.0,False
2025-03,10-15万,SUV,新能源,吉利,银河E5,2024-08,13980.0,0.0,0.0,False,None,0.0,False
2025-03,10-15万,SUV,新能源,吉利,银河星舰7,2024-12,16223.5,0.0,0.0,False,None,0.0,False
2025-03,10-15万,SUV,新能源,吉利银河,银河E5,2025-02,7838.5,7838.5,1.0,True,Candidate,93729.0,True
2025-03,10-15万,SUV,新能源,吉利银河,银河L7,2025-02,3491.0,3491.0,1.0,False,None,28032.0,False
2025-03,10-15万,SUV,新能源,吉利银河,银河星舰7,2025-02,7563.0,7563.0,1.0,True,Candidate,81717.0,True
2025-03,10-15万,SUV,新能源,哈弗,哈弗枭龙MAX,2024-05,561.3333333333334,297.0,0.5290973871733966,False,None,17495.0,False
2025-03,10-15万,SUV,新能源,哪吒,哪吒L,2024-04,1101.6666666666667,123.33333333333333,0.11195158850226927,False,None,613.0,False
2025-03,10-15万,SUV,新能源,埃安,AION V,2024-06,4015.6666666666665,3114.5,0.775587283141031,False,None,33520.0,False
2025-03,10-15万,SUV,新能源,大众,ID.4 X,2024-06,994.3333333333334,761.5,0.7658397586322494,False,None,11951.0,False
2025-03,10-15万,SUV,新能源,奇瑞,探索06,2024-07,709.0,0.0,0.0,False,None,0.0,False
2025-03,10-15万,SUV,新能源,奇瑞,风云T6,2024-06,732.6666666666666,145.0,0.19790718835304824,False,None,458.0,False
2025-03,10-15万,SUV,新能源,奇瑞,风云T8,2025-02,938.5,938.5,1.0,False,None,5607.0,False
2025-03,10-15万,SUV,新能源,奇瑞,风云T9,2024-08,7392.0,3863.0,0.5225919913419913,True,Candidate,18745.0,False
2025-03,10-15万,SUV,新能源,奔腾,悦意03,2025-03,262.0,262.0,1.0,False,None,761.0,False
2025-03,10-15万,SUV,新能源,宝骏,云海,2024-09,754.3333333333334,460.0,0.6098099867432611,False,None,11604.0,False
2025-03,10-15万,SUV,新能源,捷途,山海L6,2024-08,657.6666666666666,394.5,0.5998479472883933,False,None,2598.0,False
2025-03,10-15万,SUV,新能源,捷途,山海L7,2024-10,1904.0,1341.5,0.7045693277310925,False,None,33471.0,False
2025-03,10-15万,SUV,新能源,捷途,捷途大圣,2024-09,17.333333333333332,0.0,0.0,False,None,0.0,False
2025-03,10-15万,SUV,新能源,本田,极湃2,2024-10,365.0,159.0,0.43561643835616437,False,None,1997.0,False
2025-03,10-15万,SUV,新能源,极狐,阿尔法T5,2024-08,3914.6666666666665,2795.5,0.7141093324250681,False,None,37972.0,False
2025-03,10-15万,SUV,新能源,比亚迪,宋L,2025-01,10311.333333333334,9911.0,0.9611754057024633,True,Candidate,108406.0,True
2025-03,10-15万,SUV,新能源,比亚迪,海狮05,2024-09,3159.0,2580.0,0.8167141500474834,False,None,117085.0,True
2025-03,10-15万,SUV,新能源,江淮,江淮X8,2024-09,41.666666666666664,16.0,0.384,False,None,300.0,False
2025-03,10-15万,SUV,新能源,深蓝,S05,2024-10,2332.0,3103.0,1.3306174957118353,True,Candidate,97091.0,True
2025-03,10-15万,SUV,新能源,深蓝,S07,2025-02,4005.0,4005.0,1.0,False,None,21053.0,False
2025-03,10-15万,SUV,新能源,红旗,HS3,2024-09,1576.3333333333333,1583.0,1.0042292239374075,False,None,31712.0,False
2025-03,10-15万,SUV,新能源,荣威,D5X,2024-05,517.0,222.0,0.42940038684719534,False,None,2657.0,False
2025-03,10-15万,SUV,新能源,领克,领克Z20,2024-12,3457.3333333333335,3972.5,1.1490069417662938,False,None,26605.0,False
2025-03,10-15万,轿车,其他能源,丰田,凯美瑞,2024-08,3830.3333333333335,2785.0,0.7270907666869724,False,None,50296.0,True
2025-03,10-15万,轿车,其他能源,捷达,捷达VA7,2024-12,260.3333333333333,385.5,1.4807938540332908,False,None,0.0,False
2025-03,10-15万,轿车,其他能源,本田,英仕派,2024-05,3287.0,2368.5,0.7205658655308792,False,None,50369.0,True
2025-03,10-15万,轿车,其他能源,深蓝,SL03,2024-10,2.0,0.0,0.0,False,None,0.0,False
2025-03,10-15万,轿车,新能源,东风奕派,eπ007,2024-04,1735.3333333333333,618.3333333333334,0.3563196311947753,False,None,19701.0,False
2025-03,10-15万,轿车,新能源,东风风行,星海S7,2024-09,1006.0,566.5,0.5631212723658051,False,None,13018.0,False
2025-03,10-15万,轿车,新能源,合创,合创A06,2024-06,207.33333333333334,0.0,0.0,False,None,0.0,False
2025-03,10-15万,轿车,新能源,吉利银河,银河L6,2025-02,5720.5,5720.5,1.0,True,Candidate,0.0,False
2025-03,10-15万,轿车,新能源,哪吒,哪吒S,2024-08,100.33333333333333,2.0,0.01993355481727575,False,None,46.0,False
2025-03,10-15万,轿车,新能源,埃安,AION RT,2024-11,5901.666666666667,4939.0,0.8368822366563118,True,Candidate,50240.0,True
2025-03,10-15万,轿车,新能源,小鹏,MONA M03,2024-08,6851.333333333333,15343.5,2.2394910966235284,True,Candidate,146334.0,True
2025-03,10-15万,轿车,新能源,极狐,阿尔法S5,2024-11,2424.0,1440.0,0.594059405940594,False,None,29544.0,False
2025-03,10-15万,轿车,新能源,比亚迪,海豹06,2024-05,9751.666666666666,6958.333333333333,0.7135532387626047,True,Candidate,203647.0,True
2025-03,10-15万,轿车,新能源,深蓝,L07,2025-01,918.6666666666666,1095.0,1.191944847605225,False,None,20776.0,False
2025-03,10-15万,轿车,新能源,灵悉,灵悉L,2024-09,127.0,65.5,0.515748031496063,False,None,612.0,False
2025-03,10-15万,轿车,新能源,红旗,E-QM5,2024-05,6880.333333333333,4607.0,0.6695896516641636,True,Candidate,45960.0,False
2025-03,10-15万,轿车,新能源,雷诺江铃,羿驰05,2025-02,31.0,31.0,1.0,False,None,0.0,False
2025-03,15-20万,MPV,其他能源,广汽传祺,E8,2024-07,1264.6666666666667,1211.5,0.9579599367422245,False,None,13986.0,False
2025-03,15-20万,MPV,新能源,大运汽车,远志M1,2024-06,124.33333333333333,0.0,0.0,False,None,0.0,False
2025-03,15-20万,MPV,新能源,瑞风,瑞风M4,2024-04,5.0,10.5,2.1,True,None,153.0,False
2025-03,15-20万,SUV,其他能源,凯迪拉克,GT4,2024-05,103.33333333333333,153.0,1.4806451612903226,False,None,2380.0,False
2025-03,15-20万,SUV,其他能源,凯迪拉克,XT4,2024-08,568.0,276.6666666666667,0.4870892018779343,False,None,10855.0,False
2025-03,15-20万,SUV,其他能源,奥迪,Q3,2024-06,2142.6666666666665,1236.75,0.5772013067828252,False,None,32760.0,False
2025-03,15-20万,SUV,其他能源,捷豹,E-pace,2024-04,86.0,16.75,0.19476744186046513,False,None,299.0,False
2025-03,15-20万,SUV,新能源,MINI,MINI ACEMAN,2024-10,621.3333333333334,290.0,0.4667381974248927,False,None,2611.0,False
2025-03,15-20万,SUV,新能源,smart,精灵#1,2024-04,1183.3333333333333,1050.3333333333333,0.8876056338028169,True,None,18499.0,False
2025-03,15-20万,SUV,新能源,smart,精灵#3,2024-07,350.3333333333333,194.75,0.5558991436726927,False,None,3725.0,False
2025-03,15-20万,SUV,新能源,东风奕派,eπ008,2024-06,1010.6666666666666,897.75,0.8882750659630607,True,None,22915.0,False
2025-03,15-20万,SUV,新能源,东风风神,SKY EV01,2024-07,1306.0,1795.0,1.374425727411945,True,None,27974.0,False
2025-03,15-20万,SUV,新能源,哪吒,哪吒L,2024-06,2462.6666666666665,6.0,0.0024363833243096914,False,None,0.0,False
2025-03,15-20万,SUV,新能源,大众,ID.与众,2024-11,443.3333333333333,306.25,0.6907894736842105,False,None,0.0,False
2025-03,15-20万,SUV,新能源,奇瑞,瑞虎9,2024-09,932.6666666666666,839.5,0.900107219442459,False,None,5747.0,False
2025-03,15-20万,SUV,新能源,奇瑞,风云T10,2024-07,592.6666666666666,144.75,0.24423509561304838,False,None,817.0,False
2025-03,15-20万,SUV,新能源,奇瑞,风云T9,2024-05,4034.6666666666665,0.0,0.0,False,None,0.0,False
2025-03,15-20万,SUV,新能源,奔驰,EQA,2024-04,489.0,127.0,0.25971370143149286,False,None,1374.0,False
2025-03,15-20万,SUV,新能源,宝马,iX1,2025-01,297.6666666666667,537.75,1.8065509518477043,False,None,11219.0,False
2025-03,15-20万,SUV,新能源,小鹏,G6,2024-09,2909.0,2445.5,0.840666895840495,True,Candidate,43959.0,False
2025-03,15-20万,SUV,新能源,岚图,岚图知音,2024-10,648.3333333333334,241.25,0.37210796915167094,False,None,9195.0,False
2025-03,15-20万,SUV,新能源,捷途,山海T1,2024-10,1757.3333333333333,1259.0,0.7164264036418817,False,None,20546.0,False
2025-03,15-20万,SUV,新能源,捷途,山海T2,2024-04,2955.0,1173.25,0.39703891708967853,True,None,11586.0,False
2025-03,15-20万,SUV,新能源,本田,e:NS2猎光,2024-07,133.33333333333334,23.0,0.1725,False,None,288.0,False
2025-03,15-20万,SUV,新能源,本田,极湃2,2024-05,249.33333333333334,0.0,0.0,False,None,0.0,False
2025-03,15-20万,SUV,新能源,极狐,阿尔法T,2024-09,259.6666666666667,10.5,0.04043645699614891,False,None,849.0,False
2025-03,15-20万,SUV,新能源,比亚迪,宋L,2024-07,1289.0,972.5,0.7544608223429015,True,None,19535.0,False
2025-03,15-20万,SUV,新能源,比亚迪,海狮07,2024-10,2155.6666666666665,1185.5,0.5499458790783981,True,None,22954.0,False
2025-03,15-20万,SUV,新能源,深蓝,G318,2025-02,258.0,452.0,1.751937984496124,False,None,7769.0,False
2025-03,15-20万,SUV,新能源,深蓝,S07,2024-06,3971.3333333333335,1104.5,0.27811818029209334,False,None,28233.0,False
2025-03,15-20万,SUV,新能源,福特,Mustang,2024-07,81.66666666666667,5.5,0.0673469387755102,False,None,0.0,False
2025-03,15-20万,SUV,新能源,福特,领睿,2024-11,53.666666666666664,61.0,1.1366459627329193,False,None,731.0,False
2025-03,15-20万,SUV,新能源,雪佛兰,探界者,2024-04,101.0,78.0,0.7722772277227723,False,None,410.0,False
2025-03,15-20万,SUV,新能源,零跑,零跑C16,2024-06,648.3333333333334,2076.5,3.2028277634961437,True,Strong,62332.0,True
2025-03,15-20万,SUV,新能源,领克,领克08,2024-11,2604.3333333333335,1465.5,0.5627159861768847,True,None,47392.0,False
2025-03,15-20万,SUV,新能源,魏牌,摩卡,2025-01,82.66666666666667,108.75,1.315524193548387,False,None,1410.0,False
2025-03,15-20万,轿车,其他能源,DS,DS 4,2024-06,25.666666666666668,0.0,0.0,False,None,0.0,False
2025-03,15-20万,轿车,其他能源,DS,DS 9,2024-06,3.0,0.0,0.0,False,None,0.0,False
2025-03,15-20万,轿车,其他能源,大众,CC,2024-11,2417.6666666666665,1304.5,0.5395698331724804,False,None,14511.0,False
2025-03,15-20万,轿车,其他能源,捷豹,XEL,2024-08,904.3333333333334,236.0,0.26096572060449685,False,None,5792.0,False
2025-03,15-20万,轿车,新能源,MINI,MINI COOPER,2024-10,1554.6666666666667,779.0,0.5010720411663807,True,None,11412.0,False
2025-03,15-20万,轿车,新能源,吉利银河,银河E8,2025-02,217.0,631.5,2.910138248847926,True,None,11104.0,False
2025-03,15-20万,轿车,新能源,小鹏,P7+,2024-11,8533.333333333334,8173.5,0.9578320312499999,True,Candidate,58985.0,True
2025-03,15-20万,轿车,新能源,昊铂,昊铂GT,2024-04,423.3333333333333,542.0,1.2803149606299213,True,None,77.0,False
2025-03,15-20万,轿车,新能源,星途,星纪元ES,2025-03,845.0,845.0,1.0,True,None,9761.0,False
2025-03,15-20万,轿车,新能源,本田,雅阁,2024-05,643.0,413.0,0.6423017107309487,True,None,3503.0,False
2025-03,15-20万,轿车,新能源,极狐,阿尔法S,2024-09,204.66666666666666,0.0,0.0,False,None,390.0,False
2025-03,15-20万,轿车,新能源,极狐,阿尔法S5,2024-06,423.6666666666667,0.0,0.0,False,None,0.0,False
2025-03,15-20万,轿车,新能源,比亚迪,海豹07,2024-08,4279.333333333333,2115.0,0.49423586228384486,True,Candidate,6966.0,False
2025-03,15-20万,轿车,新能源,深蓝,L07,2024-09,771.3333333333334,0.0,0.0,False,None,0.0,False
2025-03,15-20万,轿车,新能源,红旗,EH7,2024-08,215.0,83.75,0.38953488372093026,False,None,1626.0,False
2025-03,15-20万,轿车,新能源,红旗,天工05,2025-02,185.5,185.5,1.0,False,None,3062.0,False
2025-03,15-20万,轿车,新能源,领克,领克07,2024-05,3843.3333333333335,1762.5,0.4585862966175195,True,None,5727.0,False
2025-03,15-20万,轿车,新能源,飞凡,F7,2024-05,237.33333333333334,261.3333333333333,1.1011235955056178,True,None,1847.0,False
2025-03,15-20万,轿车,新能源,马自达,EZ-6,2024-10,163.0,331.5,2.0337423312883436,True,None,4775.0,False
2025-03,20-25万,MPV,其他能源,别克,GL8,2024-10,4559.0,0.0,0.0,False,None,0.0,False
2025-03,20-25万,MPV,其他能源,大众,威然,2024-12,1420.0,0.0,0.0,False,None,3680.0,False
2025-03,20-25万,MPV,其他能源,海马,7X,2024-08,25.0,0.0,0.0,False,None,0.0,False
2025-03,20-25万,MPV,新能源,东风风行,星海V9,2024-06,576.0,224.0,0.3888888888888889,True,None,3961.0,False
2025-03,20-25万,MPV,新能源,荣威,iMAX8,2024-11,335.6666666666667,184.5,0.5496524329692155,True,None,1902.0,False
2025-03,20-25万,MPV,新能源,迈克萨斯,大家7,2024-06,45.666666666666664,14.0,0.30656934306569344,True,None,999.0,False
2025-03,20-25万,SUV,其他能源,丰田,汉兰达,2025-03,2313.5,2313.5,1.0,False,None,66272.0,True
2025-03,20-25万,SUV,其他能源,丰田,皇冠陆放,2024-10,349.0,311.0,0.8911174785100286,False,None,3199.0,False
2025-03,20-25万,SUV,其他能源,坦克,坦克400,2025-02,213.66666666666666,213.66666666666666,1.0,False,None,7099.0,False
2025-03,20-25万,SUV,其他能源,大众,揽巡,2024-07,925.6666666666666,1016.0,1.0975873244508463,False,None,22909.0,False
2025-03,20-25万,SUV,其他能源,日产,探陆,2024-08,466.3333333333333,260.75,0.5591493924231594,False,None,5991.0,False
2025-03,20-25万,SUV,其他能源,英菲尼迪,QX50,2024-06,21.333333333333332,10.5,0.4921875,False,None,473.0,False
2025-03,20-25万,SUV,其他能源,路虎,揽胜极光,2024-07,866.0,568.5,0.6564665127020786,False,None,7708.0,False
2025-03,20-25万,SUV,其他能源,阿尔法·罗密欧,托纳利,2024-12,11.0,11.5,1.0454545454545454,False,None,62.0,False
2025-03,20-25万,SUV,新能源,AITO,问界M5,2025-03,504.5,504.5,1.0,True,None,35520.0,False
2025-03,20-25万,SUV,新能源,MINI,MINI ACEMAN,2024-08,126.5,0.0,0.0,False,None,0.0,False
2025-03,20-25万,SUV,新能源,smart,精灵#5,2025-03,171.0,171.0,1.0,False,None,3748.0,False
2025-03,20-25万,SUV,新能源,丰田,威兰达,2024-04,23.0,3.0,0.13043478260869565,False,None,8.0,False
2025-03,20-25万,SUV,新能源,乐道,乐道L60,2024-09,636.0,2396.75,3.7684748427672954,True,Strong,4566.0,False
2025-03,20-25万,SUV,新能源,凯迪拉克,IQ傲歌,2024-04,163.33333333333334,20.0,0.12244897959183673,False,None,358.0,False
2025-03,20-25万,SUV,新能源,启源,E07,2025-01,54.666666666666664,19.25,0.35213414634146345,False,None,61.0,False
2025-03,20-25万,SUV,新能源,坦克,坦克300,2025-03,1474.0,1474.0,1.0,True,None,27900.0,False
2025-03,20-25万,SUV,新能源,大众,ID.与众,2024-07,84.0,0.0,0.0,False,None,0.0,False
2025-03,20-25万,SUV,新能源,奥迪,Q5 e-tron,2025-01,132.66666666666666,242.5,1.827889447236181,False,None,1588.0,False
2025-03,20-25万,SUV,新能源,小鹏,G9,2025-01,372.6666666666667,769.0,2.0635062611806796,True,None,4181.0,False
2025-03,20-25万,SUV,新能源,岚图,岚图知音,2024-11,656.5,0.0,0.0,False,None,9353.0,False
2025-03,20-25万,SUV,新能源,方程豹,豹5,2025-02,4185.0,4185.0,1.0,True,Candidate,29940.0,False
2025-03,20-25万,SUV,新能源,星途,星纪元ET,2024-05,1440.3333333333333,251.375,0.17452557278407776,True,None,9531.0,False
2025-03,20-25万,SUV,新能源,星途,星途揽月,2025-03,230.0,230.0,1.0,False,None,2932.0,False
2025-03,20-25万,SUV,新能源,极氪,极氪7X,2024-10,4170.333333333333,2619.75,0.628187195268164,True,Candidate,61521.0,True
2025-03,20-25万,SUV,新能源,比亚迪,海狮07,2024-05,1951.6666666666667,0.0,0.0,False,None,0.0,False
2025-03,20-25万,SUV,新能源,沃尔沃,EX30,2024-05,142.66666666666666,60.75,0.4258177570093458,False,None,1008.0,False
2025-03,20-25万,SUV,新能源,深蓝,G318,2024-06,1518.3333333333333,0.0,0.0,False,None,405.0,False
2025-03,20-25万,SUV,新能源,特斯拉,MODEL Y,2024-11,17476.0,0.0,0.0,False,None,0.0,False
2025-03,20-25万,SUV,新能源,理想,理想L6,2025-02,15047.5,15047.5,1.0,True,Candidate,139293.0,True
2025-03,20-25万,SUV,新能源,福特,领裕,2024-11,69.0,40.0,0.5797101449275363,False,None,0.0,False
2025-03,20-25万,SUV,新能源,阿维塔,阿维塔07,2024-09,286.0,1015.25,3.549825174825175,True,None,43087.0,False
2025-03,20-25万,轿车,其他能源,DS,DS 4,2024-05,19.0,0.0,0.0,False,None,0.0,False
2025-03,20-25万,轿车,其他能源,奔驰,CLA级,2024-12,288.3333333333333,186.5,0.646820809248555,False,None,2807.0,False
2025-03,20-25万,轿车,其他能源,雷克萨斯,ES,2024-04,4431.0,6642.5,1.4990972692394493,False,None,92868.0,True
2025-03,20-25万,轿车,新能源,MINI,MINI COOPER,2024-07,369.6666666666667,0.0,0.0,False,None,0.0,False
2025-03,20-25万,轿车,新能源,小米,小米SU7,2024-12,10829.333333333334,13254.5,1.2239442255602069,True,Candidate,149125.0,True
2025-03,20-25万,轿车,新能源,智己,智己L6,2024-05,1680.3333333333333,685.5,0.4079547708787939,True,None,16892.0,False
2025-03,20-25万,轿车,新能源,极越,极越07,2024-09,304.0,0.0,0.0,False,None,0.0,False
2025-03,20-25万,轿车,新能源,红旗,EH7,2024-06,298.3333333333333,0.0,0.0,False,None,344.0,False
2025-03,20-25万,轿车,新能源,领克,领克Z10,2024-09,547.0,238.5,0.4360146252285192,True,None,1458.0,False
2025-03,25-30万,MPV,其他能源,丰田,格瑞维亚,2024-04,4854.333333333333,2384.5,0.4912106022110829,False,None,64341.0,True
2025-03,25-30万,MPV,其他能源,丰田,赛那,2025-02,3104.0,3240.0,1.0438144329896908,False,None,92856.0,True
2025-03,25-30万,MPV,新能源,极氪,极氪MIX,2024-10,543.6666666666666,130.5,0.24003678724708769,True,None,976.0,False
2025-03,25-30万,MPV,新能源,比亚迪,夏,2025-01,2831.6666666666665,2853.5,1.0077104178928782,True,Candidate,11832.0,False
2025-03,25-30万,SUV,其他能源,奥迪,Q5,2024-09,13684.0,9452.5,0.6907702426191172,False,None,130925.0,True
2025-03,25-30万,SUV,其他能源,宝马,X2,2024-05,141.0,0.0,0.0,False,None,0.0,False
2025-03,25-30万,SUV,其他能源,林肯,航海家,2024-06,883.3333333333334,770.5,0.8722641509433962,False,None,10736.0,False
2025-03,25-30万,SUV,新能源,Polestar,Polestar 4,2024-12,31.666666666666668,6.0,0.18947368421052632,False,None,61.0,False
2025-03,25-30万,SUV,新能源,smart,精灵#5,2024-10,132.33333333333334,107.0,0.8085642317380352,True,None,0.0,False
2025-03,25-30万,SUV,新能源,凯迪拉克,IQ锐歌,2024-11,22.666666666666668,32.5,1.4338235294117647,False,None,734.0,False
2025-03,25-30万,SUV,新能源,北京越野,BJ60,2024-08,271.6666666666667,157.5,0.5797546012269938,False,None,1390.0,False
2025-03,25-30万,SUV,新能源,启源,E07,2024-10,25.333333333333332,18.25,0.7203947368421053,False,None,542.0,False
2025-03,25-30万,SUV,新能源,坦克,坦克300,2024-04,521.6666666666666,1.0,0.0019169329073482429,False,None,0.0,False
2025-03,25-30万,SUV,新能源,方程豹,豹5,2024-08,5232.333333333333,0.0,0.0,False,None,14395.0,False
2025-03,25-30万,SUV,新能源,星途,星纪元ET,2024-06,530.3333333333334,0.0,0.0,False,None,0.0,False
2025-03,25-30万,SUV,新能源,智界,智界R7,2024-12,1896.3333333333333,3493.5,1.8422394093865355,True,Candidate,57775.0,True
2025-03,25-30万,SUV,新能源,本田,S7,2025-03,184.5,184.5,1.0,True,None,0.0,False
2025-03,25-30万,SUV,新能源,极氪,极氪7X,2024-09,1968.5,0.0,0.0,False,None,0.0,False
2025-03,25-30万,SUV,新能源,理想,理想L6,2024-04,5420.333333333333,0.0,0.0,False,None,0.0,False
2025-03,25-30万,SUV,新能源,红旗,HS7,2024-09,870.6666666666666,454.5,0.5220137825421134,True,None,6678.0,False
2025-03,25-30万,SUV,新能源,红旗,天工08,2025-01,105.0,61.0,0.580952380952381,False,None,0.0,False
2025-03,25-30万,SUV,新能源,腾势,腾势N8,2024-07,38.333333333333336,0.0,0.0,False,None,0.0,False
2025-03,25-30万,SUV,新能源,起亚,EV6,2024-04,6.333333333333333,1.6666666666666667,0.26315789473684215,False,None,22.0,False
2025-03,25-30万,SUV,新能源,雷克萨斯,RZ,2024-09,91.66666666666667,20.25,0.2209090909090909,False,None,110.0,False
2025-03,25-30万,SUV,新能源,领克,领克09,2024-05,816.6666666666666,254.5,0.3116326530612245,True,None,3558.0,False
2025-03,25-30万,轿车,新能源,奔驰,C级,2024-05,578.6666666666666,266.0,0.45967741935483875,True,None,2559.0,False
2025-03,25-30万,轿车,新能源,奔驰,EQE,2024-06,209.0,0.0,0.0,False,None,0.0,False
2025-03,25-30万,轿车,新能源,红旗,EH7,2024-04,95.0,0.0,0.0,False,None,0.0,False
2025-03,25-30万,轿车,新能源,阿维塔,阿维塔12,2024-05,1221.0,538.3333333333334,0.4408954408954409,True,None,13489.0,False
2025-03,30-35万,MPV,新能源,合创,合创V09,2024-08,55.0,0.0,0.0,False,None,0.0,False
2025-03,30-35万,MPV,新能源,小鹏,X9,2025-03,503.5,503.5,1.0,True,None,19909.0,False
2025-03,30-35万,MPV,新能源,腾势,腾势D9,2024-12,1541.3333333333333,320.5,0.20793685121107267,True,None,55121.0,True
2025-03,30-35万,MPV,新能源,魏牌,高山,2024-07,480.0,570.0,1.1875,True,None,75186.0,True
2025-03,30-35万,SUV,其他能源,北京越野,BJ90,2025-03,1.0,1.0,1.0,False,None,3.0,False
2025-03,30-35万,SUV,其他能源,奔驰,AMG GLB,2024-09,139.33333333333334,123.0,0.8827751196172248,False,None,1445.0,False
2025-03,30-35万,SUV,其他能源,奔驰,GLA级 AMG,2024-06,25.666666666666668,20.5,0.7987012987012987,False,None,133.0,False
2025-03,30-35万,SUV,其他能源,英菲尼迪,QX60,2024-07,70.66666666666667,37.5,0.5306603773584905,False,None,886.0,False
2025-03,30-35万,SUV,其他能源,雷克萨斯,RX,2024-10,855.6666666666666,1201.5,1.4041682898324894,False,None,17702.0,False
2025-03,30-35万,SUV,新能源,奔驰,EQE SUV,2024-05,886.6666666666666,233.0,0.26278195488721806,True,None,3962.0,False
2025-03,30-35万,SUV,新能源,奥迪,e-tron,2024-05,15.0,0.0,0.0,False,None,0.0,False
2025-03,30-35万,SUV,新能源,智界,智界R7,2024-09,676.6666666666666,2537.25,3.7496305418719214,True,Strong,0.0,False
2025-03,30-35万,SUV,新能源,雷克萨斯,RZ,2024-04,178.33333333333334,0.0,0.0,False,None,41.0,False
2025-03,30-35万,轿车,其他能源,奥迪,A6,2024-06,6973.333333333333,5526.25,0.7924832695984704,False,None,196022.0,True
2025-03,30-35万,轿车,其他能源,奥迪,A7L,2025-01,1111.0,880.5,0.7925292529252925,False,None,10948.0,False
2025-03,30-35万,轿车,其他能源,捷尼赛思,G80,2024-07,32.666666666666664,34.25,1.0484693877551021,False,None,606.0,False
2025-03,30-35万,轿车,新能源,宝马,i4,2024-08,74.33333333333333,59.25,0.797085201793722,True,None,1297.0,False
2025-03,30-35万,轿车,新能源,宝马,i5,2024-10,702.6666666666666,317.75,0.4522058823529412,True,None,5691.0,False
2025-03,35-40万,MPV,新能源,别克,GL8,2024-11,3050.0,1530.5,0.5018032786885246,True,None,0.0,False
2025-03,35-40万,MPV,新能源,红旗,HQ9,2024-05,476.3333333333333,250.5,0.5258922323303009,True,None,1797.0,False
2025-03,35-40万,SUV,其他能源,MINI,MINI COUNTRYMAN,2025-01,53.333333333333336,60.5,1.134375,False,None,278.0,False
2025-03,35-40万,SUV,其他能源,奥迪,Q6,2024-08,511.3333333333333,454.5,0.8888526727509779,False,None,1428.0,False
2025-03,35-40万,SUV,其他能源,宝马,X4,2024-08,199.66666666666666,353.5,1.7704507512520868,False,None,1470.0,False
2025-03,35-40万,SUV,其他能源,捷尼赛思,GV70,2024-07,6.0,0.0,0.0,False,None,0.0,False
2025-03,35-40万,SUV,其他能源,福特,烈马,2024-05,1160.6666666666667,581.5,0.5010051694428489,False,None,5892.0,False
2025-03,35-40万,SUV,新能源,JEEP,大切诺基,2025-01,43.333333333333336,45.5,1.05,True,None,164.0,False
2025-03,35-40万,SUV,新能源,坦克,坦克500,2025-03,1933.0,1933.0,1.0,True,None,23081.0,False
2025-03,35-40万,SUV,新能源,方程豹,豹8,2024-11,3191.3333333333335,1238.5,0.38808230624608314,True,None,13892.0,False
2025-03,35-40万,SUV,新能源,现代,IONIQ 5,2024-08,15.0,7.0,0.4666666666666667,True,None,69.0,False
2025-03,35-40万,SUV,新能源,蔚来,蔚来ES7,2024-07,322.5,0.0,0.0,False,None,0.0,False
2025-03,35-40万,轿车,其他能源,本田,思域,2025-01,35.666666666666664,37.0,1.0373831775700935,False,None,309.0,False
2025-03,35-40万,轿车,新能源,宝马,i5,2024-05,1142.6666666666667,0.0,0.0,False,None,0.0,False
2025-03,35-40万,轿车,新能源,腾势,腾势Z9,2024-11,454.6666666666667,87.0,0.19134897360703812,True,None,476.0,False
2025-03,35-40万,轿车,新能源,腾势,腾势Z9GT,2024-09,1232.6666666666667,230.75,0.1871957815035154,True,None,1762.0,False
2025-03,40-45万,MPV,新能源,别克,GL8,2024-06,2760.3333333333335,0.0,0.0,False,None,0.0,False
2025-03,40-45万,MPV,新能源,吉利银河,翼真L380,2025-02,57.0,44.0,0.7719298245614035,True,None,794.0,False
2025-03,40-45万,MPV,新能源,翼真,L380,2024-07,270.6666666666667,0.0,0.0,False,None,0.0,False
2025-03,40-45万,SUV,其他能源,福特,烈马,2024-04,33.0,0.0,0.0,False,None,0.0,False
2025-03,40-45万,SUV,新能源,JEEP,大切诺基,2024-12,10.0,0.0,0.0,False,None,0.0,False
2025-03,40-45万,SUV,新能源,坦克,坦克700,2024-10,983.3333333333334,535.0,0.5440677966101695,True,None,3397.0,False
2025-03,40-45万,SUV,新能源,奔驰,GLC级,2025-02,113.5,113.5,1.0,True,None,487.0,False
2025-03,40-45万,SUV,新能源,腾势,腾势N9,2025-03,1814.0,1814.0,1.0,True,None,20531.0,False
2025-03,40-45万,跑车,其他能源,捷豹,F-TYPE,2024-10,9.0,0.0,0.0,False,None,5.0,False
2025-03,40-45万,跑车,其他能源,福特,Mustang,2024-12,21.0,13.5,0.6428571428571429,False,None,34.0,False
2025-03,40-45万,轿车,其他能源,奔驰,CLE,2024-10,312.3333333333333,234.5,0.7508004268943437,False,None,524.0,False
2025-03,40-45万,轿车,新能源,享界,享界S9,2024-08,958.0,340.25,0.3551670146137787,True,None,2126.0,False
2025-03,45-50万,MPV,其他能源,别克,世纪,2024-10,250.0,0.0,0.0,False,None,0.0,False
2025-03,45-50万,MPV,新能源,极氪,极氪009,2024-08,2387.3333333333335,1202.25,0.5035953644233454,True,None,12419.0,False
2025-03,45-50万,MPV,新能源,翼真,L380,2024-11,115.0,0.0,0.0,False,None,0.0,False
2025-03,45-50万,SUV,其他能源,大众,途锐,2024-10,642.6666666666666,283.5,0.4411307053941909,False,None,3063.0,False
2025-03,45-50万,SUV,其他能源,奥迪,SQ5,2024-06,36.666666666666664,16.5,0.45,False,None,125.0,False
2025-03,45-50万,SUV,其他能源,宝马,X3,2024-06,34.333333333333336,33.0,0.9611650485436892,False,None,425.0,False
2025-03,45-50万,SUV,其他能源,林肯,飞行家,2024-06,115.66666666666667,145.5,1.2579250720461095,False,None,1588.0,False
2025-03,45-50万,SUV,其他能源,沃尔沃,XC90,2024-06,1119.3333333333333,902.5,0.8062835020845742,False,None,5974.0,False
2025-03,45-50万,SUV,新能源,AITO,问界M9,2024-12,9845.0,4971.0,0.5049263585576435,True,Candidate,32722.0,False
2025-03,45-50万,SUV,新能源,奔驰,GLC级,2024-12,92.0,0.0,0.0,False,None,0.0,False
2025-03,45-50万,SUV,新能源,宝马,iX,2025-01,85.0,76.0,0.8941176470588236,True,None,628.0,False
2025-03,45-50万,SUV,新能源,雷克萨斯,RX,2025-02,71.5,71.5,1.0,True,None,301.0,False
2025-03,45-50万,跑车,其他能源,捷豹,F-TYPE,2024-07,33.0,2.5,0.07575757575757576,False,None,0.0,False
2025-03,45-50万,跑车,其他能源,福特,Mustang,2025-01,27.0,0.0,0.0,False,None,0.0,False
2025-03,45-50万,轿车,其他能源,奔驰,CLE,2024-05,395.6666666666667,0.0,0.0,False,None,0.0,False
2025-03,45-50万,轿车,其他能源,宝马,6系,2024-04,632.3333333333334,219.0,0.34633632050606217,False,None,118.0,False
2025-03,45-50万,轿车,其他能源,阿尔法·罗密欧,朱丽叶,2025-03,14.0,14.0,1.0,False,None,0.0,False
2025-03,5-10万,MPV,其他能源,北京汽车制造厂,王牌M7,2024-10,839.0,336.25,0.4007747318235995,False,None,12570.0,False
2025-03,5-10万,MPV,新能源,五菱,五菱宏光,2024-12,28.0,0.0,0.0,False,None,0.0,False
2025-03,5-10万,MPV,新能源,极狐,考拉,2025-03,3076.0,3076.0,1.0,True,Candidate,453.0,False
2025-03,5-10万,SUV,其他能源,东风风神,皓极,2024-08,462.3333333333333,0.0,0.0,False,None,2584.0,False
2025-03,5-10万,SUV,其他能源,丰田,卡罗拉,2024-04,8834.333333333334,6970.0,0.7889672867222578,False,None,115475.0,True
2025-03,5-10万,SUV,其他能源,丰田,锋兰达,2024-04,14021.666666666666,10063.0,0.7176750267443243,False,None,138333.0,True
2025-03,5-10万,SUV,其他能源,北京汽车制造厂,212,2024-10,1221.3333333333333,826.0,0.6763100436681223,False,None,2064.0,False
2025-03,5-10万,SUV,其他能源,吉利,ICON,2024-05,943.0,1495.5,1.585896076352068,False,None,9863.0,False
2025-03,5-10万,SUV,其他能源,大众,途岳,2024-09,8455.666666666666,8274.0,0.9785153940158474,False,None,110821.0,True
2025-03,5-10万,SUV,其他能源,大众,途铠,2024-10,210.0,0.0,0.0,False,None,0.0,False
2025-03,5-10万,SUV,其他能源,广汽传祺,GS4,2024-05,311.6666666666667,803.75,2.5788770053475933,False,None,11643.0,False
2025-03,5-10万,SUV,其他能源,捷达,捷达VS7,2025-02,1190.0,1190.0,1.0,False,None,7806.0,False
2025-03,5-10万,SUV,其他能源,捷途,捷途大圣,2024-04,2504.0,2552.5,1.0193690095846646,False,None,22545.0,False
2025-03,5-10万,SUV,其他能源,日产,逍客,2024-06,9249.666666666666,0.0,0.0,False,None,61616.0,True
2025-03,5-10万,SUV,其他能源,星途,星途追风,2024-04,393.3333333333333,160.0,0.4067796610169492,False,None,896.0,False
2025-03,5-10万,SUV,其他能源,欧尚汽车,欧尚Z6,2024-08,2493.6666666666665,383.0,0.1535890923673306,False,None,977.0,False
2025-03,5-10万,SUV,其他能源,起亚,索奈,2024-04,35.666666666666664,29.0,0.8130841121495328,False,None,133.0,False
2025-03,5-10万,SUV,新能源,吉利银河,几何E,2025-02,31.0,31.0,1.0,True,None,82.0,False
2025-03,5-10万,SUV,新能源,启源,Q05,2024-10,2531.3333333333335,2091.5,0.8262444034764287,True,Candidate,31311.0,False
2025-03,5-10万,SUV,新能源,哪吒,哪吒X,2025-02,15.0,15.0,1.0,True,None,17.0,False
2025-03,5-10万,SUV,新能源,荣威,RX5,2024-08,185.0,136.0,0.7351351351351352,True,None,597.0,False
2025-03,5-10万,轿车,其他能源,丰田,亚洲狮,2024-11,596.0,14.0,0.02348993288590604,False,None,18.0,False
2025-03,5-10万,轿车,新能源,MG,MG4 EV,2024-07,173.33333333333334,9.0,0.05192307692307692,False,None,70279.0,True
2025-03,5-10万,轿车,新能源,吉利,星愿,2024-10,17398.0,0.0,0.0,False,None,0.0,False
2025-03,5-10万,轿车,新能源,吉利银河,星愿,2025-02,29605.0,29605.0,1.0,True,Candidate,435210.0,True
2025-03,5-10万,轿车,新能源,埃安,AION UT,2025-03,5223.0,5223.0,1.0,True,Candidate,45778.0,False
2025-03,5-10万,轿车,新能源,比亚迪,海豚,2025-02,5994.0,5994.0,1.0,True,Candidate,158013.0,True
2025-03,5-10万,轿车,新能源,比亚迪,海豹05,2025-02,1610.5,1610.5,1.0,True,None,117570.0,True
2025-03,5-10万,轿车,新能源,钇为,花仙子,2024-08,376.6666666666667,185.0,0.4911504424778761,False,None,903.0,False
2025-03,5-10万,轿车,新能源,钇为,钇为3,2024-04,958.3333333333334,351.0,0.36626086956521736,False,None,2971.0,False
2025-03,5-10万,轿车,新能源,长安,逸动,2025-03,64.0,64.0,1.0,False,None,3070.0,False
2025-03,50-55万,MPV,新能源,理想,理想MEGA,2024-04,547.3333333333334,798.0,1.4579780755176612,True,None,18068.0,False
2025-03,50-55万,SUV,其他能源,奔驰,AMG GLC,2024-12,103.33333333333333,89.0,0.8612903225806452,False,None,1159.0,False
2025-03,50-55万,SUV,其他能源,奥迪,Q7,2024-06,1310.5,0.0,0.0,False,None,5429.0,False
2025-03,50-55万,SUV,新能源,JEEP,大切诺基,2024-04,5.666666666666667,0.0,0.0,False,None,0.0,False
2025-03,50-55万,跑车,其他能源,奔驰,CLE,2025-02,87.5,87.5,1.0,False,None,0.0,False
2025-03,50-55万,跑车,其他能源,捷豹,F-TYPE,2024-04,24.333333333333332,0.0,0.0,False,None,0.0,False
2025-03,50-55万,跑车,其他能源,福特,Mustang,2024-08,41.0,0.0,0.0,False,None,0.0,False
2025-03,50-55万,轿车,其他能源,奔驰,C级AMG,2024-06,12.0,7.0,0.5833333333333334,False,None,128.0,False
2025-03,50-55万,轿车,其他能源,奥迪,S5,2024-05,30.666666666666668,11.0,0.358695652173913,False,None,103.0,False
2025-03,50-55万,轿车,其他能源,宝马,M2,2024-06,79.0,96.0,1.2151898734177216,False,None,651.0,False
2025-03,50-55万,轿车,新能源,宝马,i5,2024-12,20.666666666666668,19.5,0.9435483870967741,True,None,70.0,False
2025-03,55-60万,MPV,新能源,极氪,极氪009,2024-04,223.0,0.0,0.0,False,None,0.0,False
2025-03,55-60万,SUV,其他能源,宝马,X5,2024-09,6666.666666666667,0.0,0.0,False,None,70275.0,True
2025-03,55-60万,SUV,其他能源,玛莎拉蒂,Grecale,2024-07,50.0,29.0,0.58,False,None,735.0,False
2025-03,55-60万,SUV,其他能源,路虎,发现,2024-07,224.0,0.0,0.0,False,None,917.0,False
2025-03,55-60万,SUV,新能源,保时捷,Macan,2025-03,74.5,74.5,1.0,True,None,463.0,False
2025-03,55-60万,跑车,其他能源,福特,Mustang,2024-09,44.5,0.0,0.0,False,None,0.0,False
2025-03,5万以下,SUV,其他能源,奇瑞,瑞虎3x,2025-02,3032.0,3032.0,1.0,False,None,19224.0,False
2025-03,5万以下,SUV,新能源,东风纳米,纳米BOX,2024-10,274.5,0.0,0.0,False,None,0.0,False
2025-03,5万以下,轿车,新能源,吉利银河,熊猫mini,2025-02,13190.0,13190.0,1.0,True,Candidate,134445.0,True
2025-03,5万以下,轿车,新能源,奔腾,奔腾小马,2024-06,2579.6666666666665,8945.0,3.4675022612740665,True,Strong,92581.0,True
2025-03,60万以上,SUV,新能源,保时捷,Macan,2024-10,56.333333333333336,44.5,0.7899408284023668,True,None,0.0,False
2025-03,60万以上,SUV,新能源,奔驰,G级,2024-11,21.666666666666668,3.0,0.13846153846153844,True,None,146.0,False
2025-03,60万以上,SUV,新能源,梅赛德斯-迈巴赫,EQS SUV,2024-06,3.3333333333333335,3.0,0.8999999999999999,True,None,190.0,False
2025-03,60万以上,SUV,新能源,莲花跑车,ELETRE,2024-12,72.0,57.5,0.7986111111111112,True,None,645.0,False
2025-03,60万以上,跑车,其他能源,玛莎拉蒂,GranCabrio,2024-08,1.0,0.0,0.0,False,None,1.0,False
2025-03,60万以上,跑车,其他能源,莲花跑车,EMIRA,2024-12,39.666666666666664,22.5,0.5672268907563025,False,None,134.0,False
2025-03,60万以上,跑车,其他能源,阿斯顿马丁,DB12,2024-07,10.333333333333334,4.5,0.43548387096774194,False,None,59.0,False
2025-03,60万以上,跑车,其他能源,阿斯顿马丁,Vanquish,2024-11,1.0,0.0,0.0,False,None,31.0,False
2025-03,60万以上,跑车,新能源,仰望,U9,2024-08,13.333333333333334,10.0,0.75,True,None,66.0,False
2025-03,60万以上,跑车,新能源,奔驰,AMG GT,2025-02,1.0,1.0,1.0,True,None,12.0,False
2025-03,60万以上,轿车,其他能源,奔驰,CLE AMG,2024-06,16.666666666666668,46.0,2.76,False,None,994.0,False
2025-03,60万以上,轿车,其他能源,红旗,红旗国雅,2024-11,30.333333333333332,26.0,0.8571428571428572,False,None,70.0,False
2025-03,60万以上,轿车,其他能源,阿尔法·罗密欧,朱丽叶,2024-07,21.0,0.0,0.0,False,None,0.0,False
2025-03,60万以上,轿车,新能源,仰望,U7,2025-03,16.0,16.0,1.0,True,None,2215.0,False
2025-03,60万以上,轿车,新能源,奔驰,C级AMG,2024-06,3.3333333333333335,3.0,0.8999999999999999,False,None,12.0,False
2025-03,60万以上,轿车,新能源,奔驰,S级AMG,2024-08,9.666666666666666,6.5,0.6724137931034483,True,None,47.0,False
2025-03,60万以上,轿车,新能源,奥迪,e-tron GT,2024-04,1.0,0.0,0.0,False,None,0.0,False
2025-03,60万以上,轿车,新能源,宝马,M5,2024-11,8.666666666666666,10.5,1.2115384615384617,True,None,119.0,False
2025-03,60万以上,轿车,新能源,莲花跑车,EMEYA,2024-12,111.66666666666667,77.5,0.6940298507462687,True,None,233.0,False
2025-03,60万以上,轿车,新能源,蔚来,蔚来ET9,2024-12,31.666666666666668,142.0,4.484210526315789,True,None,2892.0,False
