body_type,fuel_type_group,price_bucket,freeze,top3_price,top3_price_position,position_delta
MPV,其他能源,10-15万,2023-03,121345.6062918602,24267.12125837204,
MPV,其他能源,15-20万,2023-03,188250.94236762944,37647.18847352589,
MPV,其他能源,20-25万,2023-03,214682.65118532104,42932.53023706421,
MPV,其他能源,25-30万,2023-03,283448.6803641746,56684.736072834916,
MPV,其他能源,30-35万,2023-03,314135.8126732261,62821.16253464522,
MPV,其他能源,35-40万,2023-03,376370.5154859708,75267.10309719417,
MPV,其他能源,40-45万,2023-03,448388.43595642777,89669.68719128556,
MPV,其他能源,45-50万,2023-03,473202.1436260985,94631.42872521971,
MPV,其他能源,5-10万,2023-03,62069.56918609702,12412.913837219403,
MPV,其他能源,50-55万,2023-03,523657.92893511325,104721.58578702265,
MPV,其他能源,55-60万,2023-03,581529.0919148949,116294.81838297898,
MPV,其他能源,5万以下,2023-03,45265.923021168834,9053.184604233767,
MPV,其他能源,60万以上,2023-03,1148463.6337151215,114840.36337151215,
MPV,新能源,10-15万,2023-03,138057.79644996492,27609.559289992983,
MPV,新能源,15-20万,2023-03,166867.6761151817,33370.53522303634,
MPV,新能源,20-25万,2023-03,217996.72119610867,43595.34423922173,
MPV,新能源,25-30万,2023-03,297008.3808529819,59396.67617059637,
MPV,新能源,30-35万,2023-03,309216.65257930814,61837.33051586163,
MPV,新能源,35-40万,2023-03,398031.94581662526,79599.38916332505,
MPV,新能源,40-45万,2023-03,410133.1497822623,82018.62995645245,
MPV,新能源,50-55万,2023-03,507454.9926513762,101480.99853027523,
SUV,其他能源,10-15万,2023-03,125747.67811237153,25147.53562247431,
SUV,其他能源,15-20万,2023-03,178888.54685144438,35774.709370288874,
SUV,其他能源,20-25万,2023-03,220574.05693436778,44110.81138687355,
SUV,其他能源,25-30万,2023-03,278674.3182528384,55729.86365056768,
SUV,其他能源,30-35万,2023-03,332325.9631641482,66459.19263282964,
SUV,其他能源,35-40万,2023-03,380626.95502149395,76118.39100429878,
SUV,其他能源,40-45万,2023-03,408874.76438081893,81766.95287616379,
SUV,其他能源,45-50万,2023-03,465607.5275421468,93112.50550842936,
SUV,其他能源,5-10万,2023-03,88127.60691701226,17624.521383402454,
SUV,其他能源,50-55万,2023-03,529532.6483597085,105896.5296719417,
SUV,其他能源,55-60万,2023-03,572911.2978913584,114571.25957827168,
SUV,其他能源,60万以上,2023-03,733586.4001248026,73352.64001248026,
SUV,新能源,10-15万,2023-03,131685.90031323195,26335.18006264639,
SUV,新能源,15-20万,2023-03,163860.16121140463,32769.032242280926,
SUV,新能源,20-25万,2023-03,219972.97196447215,43990.59439289443,
SUV,新能源,25-30万,2023-03,278483.46422260837,55691.692844521676,
SUV,新能源,30-35万,2023-03,333320.61053741066,66658.12210748214,
SUV,新能源,35-40万,2023-03,373916.1167960089,74776.22335920177,
SUV,新能源,40-45万,2023-03,407533.85453123815,81498.77090624764,
SUV,新能源,45-50万,2023-03,463851.64781344193,92761.32956268839,
SUV,新能源,5-10万,2023-03,80404.27512527561,16079.855025055123,
SUV,新能源,50-55万,2023-03,521243.0298229469,104238.60596458937,
SUV,新能源,55-60万,2023-03,567149.310087826,113418.8620175652,
SUV,新能源,60万以上,2023-03,807039.7020283024,80697.97020283024,
跑车,其他能源,30-35万,2023-03,305330.8494887022,61060.16989774044,
跑车,其他能源,35-40万,2023-03,359499.57311071723,71892.91462214345,
跑车,其他能源,45-50万,2023-03,488482.3329213274,97687.46658426548,
跑车,其他能源,50-55万,2023-03,500681.71859034745,100126.34371806949,
跑车,其他能源,55-60万,2023-03,589279.703926034,117844.94078520681,
跑车,其他能源,60万以上,2023-03,1086455.6500169928,108639.56500169929,
轿车,其他能源,10-15万,2023-03,120177.86447724585,24033.57289544917,
轿车,其他能源,15-20万,2023-03,186590.18587240356,37315.03717448071,
轿车,其他能源,20-25万,2023-03,223248.7244991599,44645.74489983198,
轿车,其他能源,25-30万,2023-03,269473.78881164204,53889.75776232841,
轿车,其他能源,30-35万,2023-03,311608.6949173113,62315.73898346226,
轿车,其他能源,35-40万,2023-03,387454.96939221735,77483.99387844346,
轿车,其他能源,40-45万,2023-03,425240.2275229493,85040.04550458986,
轿车,其他能源,45-50万,2023-03,461657.84524597303,92322.5690491946,
轿车,其他能源,5-10万,2023-03,84664.91484932597,16931.982969865196,
轿车,其他能源,50-55万,2023-03,515414.0385249397,103072.80770498794,
轿车,其他能源,55-60万,2023-03,575629.2022770166,115114.84045540332,
轿车,其他能源,5万以下,2023-03,45841.84281712896,9168.368563425793,
轿车,其他能源,60万以上,2023-03,1148251.1383463733,114819.11383463733,
轿车,新能源,10-15万,2023-03,129345.01878476214,25867.00375695243,
轿车,新能源,15-20万,2023-03,170336.36275310974,34064.27255062195,
轿车,新能源,20-25万,2023-03,234644.87372215628,46924.97474443125,
轿车,新能源,25-30万,2023-03,270750.1689109382,54145.03378218764,
轿车,新能源,30-35万,2023-03,326341.0803922198,65262.21607844396,
轿车,新能源,35-40万,2023-03,384172.29602662753,76827.4592053255,
轿车,新能源,40-45万,2023-03,443077.8140088932,88607.56280177864,
轿车,新能源,45-50万,2023-03,468403.75624397676,93671.75124879535,
轿车,新能源,5-10万,2023-03,66359.26548619242,13270.853097238485,
轿车,新能源,50-55万,2023-03,505521.0257358443,101094.20514716886,
轿车,新能源,55-60万,2023-03,554485.09624874,110886.019249748,
轿车,新能源,5万以下,2023-03,48508.33219713351,9701.666439426703,
轿车,新能源,60万以上,2023-03,1109494.0920919636,110943.40920919637,
MPV,其他能源,10-15万,2024-03,118493.93211108245,23696.78642221649,-570.3348361555509
MPV,其他能源,15-20万,2024-03,182281.68672664565,36453.33734532913,-1193.8511281967585
MPV,其他能源,20-25万,2024-03,235560.5760880377,47108.11521760754,4175.584980543332
MPV,其他能源,25-30万,2024-03,274609.9693186079,54916.993863721575,-1767.7422091133412
MPV,其他能源,30-35万,2024-03,331392.03266346594,66272.40653269319,3451.2439980479685
MPV,其他能源,35-40万,2024-03,363208.0183503656,72634.60367007312,-2632.4994271210453
MPV,其他能源,40-45万,2024-03,426364.5381201676,85264.90762403353,-4404.77956725203
MPV,其他能源,45-50万,2024-03,491782.99678881175,98347.59935776234,3716.170632542635
MPV,其他能源,5-10万,2024-03,62747.74995368607,12548.549990737214,135.63615351781118
MPV,其他能源,50-55万,2024-03,522035.8485267994,104397.16970535988,-324.41608166277
MPV,其他能源,55-60万,2024-03,555858.1410000001,111160.6282,-5134.190182978971
MPV,其他能源,5万以下,2024-03,45706.834238499636,9141.366847699926,88.18224346615898
MPV,其他能源,60万以上,2024-03,1158089.6352302274,115802.96352302274,962.6001515105891
MPV,新能源,10-15万,2024-03,142524.74104714053,28502.948209428105,893.3889194351214
MPV,新能源,15-20万,2024-03,157928.10370767314,31582.62074153463,-1787.9144815017135
MPV,新能源,20-25万,2024-03,226103.54378158133,45216.708756316264,1621.364517094531
MPV,新能源,25-30万,2024-03,284495.48255133635,56894.09651026727,-2502.579660329102
MPV,新能源,30-35万,2024-03,331330.5244176743,66260.10488353486,4422.774367673235
MPV,新能源,35-40万,2024-03,377677.05353978433,75528.41070795686,-4070.978455368182
MPV,新能源,40-45万,2024-03,412002.8836192035,82392.5767238407,373.94676738824637
MPV,新能源,5-10万,2024-03,99176.45076923075,19834.290153846152,
MPV,新能源,50-55万,2024-03,519173.7761270796,103824.75522541592,2343.7566951406916
MPV,新能源,55-60万,2024-03,559800.0,111949.0,
MPV,新能源,60万以上,2024-03,818000.0,81794.0,
SUV,其他能源,10-15万,2024-03,114430.17504968507,22884.035009937015,-2263.500612537293
SUV,其他能源,15-20万,2024-03,172423.03297887847,34481.606595775695,-1293.1027745131796
SUV,其他能源,20-25万,2024-03,220808.37620265677,44157.67524053135,46.863853657800064
SUV,其他能源,25-30万,2024-03,273355.8310040557,54666.16620081114,-1063.6974497565388
SUV,其他能源,30-35万,2024-03,331288.9312622834,66251.78625245669,-207.4063803729514
SUV,其他能源,35-40万,2024-03,360168.52990134974,72026.70598026995,-4091.685024028833
SUV,其他能源,40-45万,2024-03,436965.5806587728,87385.11613175456,5618.163255590771
SUV,其他能源,45-50万,2024-03,471924.3830883083,94375.87661766166,1263.3711092323065
SUV,其他能源,5-10万,2024-03,86678.34728688675,17334.66945737735,-289.85192602510506
SUV,其他能源,50-55万,2024-03,516226.1213273081,103235.22426546163,-2661.305406480067
SUV,其他能源,55-60万,2024-03,572856.4969590104,114560.29939180208,-10.960186469601467
SUV,其他能源,60万以上,2024-03,707099.3723784168,70703.93723784169,-2648.702774638572
SUV,新能源,10-15万,2024-03,136765.66640203696,27351.133280407394,1015.9532177610054
SUV,新能源,15-20万,2024-03,164814.97722008522,32959.99544401704,190.96320173611457
SUV,新能源,20-25万,2024-03,221210.64039895963,44238.128079791924,247.53368689749186
SUV,新能源,25-30万,2024-03,272332.5598949867,54461.51197899734,-1230.1808655243367
SUV,新能源,30-35万,2024-03,329845.8994100763,65963.17988201526,-694.9422254668752
SUV,新能源,35-40万,2024-03,360703.65340173827,72133.73068034765,-2642.4926788541197
SUV,新能源,40-45万,2024-03,422563.4014649979,84504.68029299958,3005.9093867519405
SUV,新能源,45-50万,2024-03,460707.28385229287,92132.45677045858,-628.8727922298131
SUV,新能源,5-10万,2024-03,81182.22777077444,16235.445554154887,155.59052909976344
SUV,新能源,50-55万,2024-03,530053.1255681581,106000.62511363163,1762.0191490422585
SUV,新能源,55-60万,2024-03,568533.4721373724,113695.69442747447,276.8324099092715
SUV,新能源,5万以下,2024-03,45512.71041359174,9102.542082718348,
SUV,新能源,60万以上,2024-03,921580.1439367551,92152.01439367552,11454.044190845278
跑车,其他能源,25-30万,2024-03,283611.1082940963,56717.22165881926,
跑车,其他能源,30-35万,2024-03,311217.4855685717,62237.497113714344,1177.3272159739063
跑车,其他能源,35-40万,2024-03,358213.92569069716,71635.78513813943,-257.1294840040209
跑车,其他能源,40-45万,2024-03,439617.02580000024,87915.40516000005,
跑车,其他能源,45-50万,2024-03,467647.0122209846,93520.40244419692,-4167.064140068556
跑车,其他能源,50-55万,2024-03,535955.4259277803,107181.08518555606,7054.741467486572
跑车,其他能源,55-60万,2024-03,557958.2755436425,111580.65510872849,-6264.285676478321
跑车,其他能源,60万以上,2024-03,1152467.0017006993,115240.70017006993,6601.135168370645
跑车,新能源,15-20万,2024-03,190224.16338605582,38041.83267721116,
跑车,新能源,20-25万,2024-03,209030.73493182962,41802.14698636592,
跑车,新能源,30-35万,2024-03,340010.75746319623,67996.15149263924,
跑车,新能源,60万以上,2024-03,1359539.3199999996,135947.93199999997,
轿车,其他能源,10-15万,2024-03,119221.25580595073,23842.251161190146,-191.3217342590251
轿车,其他能源,15-20万,2024-03,179364.0711234723,35869.81422469446,-1445.22294978625
轿车,其他能源,20-25万,2024-03,231246.08383286587,46245.216766573176,1599.4718667411944
轿车,其他能源,25-30万,2024-03,281986.85601105203,56392.37120221041,2502.6134398819995
轿车,其他能源,30-35万,2024-03,309699.1664525775,61933.833290515504,-381.90569294675515
轿车,其他能源,35-40万,2024-03,372148.17090863676,74422.63418172735,-3061.359696716114
轿车,其他能源,40-45万,2024-03,428565.19049341383,85705.03809868277,664.9925940929097
轿车,其他能源,45-50万,2024-03,478446.9666001864,95680.39332003728,3357.824270842684
轿车,其他能源,5-10万,2024-03,74976.18098246258,14994.236196492517,-1937.746773372679
轿车,其他能源,50-55万,2024-03,520142.3284522194,104018.46569044387,945.6579854559386
轿车,其他能源,55-60万,2024-03,577805.5353626772,115550.10707253544,435.266617132118
轿车,其他能源,5万以下,2024-03,45989.389443848864,9197.877888769774,29.50932534398089
轿车,其他能源,60万以上,2024-03,1114263.3711825146,111420.33711825145,-3398.7767163858807
轿车,新能源,10-15万,2024-03,121679.31899879796,24333.86379975959,-1533.1399571928378
轿车,新能源,15-20万,2024-03,172032.74523348772,34403.549046697546,339.2764960755958
轿车,新能源,20-25万,2024-03,223970.09026509742,44790.018053019485,-2134.9566914117677
轿车,新能源,25-30万,2024-03,274135.32174133806,54822.06434826761,677.0305660799713
轿车,新能源,30-35万,2024-03,315743.0293318125,63142.6058663625,-2119.610212081461
轿车,新能源,35-40万,2024-03,377115.45532465447,75416.0910649309,-1411.3681403946102
轿车,新能源,40-45万,2024-03,432214.20281037176,86434.84056207436,-2172.7222397042788
轿车,新能源,45-50万,2024-03,468058.80181975453,93602.7603639509,-68.99088484444655
轿车,新能源,5-10万,2024-03,79183.27502591109,15835.655005182218,2564.8019079437327
轿车,新能源,50-55万,2024-03,549117.6499999998,109813.52999999996,8719.324852831094
轿车,新能源,55-60万,2024-03,596420.5614134275,119273.1122826855,8387.093032937497
轿车,新能源,5万以下,2024-03,44271.99791120421,8854.399582240843,-847.2668571858594
轿车,新能源,60万以上,2024-03,927418.1357818858,92735.81357818858,-18207.59563100779
MPV,其他能源,10-15万,2025-03,109177.7163126267,21833.543262525338,-1863.243159691152
MPV,其他能源,15-20万,2025-03,168218.733301552,33640.746660310404,-2812.590685018724
MPV,其他能源,20-25万,2025-03,233259.63290884046,46647.92658176809,-460.18863583944767
MPV,其他能源,25-30万,2025-03,281844.6590915795,56363.9318183159,1446.937954594323
MPV,其他能源,30-35万,2025-03,306192.21082587057,61232.442165174114,-5039.964367519075
MPV,其他能源,35-40万,2025-03,382978.070223568,76588.6140447136,3954.0103746404784
MPV,其他能源,40-45万,2025-03,404312.68696771207,80854.53739354241,-4410.370230491113
MPV,其他能源,45-50万,2025-03,484198.63523098466,96830.72704619693,-1516.8723115654138
MPV,其他能源,5-10万,2025-03,60316.09097559827,12062.218195119654,-486.3317956175597
MPV,其他能源,50-55万,2025-03,525002.3863522781,104990.47727045561,593.3075650957326
MPV,其他能源,55-60万,2025-03,581339.4479084533,116256.88958169066,5096.261381690652
MPV,其他能源,5万以下,2025-03,41951.05972280018,8390.211944560036,-751.1549031398899
MPV,其他能源,60万以上,2025-03,1152945.7086205988,115288.57086205987,-514.3926609628688
MPV,新能源,10-15万,2025-03,124088.39334355408,24815.678668710818,-3687.269540717287
MPV,新能源,15-20万,2025-03,185918.64845586347,37180.729691172695,5598.108949638066
MPV,新能源,20-25万,2025-03,230049.40723924479,46005.88144784896,789.1726915326944
MPV,新能源,25-30万,2025-03,288865.0886132928,57768.01772265856,873.9212123912876
MPV,新能源,30-35万,2025-03,337343.0301039917,67462.60602079834,1202.5011372634763
MPV,新能源,35-40万,2025-03,372132.1349729577,74419.42699459154,-1108.98371336532
MPV,新能源,40-45万,2025-03,404229.43198941177,80837.88639788235,-1554.6903259583487
MPV,新能源,45-50万,2025-03,481907.58520689176,96372.51704137835,
MPV,新能源,5-10万,2025-03,98150.98932397173,19629.197864794347,-205.09228905180498
MPV,新能源,50-55万,2025-03,523776.4050827649,104745.28101655298,920.5257911370572
MPV,新能源,55-60万,2025-03,567732.0511203599,113535.41022407198,1586.4102240719803
MPV,新能源,60万以上,2025-03,818000.0,81794.0,0.0
SUV,其他能源,10-15万,2025-03,133839.11117596555,26765.82223519311,3881.7872252560956
SUV,其他能源,15-20万,2025-03,164786.90434328135,32954.38086865627,-1527.2257271194248
SUV,其他能源,20-25万,2025-03,207168.22913033297,41429.6458260666,-2728.029414464756
SUV,其他能源,25-30万,2025-03,281229.3607650608,56240.87215301216,1574.705952201024
SUV,其他能源,30-35万,2025-03,316721.1625825809,63338.232516516175,-2913.5537359405134
SUV,其他能源,35-40万,2025-03,380072.4569897263,76007.49139794525,3980.7854176753026
SUV,其他能源,40-45万,2025-03,419474.269122099,83886.8538244198,-3498.262307334764
SUV,其他能源,45-50万,2025-03,480792.39118166466,96149.47823633293,1773.601618671266
SUV,其他能源,5-10万,2025-03,87479.21961422775,17494.84392284555,160.17446546820065
SUV,其他能源,50-55万,2025-03,516386.31965061027,103267.26393012205,32.039664660420385
SUV,其他能源,55-60万,2025-03,592197.3139813768,118428.46279627536,3868.163404473278
SUV,其他能源,5万以下,2025-03,49900.0,9980.0,
SUV,其他能源,60万以上,2025-03,844119.596106085,84405.9596106085,13702.022372766805
SUV,新能源,10-15万,2025-03,122798.56895626339,24557.713791252678,-2793.419489154716
SUV,新能源,15-20万,2025-03,165133.59342867203,33023.718685734406,63.723241717365454
SUV,新能源,20-25万,2025-03,235602.9638133044,47116.59276266088,2878.4646828689583
SUV,新能源,25-30万,2025-03,263814.84482169285,52757.96896433857,-1703.5430146587678
SUV,新能源,30-35万,2025-03,322887.0905366204,64571.41810732408,-1391.7617746911783
SUV,新能源,35-40万,2025-03,387278.6309218965,77448.7261843793,5314.995504031642
SUV,新能源,40-45万,2025-03,421112.78582512884,84214.55716502576,-290.1231279738131
SUV,新能源,45-50万,2025-03,488902.38295192254,97771.47659038451,5639.019819925932
SUV,新能源,5-10万,2025-03,90211.04216439229,18041.20843287846,1805.7628787235717
SUV,新能源,50-55万,2025-03,512546.86553498125,102499.37310699625,-3501.2520066353754
SUV,新能源,55-60万,2025-03,583113.4971489513,116611.69942979026,2916.005002315782
SUV,新能源,5万以下,2025-03,38908.137172638126,7781.627434527625,-1320.9146481907228
SUV,新能源,60万以上,2025-03,933814.3258721246,93375.43258721246,1223.4181935369415
跑车,其他能源,25-30万,2025-03,286853.7175649805,57365.7435129961,648.5218541768409
跑车,其他能源,40-45万,2025-03,434479.4574806998,86887.89149613996,-1027.5136638600961
跑车,其他能源,45-50万,2025-03,465194.39366249996,93029.87873249999,-490.5237116969365
跑车,其他能源,50-55万,2025-03,521967.56254815357,104383.51250963072,-2797.572675925345
跑车,其他能源,55-60万,2025-03,594274.7719910113,118843.95439820227,7263.299289473784
跑车,其他能源,60万以上,2025-03,1106081.423597192,110602.14235971919,-4638.557810350743
跑车,新能源,15-20万,2025-03,178329.74519339623,35662.949038679246,-2378.8836385319155
跑车,新能源,30-35万,2025-03,341304.92047072726,68254.98409414545,258.8326015062048
跑车,新能源,60万以上,2025-03,1597712.3776105547,159765.23776105547,23817.305761055497
轿车,其他能源,10-15万,2025-03,119372.90850807897,23872.581701615793,30.330540425646177
轿车,其他能源,15-20万,2025-03,168675.9896702534,33732.19793405068,-2137.616290643782
轿车,其他能源,20-25万,2025-03,233366.6593395639,46669.33186791278,424.1151013396011
轿车,其他能源,25-30万,2025-03,264028.5772321206,52800.715446424125,-3591.6557557862834
轿车,其他能源,30-35万,2025-03,340454.8162237365,68084.9632447473,6151.129954231794
轿车,其他能源,35-40万,2025-03,372527.4205435706,74498.48410871412,75.84992698677524
轿车,其他能源,40-45万,2025-03,436869.9817307842,87365.99634615684,1660.9582474740746
轿车,其他能源,45-50万,2025-03,468699.5730086208,93730.91460172416,-1949.4787183131266
轿车,其他能源,5-10万,2025-03,78417.74163885434,15682.548327770866,688.3121312783496
轿车,其他能源,50-55万,2025-03,526852.376323906,105360.4752647812,1342.009574337324
轿车,其他能源,55-60万,2025-03,556413.2339975848,111271.64679951695,-4278.460273018485
轿车,其他能源,60万以上,2025-03,1086758.7167270142,108669.87167270141,-2750.465445550042
轿车,新能源,10-15万,2025-03,112985.39352214108,22595.078704428215,-1738.7850953313755
轿车,新能源,15-20万,2025-03,180647.36814793263,36126.47362958653,1722.9245828889834
轿车,新能源,20-25万,2025-03,235459.67630439828,47087.935260879654,2297.9172078601696
轿车,新能源,25-30万,2025-03,272204.0897189044,54435.81794378088,-386.24640448673017
轿车,新能源,30-35万,2025-03,325490.55858795514,65092.111717591026,1949.505851228525
轿车,新能源,35-40万,2025-03,367612.0516294556,73515.41032589112,-1900.6807390397735
轿车,新能源,40-45万,2025-03,431500.58052519447,86292.11610503889,-142.7244570354669
轿车,新能源,5-10万,2025-03,74429.49628712803,14884.899257425606,-950.7557477566115
轿车,新能源,50-55万,2025-03,533751.2198292682,106740.24396585363,-3073.286034146324
轿车,新能源,55-60万,2025-03,565618.8405797102,113112.76811594205,-6160.344166743453
轿车,新能源,5万以下,2025-03,41249.54450072989,8249.908900145978,-604.4906820948654
轿车,新能源,60万以上,2025-03,1033549.8553283085,103348.98553283085,10613.171954642268
