品牌,2025-08,2025-09,2025-10,2025-11,2025-12,2026-01,2026-02,2026-03,2026-04,2026-05,2026-06,2026-07
212,808,949,860,1127,1168,1064,795,838,746,760,726,696
AITO,39283,41005,44378,51305,60587,38819,16381,16937,23228,34781,29572,23585
GMC,25,0,1,0,1,0,1,1,0,0,0,0
INEOS,8,13,8,9,17,16,4,7,10,14,7,11
JEEP,138,152,119,138,145,240,130,150,133,110,114,313
MG,7606,17099,16967,18060,16466,14066,6610,13585,12611,14452,17333,15149
MINI,2435,2046,1830,1975,1968,1163,712,1782,1755,1454,1474,1251
Polestar,30,22,57,37,72,11,5,14,7,8,19,0
RIVIAN,0,0,0,0,0,0,0,0,0,0,0,2
iCAR,6730,7216,7119,6481,5676,1976,1490,5142,6084,5679,4786,4239
smart,2599,2782,2383,2403,3650,1465,946,1718,1777,2068,1756,1838
一汽,6,5,8,4,0,1,3,2,1,4,3,3
三菱,46,45,46,45,70,94,52,84,35,34,27,13
东南,0,0,0,0,0,1,0,0,0,0,0,0
东风,0,0,0,0,7,1,0,0,0,0,6,2
东风奕派,4969,5010,3640,3100,6479,3939,2549,5418,4097,4212,3818,3073
东风纳米,4334,4073,3532,3499,0,0,0,0,0,0,0,0
东风风光,165,170,135,125,102,67,47,65,50,51,51,44
东风风度,86,76,67,64,92,78,60,39,51,80,74,67
东风风神,6461,8157,6691,5216,7144,4749,3214,3872,4230,4760,4728,3454
东风风行,3004,3747,3173,3142,3324,3569,1684,4572,3248,3886,2077,2001
丰田,131716,141415,127604,116818,135796,131592,87456,112140,98361,106470,129526,102536
乐道,17412,14142,17288,12686,8968,4195,2920,6222,7259,10678,11683,10890
九龙,3,7,3,1,1,0,0,2,1,1,2,3
云度,2,6,8,1,0,1,0,0,2,0,0,0
五十铃,1,1,5,3,8,15,3,24,35,1,9,10
五菱,73073,85754,105124,90745,55055,30183,27621,47622,40722,47821,46313,46304
享界,1866,2366,5458,5690,9377,5006,4637,2903,1875,3189,2821,1572
仰望,413,699,627,667,869,434,228,303,261,287,450,504
众泰,0,1,0,0,0,0,0,0,0,0,0,0
保时捷,3485,3400,2954,3824,4582,2513,1412,2131,2038,2588,2196,1931
兰博基尼,27,57,55,73,65,33,16,29,25,28,22,19
凌宝汽车,498,535,461,346,95,38,37,73,161,131,75,53
凯翼,1711,1859,1787,1626,1695,906,817,972,870,1670,1848,1611
凯迪拉克,7799,9018,9157,8584,10684,10731,7185,6737,5874,5957,6144,4520
创维汽车,157,163,102,189,252,136,41,44,45,34,111,103
别克,33409,37800,33165,32659,39961,37399,25241,25504,21208,26026,26872,21886
前途,0,0,0,0,1,0,0,0,0,0,0,0
力帆,4,0,0,10,2,0,0,0,0,0,2,0
劳斯莱斯,54,55,51,42,71,50,35,40,51,33,36,33
北京汽车,1737,1913,712,802,1245,949,644,985,590,620,1025,968
北京汽车制造厂,1365,1631,1268,1190,1407,1162,762,1131,1206,943,932,860
北京越野,11945,13136,11502,10833,12248,11180,7535,8222,7631,9345,13510,12578
华境,0,0,0,0,0,0,0,233,262,3027,5660,7160
华晨新日,0,0,0,0,0,0,0,0,2,0,0,0
华颂,0,0,0,2,0,0,0,0,0,0,0,0
合创,288,400,15,9,47,4,0,6,3,3,5,3
吉利,69499,74562,74720,67589,88764,83799,71878,62483,50419,55696,59831,52051
吉利银河,107404,123569,108276,101521,99184,35996,28756,62016,64842,72827,75304,70072
吉祥汽车,2,8,5,8,0,0,0,0,3,5,2,0
启境,0,0,0,0,0,0,0,0,0,0,404,775
启源,31226,35664,27238,26030,29246,13365,10908,27384,29162,28462,33243,32835
启辰,1652,1819,1492,1588,2312,838,595,1183,1145,1484,1498,540
哈弗,33456,35361,35068,28345,35543,32735,25652,24582,20972,21625,24746,19646
哪吒,138,50,24,32,36,56,23,15,13,18,27,7
国金,16,27,24,42,64,44,42,35,38,13,14,33
坦克,13208,17701,13095,15709,19047,9602,7575,10404,10753,10332,12102,11778
埃安,23479,25602,20812,23592,30933,15286,7640,22081,20804,20294,22488,22073
埃尚,0,0,45,239,270,89,74,167,424,367,364,261
大众,145750,159742,157150,133716,162342,159782,121764,103077,82097,90438,123571,89028
大运汽车,24,15,5,10,13,4,8,3,4,14,54,1
天际,0,0,0,1,0,0,0,1,0,0,0,1
天马,1,1,0,2,12,1,1,0,1,0,0,10
奇瑞,47858,51063,52599,43753,50242,49575,42176,26759,19955,22780,28707,22924
奇瑞QQ,0,0,0,0,0,740,676,1938,9421,9165,11268,11143
奔腾,12737,18759,19483,17129,7336,3990,3686,10817,9402,8748,8729,7239
奔驰,45316,53372,42844,38987,45760,45514,26278,34750,31975,34577,41826,31858
奥迪,41900,58214,52853,48480,64633,61509,35106,40047,29929,30552,36966,30205
威马,1,0,0,0,3,3,0,1,0,0,0,0
宏瑞,3,0,0,1,2,0,7,0,2,0,1,0
宝马,45086,53980,41804,48928,60514,54797,31688,38846,34500,35060,40293,32624
宝骏,5314,5306,5470,5086,3272,1702,1018,1853,1343,1095,1309,1232
宾利,143,168,154,164,190,152,112,134,104,119,99,84
富康,46,33,57,56,198,271,5,28,50,38,53,35
尊界,981,1928,1961,2133,4382,2632,883,803,1152,916,578,393
小米,36160,41854,48203,46153,49814,39101,20382,22318,36638,32937,34768,31254
小鹏,35302,38152,34696,29217,34459,15925,12675,21671,25329,25854,32212,25725
尚界,0,1916,6406,10531,7299,4375,2735,3172,4354,4780,10963,10809
岚图,13456,15341,12536,11128,16118,8205,5433,8654,10250,8072,11085,10451
广汽传祺,22087,22573,19919,17260,21802,21728,11963,13557,13626,13094,15169,14688
广汽昊铂,961,2013,1253,1035,1299,507,239,460,665,649,837,815
思皓,169,240,169,141,284,71,68,51,94,53,108,64
思铭,1,1,0,0,0,0,0,0,0,1,0,0
恒润,2,0,0,1,5,0,0,1,0,0,0,0
恒驰,3,2,3,0,0,0,0,0,0,0,0,0
捷尼赛思,67,45,66,42,60,73,36,70,59,52,65,41
捷豹,1928,1936,1760,1266,1308,1114,365,301,113,53,48,15
捷达,8337,9395,8691,7361,8508,8628,6554,6763,6254,6109,5908,5614
捷途,27956,29367,33084,24646,28274,24106,20000,16385,16134,17134,19802,16950
摩登汽车,7,4,1,1,0,0,0,2,0,0,0,0
敏安汽车,0,0,0,0,0,0,0,0,0,1,0,0
斯威,15,17,16,10,5,7,8,7,6,4,2,6
斯巴鲁,207,246,236,254,304,145,101,178,139,114,123,108
斯柯达,1332,1375,894,1269,1183,89,230,231,142,9,4,2
方程豹,14627,21754,28723,34021,47231,20715,13296,20754,19307,21780,27261,29427
日产,52994,50627,51485,40287,50164,49891,39435,29880,25593,28035,30393,24447
易至,991,1022,704,1034,524,134,138,433,458,277,324,589
星途,4488,4838,4169,3838,5865,3066,2325,2265,2109,2325,2104,1569
智己,4104,8320,9769,9361,11242,4934,3136,4769,6950,7473,5874,4840
智界,1723,6304,10176,11473,11888,4827,2351,2398,2406,2907,4951,10372
曹操,1201,1355,412,394,1126,599,366,636,279,305,232,218
朋克,1,3,4,4,2,1,4,2,3,1,3,2
本田,51330,54032,54297,50063,65370,53508,31047,32114,25154,30296,34183,24659
极氪,14829,14290,16452,23155,25797,19064,14637,23530,23030,27657,26617,25261
极狐,8998,14890,20111,20559,19535,7949,5451,15137,17207,15501,20600,23559
极石,297,102,28,47,52,27,11,16,8,13,27,26
极越,127,167,90,97,111,38,23,55,61,53,55,47
林肯,3144,3319,2930,2853,3566,2930,2073,2416,1829,1728,1829,1598
标致,1460,1450,1317,1344,1534,1438,888,966,673,797,752,602
梅赛德斯-迈巴赫,1048,872,628,1177,1282,1374,807,813,909,839,739,634
欧尚汽车,1438,958,864,1037,2211,1105,142,316,443,587,735,534
欧拉,3532,3649,3480,3486,4283,1466,1179,2489,2780,3738,4423,3535
比亚迪,278110,310270,257734,255643,262955,77272,69603,158422,152707,161548,177370,170247
江淮,138,210,113,85,94,46,25,24,42,40,30,18
江铃,0,0,1,0,2,0,0,1,3,0,0,0
沃尔沃,10799,11526,11622,11066,16107,10107,6304,9806,7970,7587,8283,6475
法拉利,53,43,46,47,32,74,39,51,61,40,47,44
海马,16,7,6,6,3,19,17,5,3,1,5,3
深蓝,17457,22025,22086,20246,22771,8908,6914,17350,21318,22745,25900,20802
潍柴,11,8,8,2,5,6,3,5,0,0,0,0
灵悉,286,190,109,116,354,103,68,205,150,99,104,152
爱驰,0,1,2,0,0,2,1,0,0,0,0,0
特斯拉,56871,70846,27373,72541,93220,19986,37990,54945,26333,47737,52100,27913
猎豹,38,11,64,34,7,31,14,58,31,31,11,6
猛士,754,1849,945,646,1302,742,268,426,406,495,658,2429
玛莎拉蒂,132,83,64,103,182,98,33,45,34,20,32,22
现代,9824,10119,10195,9322,11720,9205,7351,7478,5365,5848,7774,5397
理念,0,0,0,0,0,0,1,0,0,0,0,0
理想,28090,34378,31190,31994,42910,27472,25931,40271,33425,33012,31117,30302
瑞风,1050,1058,909,651,822,651,445,813,757,673,836,715
电动屋,10,6,0,4,8,2,10,0,1,0,0,0
百智,3,3,0,3,1,0,0,0,1,0,0,0
睿蓝,1164,1078,1238,1099,1191,317,174,639,761,614,797,677
知豆,183,238,193,91,24,4,5,21,24,12,7,10
示界,74,94,71,79,95,814,13,196,124,26,21,8
福特,9546,10098,9101,7960,10493,8549,6004,6136,4618,4798,5422,4126
红旗,29975,35743,36752,31210,45564,30985,23754,21358,17525,19150,23329,21844
纵横,0,0,0,0,0,0,0,198,206,242,564,158
腾势,9247,10217,7773,11952,15864,6189,4289,5084,9285,11865,15852,15236
英菲尼迪,128,147,169,127,135,122,62,59,46,60,44,46
荣威,16615,17971,17930,12691,11467,9356,9559,8693,11445,6734,5769,5553
莲花跑车,232,175,155,239,254,89,88,229,637,659,614,376
菲亚特,7,6,5,0,4,6,3,8,6,5,2,90
萤火虫,4302,5884,5519,6040,6920,3102,2575,5477,5612,6073,6381,6023
蓝电,1467,1481,1357,720,2775,964,602,530,492,467,571,386
蔚来,11459,14126,15603,17091,29572,22555,15406,22850,20570,18919,23357,21058
观致,0,4,0,1,0,1,1,2,3,0,0,0
赛力斯,0,0,0,0,0,1,0,0,0,0,0,0
起亚,2761,4122,3412,3729,6241,4011,3872,5042,5701,4875,5906,5896
路虎,3911,5290,2959,3639,4930,4159,2315,2690,2882,2890,5743,3030
迈克萨斯,1389,1336,1228,958,1577,922,532,764,720,682,816,679
迈凯伦,1,3,6,0,5,1,1,2,0,0,0,3
远航,15,22,17,17,15,3,31,1,6,3,6,0
道奇,1,4,2,1,3,5,2,1,2,1,2,0
鑫源,0,0,0,0,0,0,0,3,20,174,559,1081
钇为,362,490,468,343,171,60,24,53,79,67,106,56
铃木,322,404,353,269,220,229,125,269,160,74,50,74
长城,0,0,0,0,0,0,0,0,0,0,0,0
长安,48255,50565,49460,43711,49219,51143,44671,33793,30088,31901,33035,28595
长安凯程,869,989,972,699,419,529,435,641,482,397,387,399
阿尔法·罗密欧,40,36,29,30,32,16,3,14,8,5,4,6
阿斯顿马丁,22,35,23,22,35,27,20,16,21,12,21,21
阿维塔,8893,8061,11739,10784,10670,3360,2004,5565,4815,6175,4518,3592
雪佛兰,446,376,351,269,244,376,357,251,143,105,104,91
雪铁龙,1677,1474,1289,1158,1156,1287,957,932,951,891,782,636
零跑,48688,58798,50360,45665,56137,21473,16572,37571,49856,62989,70361,64409
雷丁,3,5,8,6,2,0,0,4,5,3,6,6
雷克萨斯,15274,15596,14796,14108,16958,15582,9517,13921,10606,10571,10339,10304
雷诺,2,12,2,1,2,0,0,0,3,4,2,1
雷诺江铃,1557,1599,1887,2543,917,102,125,301,443,452,415,412
领克,26502,29231,31068,32412,38000,19778,14317,17857,14538,15705,16986,15265
领汇,0,0,0,0,0,0,0,0,0,0,0,5612
领途,12,23,7,4,23,13,3,10,5,9,6,3
风云,18008,18627,18881,17734,18558,6071,5179,6491,8295,8512,8300,8309
飞凡,362,289,264,449,300,343,341,359,259,465,442,346
首望,0,15,0,0,0,0,0,0,0,0,0,0
马自达,4590,4302,5716,6236,5889,3847,2774,3157,2669,2776,2740,2336
骏驰,27,49,48,49,32,39,28,40,38,23,35,15
高合,3,4,5,2,15,5,8,3,1,0,14,1
魏牌,7553,12398,12392,12249,12652,5848,4959,7237,6778,6829,6446,7249
